{
  "label": "love",
  "dataset": {
    "0": {
      "x": 0.5307692307692308,
      "y": 0.9635036496350365
    },
    "1": {
      "x": 0.6846153846153846,
      "y": 0.8686131386861314
    },
    "2": {
      "x": 0.7923076923076923,
      "y": 0.6715328467153284
    },
    "3": {
      "x": 0.8692307692307693,
      "y": 0.5109489051094891
    },
    "4": {
      "x": 0.9615384615384616,
      "y": 0.40875912408759124
    },
    "5": {
      "x": 0.5384615384615384,
      "y": 0.48905109489051096
    },
    "6": {
      "x": 0.49230769230769234,
      "y": 0.2846715328467153
    },
    "7": {
      "x": 0.4461538461538462,
      "y": 0.145985401459854
    },
    "8": {
      "x": 0.4153846153846154,
      "y": 0.0364963503649635
    },
    "9": {
      "x": 0.4307692307692308,
      "y": 0.5255474452554745
    },
    "10": {
      "x": 0.3230769230769231,
      "y": 0.43795620437956206
    },
    "11": {
      "x": 0.3230769230769231,
      "y": 0.583941605839416
    },
    "12": {
      "x": 0.36153846153846153,
      "y": 0.7007299270072993
    },
    "13": {
      "x": 0.33076923076923076,
      "y": 0.5693430656934306
    },
    "14": {
      "x": 0.2230769230769231,
      "y": 0.48175182481751827
    },
    "15": {
      "x": 0.24615384615384617,
      "y": 0.6058394160583942
    },
    "16": {
      "x": 0.3,
      "y": 0.6934306569343066
    },
    "17": {
      "x": 0.26153846153846155,
      "y": 0.635036496350365
    },
    "18": {
      "x": 0.16153846153846155,
      "y": 0.5109489051094891
    },
    "19": {
      "x": 0.09230769230769231,
      "y": 0.45255474452554745
    },
    "20": {
      "x": 0.038461538461538464,
      "y": 0.38686131386861317
    }
  }
}