{
  "label": "love",
  "dataset": {
    "0": {
      "x": 0.573170731707317,
      "y": 0.9775784753363229
    },
    "1": {
      "x": 0.3861788617886179,
      "y": 0.9237668161434978
    },
    "2": {
      "x": 0.22764227642276422,
      "y": 0.7533632286995515
    },
    "3": {
      "x": 0.13008130081300814,
      "y": 0.5964125560538116
    },
    "4": {
      "x": 0.02032520325203252,
      "y": 0.48878923766816146
    },
    "5": {
      "x": 0.3861788617886179,
      "y": 0.5246636771300448
    },
    "6": {
      "x": 0.32113821138211385,
      "y": 0.28699551569506726
    },
    "7": {
      "x": 0.2926829268292683,
      "y": 0.14798206278026907
    },
    "8": {
      "x": 0.2682926829268293,
      "y": 0.02242152466367713
    },
    "9": {
      "x": 0.524390243902439,
      "y": 0.515695067264574
    },
    "10": {
      "x": 0.5121951219512195,
      "y": 0.47085201793721976
    },
    "11": {
      "x": 0.5,
      "y": 0.6771300448430493
    },
    "12": {
      "x": 0.4878048780487805,
      "y": 0.8116591928251121
    },
    "13": {
      "x": 0.6544715447154471,
      "y": 0.547085201793722
    },
    "14": {
      "x": 0.6666666666666666,
      "y": 0.4798206278026906
    },
    "15": {
      "x": 0.6341463414634146,
      "y": 0.6636771300448431
    },
    "16": {
      "x": 0.5975609756097561,
      "y": 0.7937219730941704
    },
    "17": {
      "x": 0.7682926829268293,
      "y": 0.5964125560538116
    },
    "18": {
      "x": 0.8536585365853658,
      "y": 0.452914798206278
    },
    "19": {
      "x": 0.926829268292683,
      "y": 0.3632286995515695
    },
    "20": {
      "x": 0.9796747967479674,
      "y": 0.26905829596412556
    }
  }
}