{
  "label": "love",
  "dataset": {
    "0": {
      "x": 0.36,
      "y": 0.8958333333333334
    },
    "1": {
      "x": 0.52,
      "y": 0.875
    },
    "2": {
      "x": 0.66,
      "y": 0.75
    },
    "3": {
      "x": 0.78,
      "y": 0.625
    },
    "4": {
      "x": 0.9,
      "y": 0.5625
    },
    "5": {
      "x": 0.52,
      "y": 0.5
    },
    "6": {
      "x": 0.58,
      "y": 0.3333333333333333
    },
    "7": {
      "x": 0.6,
      "y": 0.20833333333333334
    },
    "8": {
      "x": 0.62,
      "y": 0.10416666666666667
    },
    "9": {
      "x": 0.4,
      "y": 0.4791666666666667
    },
    "10": {
      "x": 0.38,
      "y": 0.375
    },
    "11": {
      "x": 0.36,
      "y": 0.5
    },
    "12": {
      "x": 0.38,
      "y": 0.625
    },
    "13": {
      "x": 0.3,
      "y": 0.5
    },
    "14": {
      "x": 0.26,
      "y": 0.3958333333333333
    },
    "15": {
      "x": 0.26,
      "y": 0.5208333333333334
    },
    "16": {
      "x": 0.28,
      "y": 0.625
    },
    "17": {
      "x": 0.2,
      "y": 0.5416666666666666
    },
    "18": {
      "x": 0.16,
      "y": 0.375
    },
    "19": {
      "x": 0.12,
      "y": 0.2916666666666667
    },
    "20": {
      "x": 0.1,
      "y": 0.1875
    }
  }
}