{
  "label": "love",
  "dataset": {
    "0": {
      "x": 0.8671328671328671,
      "y": 0.9744897959183674
    },
    "1": {
      "x": 0.5804195804195804,
      "y": 0.9540816326530612
    },
    "2": {
      "x": 0.32167832167832167,
      "y": 0.7908163265306123
    },
    "3": {
      "x": 0.18181818181818182,
      "y": 0.6326530612244898
    },
    "4": {
      "x": 0.03496503496503497,
      "y": 0.5255102040816326
    },
    "5": {
      "x": 0.48951048951048953,
      "y": 0.5561224489795918
    },
    "6": {
      "x": 0.40559440559440557,
      "y": 0.3112244897959184
    },
    "7": {
      "x": 0.36363636363636365,
      "y": 0.15816326530612246
    },
    "8": {
      "x": 0.3076923076923077,
      "y": 0.025510204081632654
    },
    "9": {
      "x": 0.6503496503496503,
      "y": 0.5408163265306123
    },
    "10": {
      "x": 0.6573426573426573,
      "y": 0.4387755102040816
    },
    "11": {
      "x": 0.7062937062937062,
      "y": 0.6071428571428571
    },
    "12": {
      "x": 0.7272727272727273,
      "y": 0.75
    },
    "13": {
      "x": 0.8041958041958042,
      "y": 0.5408163265306123
    },
    "14": {
      "x": 0.8251748251748252,
      "y": 0.45918367346938777
    },
    "15": {
      "x": 0.8531468531468531,
      "y": 0.6122448979591837
    },
    "16": {
      "x": 0.8391608391608392,
      "y": 0.7295918367346939
    },
    "17": {
      "x": 0.965034965034965,
      "y": 0.5561224489795918
    },
    "18": {
      "x": 0.9230769230769231,
      "y": 0.37244897959183676
    },
    "19": {
      "x": 0.9020979020979021,
      "y": 0.25510204081632654
    },
    "20": {
      "x": 0.8811188811188811,
      "y": 0.1377551020408163
    }
  }
}