{
  "label": "love",
  "dataset": {
    "0": {
      "x": 0.16260162601626016,
      "y": 0.9725274725274725
    },
    "1": {
      "x": 0.43089430894308944,
      "y": 0.9560439560439561
    },
    "2": {
      "x": 0.6829268292682927,
      "y": 0.7637362637362637
    },
    "3": {
      "x": 0.8211382113821138,
      "y": 0.5714285714285714
    },
    "4": {
      "x": 0.959349593495935,
      "y": 0.45604395604395603
    },
    "5": {
      "x": 0.4796747967479675,
      "y": 0.5439560439560439
    },
    "6": {
      "x": 0.45528455284552843,
      "y": 0.31868131868131866
    },
    "7": {
      "x": 0.44715447154471544,
      "y": 0.16483516483516483
    },
    "8": {
      "x": 0.43902439024390244,
      "y": 0.027472527472527472
    },
    "9": {
      "x": 0.3333333333333333,
      "y": 0.5384615384615384
    },
    "10": {
      "x": 0.16260162601626016,
      "y": 0.46153846153846156
    },
    "11": {
      "x": 0.13821138211382114,
      "y": 0.6373626373626373
    },
    "12": {
      "x": 0.15447154471544716,
      "y": 0.7527472527472527
    },
    "13": {
      "x": 0.1951219512195122,
      "y": 0.5439560439560439
    },
    "14": {
      "x": 0.04878048780487805,
      "y": 0.4835164835164835
    },
    "15": {
      "x": 0.06504065040650407,
      "y": 0.6373626373626373
    },
    "16": {
      "x": 0.0975609756097561,
      "y": 0.7472527472527473
    },
    "17": {
      "x": 0.08130081300813008,
      "y": 0.554945054945055
    },
    "18": {
      "x": 0.04878048780487805,
      "y": 0.36813186813186816
    },
    "19": {
      "x": 0.04065040650406504,
      "y": 0.2692307692307692
    },
    "20": {
      "x": 0.04065040650406504,
      "y": 0.17582417582417584
    }
  }
}