{
  "label": "love",
  "dataset": {
    "0": {
      "x": 0.47876447876447875,
      "y": 0.9777777777777777
    },
    "1": {
      "x": 0.3166023166023166,
      "y": 0.9111111111111111
    },
    "2": {
      "x": 0.18532818532818532,
      "y": 0.7288888888888889
    },
    "3": {
      "x": 0.11196911196911197,
      "y": 0.5733333333333334
    },
    "4": {
      "x": 0.019305019305019305,
      "y": 0.4622222222222222
    },
    "5": {
      "x": 0.38223938223938225,
      "y": 0.5288888888888889
    },
    "6": {
      "x": 0.3745173745173745,
      "y": 0.28888888888888886
    },
    "7": {
      "x": 0.37065637065637064,
      "y": 0.1511111111111111
    },
    "8": {
      "x": 0.3783783783783784,
      "y": 0.022222222222222223
    },
    "9": {
      "x": 0.5173745173745173,
      "y": 0.5377777777777778
    },
    "10": {
      "x": 0.555984555984556,
      "y": 0.5022222222222222
    },
    "11": {
      "x": 0.525096525096525,
      "y": 0.7022222222222222
    },
    "12": {
      "x": 0.49034749034749037,
      "y": 0.8444444444444444
    },
    "13": {
      "x": 0.6332046332046332,
      "y": 0.5822222222222222
    },
    "14": {
      "x": 0.7027027027027027,
      "y": 0.52
    },
    "15": {
      "x": 0.6640926640926641,
      "y": 0.68
    },
    "16": {
      "x": 0.6216216216216216,
      "y": 0.7955555555555556
    },
    "17": {
      "x": 0.7297297297297297,
      "y": 0.64
    },
    "18": {
      "x": 0.8378378378378378,
      "y": 0.52
    },
    "19": {
      "x": 0.915057915057915,
      "y": 0.4488888888888889
    },
    "20": {
      "x": 0.9806949806949807,
      "y": 0.3688888888888889
    }
  }
}