{
  "label": "love",
  "dataset": {
    "0": {
      "x": 0.7882882882882883,
      "y": 0.9789915966386554
    },
    "1": {
      "x": 0.8918918918918919,
      "y": 0.8403361344537815
    },
    "2": {
      "x": 0.9054054054054054,
      "y": 0.6260504201680672
    },
    "3": {
      "x": 0.918918918918919,
      "y": 0.4369747899159664
    },
    "4": {
      "x": 0.9774774774774775,
      "y": 0.3025210084033613
    },
    "5": {
      "x": 0.6351351351351351,
      "y": 0.49159663865546216
    },
    "6": {
      "x": 0.5585585585585585,
      "y": 0.2815126050420168
    },
    "7": {
      "x": 0.5045045045045045,
      "y": 0.13445378151260504
    },
    "8": {
      "x": 0.45495495495495497,
      "y": 0.02100840336134454
    },
    "9": {
      "x": 0.5225225225225225,
      "y": 0.5672268907563025
    },
    "10": {
      "x": 0.4144144144144144,
      "y": 0.4957983193277311
    },
    "11": {
      "x": 0.5045045045045045,
      "y": 0.6386554621848739
    },
    "12": {
      "x": 0.5900900900900901,
      "y": 0.7310924369747899
    },
    "13": {
      "x": 0.4369369369369369,
      "y": 0.6554621848739496
    },
    "14": {
      "x": 0.32882882882882886,
      "y": 0.6134453781512605
    },
    "15": {
      "x": 0.43243243243243246,
      "y": 0.7142857142857143
    },
    "16": {
      "x": 0.527027027027027,
      "y": 0.7773109243697479
    },
    "17": {
      "x": 0.3783783783783784,
      "y": 0.7478991596638656
    },
    "18": {
      "x": 0.22072072072072071,
      "y": 0.6680672268907563
    },
    "19": {
      "x": 0.11711711711711711,
      "y": 0.6260504201680672
    },
    "20": {
      "x": 0.02252252252252252,
      "y": 0.5672268907563025
    }
  }
}