{
  "label": "love",
  "dataset": {
    "0": {
      "x": 0.602510460251046,
      "y": 0.9799196787148594
    },
    "1": {
      "x": 0.39748953974895396,
      "y": 0.9196787148594378
    },
    "2": {
      "x": 0.2301255230125523,
      "y": 0.7429718875502008
    },
    "3": {
      "x": 0.1297071129707113,
      "y": 0.5903614457831325
    },
    "4": {
      "x": 0.02092050209205021,
      "y": 0.4939759036144578
    },
    "5": {
      "x": 0.39748953974895396,
      "y": 0.4979919678714859
    },
    "6": {
      "x": 0.3472803347280335,
      "y": 0.26506024096385544
    },
    "7": {
      "x": 0.3179916317991632,
      "y": 0.13654618473895583
    },
    "8": {
      "x": 0.3054393305439331,
      "y": 0.020080321285140562
    },
    "9": {
      "x": 0.5397489539748954,
      "y": 0.4939759036144578
    },
    "10": {
      "x": 0.5439330543933054,
      "y": 0.3815261044176707
    },
    "11": {
      "x": 0.5313807531380753,
      "y": 0.5662650602409639
    },
    "12": {
      "x": 0.5188284518828452,
      "y": 0.7068273092369478
    },
    "13": {
      "x": 0.6778242677824268,
      "y": 0.5220883534136547
    },
    "14": {
      "x": 0.7071129707112971,
      "y": 0.39759036144578314
    },
    "15": {
      "x": 0.6736401673640168,
      "y": 0.5421686746987951
    },
    "16": {
      "x": 0.6401673640167364,
      "y": 0.6546184738955824
    },
    "17": {
      "x": 0.803347280334728,
      "y": 0.570281124497992
    },
    "18": {
      "x": 0.8870292887029289,
      "y": 0.42168674698795183
    },
    "19": {
      "x": 0.9372384937238494,
      "y": 0.3293172690763052
    },
    "20": {
      "x": 0.9790794979079498,
      "y": 0.2289156626506024
    }
  }
}