{
  "label": "love",
  "dataset": {
    "0": {
      "x": 0.7839195979899497,
      "y": 0.9771689497716894
    },
    "1": {
      "x": 0.542713567839196,
      "y": 0.9315068493150684
    },
    "2": {
      "x": 0.3316582914572864,
      "y": 0.8036529680365296
    },
    "3": {
      "x": 0.1658291457286432,
      "y": 0.7077625570776256
    },
    "4": {
      "x": 0.02512562814070352,
      "y": 0.6484018264840182
    },
    "5": {
      "x": 0.5376884422110553,
      "y": 0.4885844748858447
    },
    "6": {
      "x": 0.507537688442211,
      "y": 0.2602739726027397
    },
    "7": {
      "x": 0.5025125628140703,
      "y": 0.1324200913242009
    },
    "8": {
      "x": 0.5025125628140703,
      "y": 0.0228310502283105
    },
    "9": {
      "x": 0.6633165829145728,
      "y": 0.4794520547945205
    },
    "10": {
      "x": 0.6180904522613065,
      "y": 0.3424657534246575
    },
    "11": {
      "x": 0.5829145728643216,
      "y": 0.502283105022831
    },
    "12": {
      "x": 0.5678391959798995,
      "y": 0.634703196347032
    },
    "13": {
      "x": 0.7939698492462312,
      "y": 0.4840182648401826
    },
    "14": {
      "x": 0.7688442211055276,
      "y": 0.3059360730593607
    },
    "15": {
      "x": 0.7185929648241206,
      "y": 0.4292237442922374
    },
    "16": {
      "x": 0.678391959798995,
      "y": 0.54337899543379
    },
    "17": {
      "x": 0.9246231155778895,
      "y": 0.5068493150684932
    },
    "18": {
      "x": 0.9748743718592965,
      "y": 0.3333333333333333
    },
    "19": {
      "x": 0.9698492462311558,
      "y": 0.2237442922374429
    },
    "20": {
      "x": 0.949748743718593,
      "y": 0.1187214611872146
    }
  }
}