{
  "label": "love",
  "dataset": {
    "0": {
      "x": 0.7227722772277227,
      "y": 0.9576271186440678
    },
    "1": {
      "x": 0.5148514851485149,
      "y": 0.923728813559322
    },
    "2": {
      "x": 0.2871287128712871,
      "y": 0.7372881355932204
    },
    "3": {
      "x": 0.16831683168316833,
      "y": 0.5847457627118644
    },
    "4": {
      "x": 0.04950495049504951,
      "y": 0.4830508474576271
    },
    "5": {
      "x": 0.38613861386138615,
      "y": 0.5169491525423728
    },
    "6": {
      "x": 0.3069306930693069,
      "y": 0.2966101694915254
    },
    "7": {
      "x": 0.24752475247524752,
      "y": 0.16101694915254236
    },
    "8": {
      "x": 0.19801980198019803,
      "y": 0.0423728813559322
    },
    "9": {
      "x": 0.5544554455445545,
      "y": 0.4830508474576271
    },
    "10": {
      "x": 0.48514851485148514,
      "y": 0.4491525423728814
    },
    "11": {
      "x": 0.4752475247524752,
      "y": 0.6440677966101694
    },
    "12": {
      "x": 0.49504950495049505,
      "y": 0.788135593220339
    },
    "13": {
      "x": 0.7227722772277227,
      "y": 0.4915254237288136
    },
    "14": {
      "x": 0.6732673267326733,
      "y": 0.4491525423728814
    },
    "15": {
      "x": 0.6336633663366337,
      "y": 0.635593220338983
    },
    "16": {
      "x": 0.6039603960396039,
      "y": 0.7796610169491526
    },
    "17": {
      "x": 0.8910891089108911,
      "y": 0.5254237288135594
    },
    "18": {
      "x": 0.9207920792079208,
      "y": 0.3559322033898305
    },
    "19": {
      "x": 0.9405940594059405,
      "y": 0.2542372881355932
    },
    "20": {
      "x": 0.9504950495049505,
      "y": 0.1440677966101695
    }
  }
}