{
  "label": "love",
  "dataset": {
    "0": {
      "x": 0.043478260869565216,
      "y": 0.9612403100775194
    },
    "1": {
      "x": 0.28695652173913044,
      "y": 0.9612403100775194
    },
    "2": {
      "x": 0.5391304347826087,
      "y": 0.8914728682170543
    },
    "3": {
      "x": 0.7217391304347827,
      "y": 0.7906976744186046
    },
    "4": {
      "x": 0.9043478260869565,
      "y": 0.7441860465116279
    },
    "5": {
      "x": 0.6260869565217392,
      "y": 0.5581395348837209
    },
    "6": {
      "x": 0.782608695652174,
      "y": 0.3643410852713178
    },
    "7": {
      "x": 0.8869565217391304,
      "y": 0.2248062015503876
    },
    "8": {
      "x": 0.9565217391304348,
      "y": 0.10077519379844961
    },
    "9": {
      "x": 0.4434782608695652,
      "y": 0.4728682170542636
    },
    "10": {
      "x": 0.5478260869565217,
      "y": 0.37209302325581395
    },
    "11": {
      "x": 0.4260869565217391,
      "y": 0.6046511627906976
    },
    "12": {
      "x": 0.3391304347826087,
      "y": 0.7131782945736435
    },
    "13": {
      "x": 0.25217391304347825,
      "y": 0.4418604651162791
    },
    "14": {
      "x": 0.30434782608695654,
      "y": 0.3798449612403101
    },
    "15": {
      "x": 0.23478260869565218,
      "y": 0.5968992248062015
    },
    "16": {
      "x": 0.2,
      "y": 0.6821705426356589
    },
    "17": {
      "x": 0.05217391304347826,
      "y": 0.4263565891472868
    },
    "18": {
      "x": 0.06956521739130435,
      "y": 0.2248062015503876
    },
    "19": {
      "x": 0.09565217391304348,
      "y": 0.15503875968992248
    },
    "20": {
      "x": 0.1391304347826087,
      "y": 0.03875968992248062
    }
  }
}