{
  "label": "love",
  "dataset": {
    "0": {
      "x": 0.6769911504424779,
      "y": 0.9788135593220338
    },
    "1": {
      "x": 0.827433628318584,
      "y": 0.8432203389830508
    },
    "2": {
      "x": 0.9026548672566371,
      "y": 0.614406779661017
    },
    "3": {
      "x": 0.915929203539823,
      "y": 0.4152542372881356
    },
    "4": {
      "x": 0.9778761061946902,
      "y": 0.2627118644067797
    },
    "5": {
      "x": 0.6637168141592921,
      "y": 0.4703389830508475
    },
    "6": {
      "x": 0.6592920353982301,
      "y": 0.2754237288135593
    },
    "7": {
      "x": 0.6504424778761062,
      "y": 0.1440677966101695
    },
    "8": {
      "x": 0.6371681415929203,
      "y": 0.0211864406779661
    },
    "9": {
      "x": 0.5309734513274337,
      "y": 0.5042372881355932
    },
    "10": {
      "x": 0.48672566371681414,
      "y": 0.3898305084745763
    },
    "11": {
      "x": 0.5575221238938053,
      "y": 0.5677966101694916
    },
    "12": {
      "x": 0.6106194690265486,
      "y": 0.6991525423728814
    },
    "13": {
      "x": 0.42035398230088494,
      "y": 0.5635593220338984
    },
    "14": {
      "x": 0.3584070796460177,
      "y": 0.4788135593220339
    },
    "15": {
      "x": 0.46017699115044247,
      "y": 0.6271186440677966
    },
    "16": {
      "x": 0.5442477876106194,
      "y": 0.7372881355932204
    },
    "17": {
      "x": 0.3274336283185841,
      "y": 0.6398305084745762
    },
    "18": {
      "x": 0.19469026548672566,
      "y": 0.5042372881355932
    },
    "19": {
      "x": 0.10619469026548672,
      "y": 0.4194915254237288
    },
    "20": {
      "x": 0.022123893805309734,
      "y": 0.3220338983050847
    }
  }
}