{
  "label": "love",
  "dataset": {
    "0": {
      "x": 0.8468468468468469,
      "y": 0.9787234042553191
    },
    "1": {
      "x": 0.9774774774774775,
      "y": 0.7659574468085106
    },
    "2": {
      "x": 0.9774774774774775,
      "y": 0.5063829787234042
    },
    "3": {
      "x": 0.9054054054054054,
      "y": 0.3276595744680851
    },
    "4": {
      "x": 0.9099099099099099,
      "y": 0.2
    },
    "5": {
      "x": 0.6621621621621622,
      "y": 0.4553191489361702
    },
    "6": {
      "x": 0.536036036036036,
      "y": 0.2425531914893617
    },
    "7": {
      "x": 0.44594594594594594,
      "y": 0.1276595744680851
    },
    "8": {
      "x": 0.36936936936936937,
      "y": 0.02127659574468085
    },
    "9": {
      "x": 0.545045045045045,
      "y": 0.548936170212766
    },
    "10": {
      "x": 0.4144144144144144,
      "y": 0.40425531914893614
    },
    "11": {
      "x": 0.5405405405405406,
      "y": 0.5361702127659574
    },
    "12": {
      "x": 0.6576576576576577,
      "y": 0.6510638297872341
    },
    "13": {
      "x": 0.4594594594594595,
      "y": 0.6553191489361702
    },
    "14": {
      "x": 0.34684684684684686,
      "y": 0.5446808510638298
    },
    "15": {
      "x": 0.4954954954954955,
      "y": 0.6553191489361702
    },
    "16": {
      "x": 0.6126126126126126,
      "y": 0.7319148936170212
    },
    "17": {
      "x": 0.3783783783783784,
      "y": 0.7659574468085106
    },
    "18": {
      "x": 0.20270270270270271,
      "y": 0.6595744680851063
    },
    "19": {
      "x": 0.11261261261261261,
      "y": 0.5914893617021276
    },
    "20": {
      "x": 0.02252252252252252,
      "y": 0.5063829787234042
    }
  }
}