{
  "label": "love",
  "dataset": {
    "0": {
      "x": 0.9166666666666666,
      "y": 0.4461538461538462
    },
    "1": {
      "x": 0.8666666666666667,
      "y": 0.6
    },
    "2": {
      "x": 0.7333333333333333,
      "y": 0.7230769230769231
    },
    "3": {
      "x": 0.65,
      "y": 0.8307692307692308
    },
    "4": {
      "x": 0.6,
      "y": 0.9230769230769231
    },
    "5": {
      "x": 0.55,
      "y": 0.5538461538461539
    },
    "6": {
      "x": 0.35,
      "y": 0.6153846153846154
    },
    "7": {
      "x": 0.2,
      "y": 0.6615384615384615
    },
    "8": {
      "x": 0.08333333333333333,
      "y": 0.6923076923076923
    },
    "9": {
      "x": 0.5333333333333333,
      "y": 0.4461538461538462
    },
    "10": {
      "x": 0.35,
      "y": 0.4461538461538462
    },
    "11": {
      "x": 0.38333333333333336,
      "y": 0.4461538461538462
    },
    "12": {
      "x": 0.43333333333333335,
      "y": 0.4461538461538462
    },
    "13": {
      "x": 0.55,
      "y": 0.3384615384615385
    },
    "14": {
      "x": 0.38333333333333336,
      "y": 0.3230769230769231
    },
    "15": {
      "x": 0.35,
      "y": 0.3230769230769231
    },
    "16": {
      "x": 0.35,
      "y": 0.3076923076923077
    },
    "17": {
      "x": 0.6166666666666667,
      "y": 0.26153846153846155
    },
    "18": {
      "x": 0.5166666666666667,
      "y": 0.16923076923076924
    },
    "19": {
      "x": 0.4666666666666667,
      "y": 0.12307692307692308
    },
    "20": {
      "x": 0.43333333333333335,
      "y": 0.07692307692307693
    }
  }
}