{
  "label": "love",
  "dataset": {
    "0": {
      "x": 0.6666666666666666,
      "y": 0.9823321554770318
    },
    "1": {
      "x": 0.4398148148148148,
      "y": 0.9151943462897526
    },
    "2": {
      "x": 0.2638888888888889,
      "y": 0.7137809187279152
    },
    "3": {
      "x": 0.1527777777777778,
      "y": 0.5901060070671378
    },
    "4": {
      "x": 0.023148148148148147,
      "y": 0.5265017667844523
    },
    "5": {
      "x": 0.4583333333333333,
      "y": 0.5123674911660777
    },
    "6": {
      "x": 0.38425925925925924,
      "y": 0.2826855123674912
    },
    "7": {
      "x": 0.3425925925925926,
      "y": 0.14487632508833923
    },
    "8": {
      "x": 0.3101851851851852,
      "y": 0.0176678445229682
    },
    "9": {
      "x": 0.6064814814814815,
      "y": 0.5229681978798587
    },
    "10": {
      "x": 0.5972222222222222,
      "y": 0.42402826855123676
    },
    "11": {
      "x": 0.5648148148148148,
      "y": 0.6007067137809188
    },
    "12": {
      "x": 0.5462962962962963,
      "y": 0.7243816254416962
    },
    "13": {
      "x": 0.7453703703703703,
      "y": 0.558303886925795
    },
    "14": {
      "x": 0.7592592592592593,
      "y": 0.49469964664310956
    },
    "15": {
      "x": 0.6851851851851852,
      "y": 0.657243816254417
    },
    "16": {
      "x": 0.625,
      "y": 0.7597173144876325
    },
    "17": {
      "x": 0.8888888888888888,
      "y": 0.6042402826855123
    },
    "18": {
      "x": 0.9259259259259259,
      "y": 0.4169611307420495
    },
    "19": {
      "x": 0.9490740740740741,
      "y": 0.28975265017667845
    },
    "20": {
      "x": 0.9768518518518519,
      "y": 0.16607773851590105
    }
  }
}