{
  "label": "love",
  "dataset": {
    "0": {
      "x": 0.8352272727272727,
      "y": 0.9769585253456221
    },
    "1": {
      "x": 0.5795454545454546,
      "y": 0.9262672811059908
    },
    "2": {
      "x": 0.32954545454545453,
      "y": 0.7880184331797235
    },
    "3": {
      "x": 0.16477272727272727,
      "y": 0.6912442396313364
    },
    "4": {
      "x": 0.028409090909090908,
      "y": 0.631336405529954
    },
    "5": {
      "x": 0.5568181818181818,
      "y": 0.4930875576036866
    },
    "6": {
      "x": 0.4772727272727273,
      "y": 0.2672811059907834
    },
    "7": {
      "x": 0.4318181818181818,
      "y": 0.1382488479262673
    },
    "8": {
      "x": 0.3806818181818182,
      "y": 0.02304147465437788
    },
    "9": {
      "x": 0.6875,
      "y": 0.4700460829493088
    },
    "10": {
      "x": 0.5340909090909091,
      "y": 0.35944700460829493
    },
    "11": {
      "x": 0.5170454545454546,
      "y": 0.5483870967741935
    },
    "12": {
      "x": 0.5454545454545454,
      "y": 0.7004608294930875
    },
    "13": {
      "x": 0.8181818181818182,
      "y": 0.4608294930875576
    },
    "14": {
      "x": 0.6931818181818182,
      "y": 0.30414746543778803
    },
    "15": {
      "x": 0.6306818181818182,
      "y": 0.4700460829493088
    },
    "16": {
      "x": 0.6193181818181818,
      "y": 0.6082949308755761
    },
    "17": {
      "x": 0.9659090909090909,
      "y": 0.4608294930875576
    },
    "18": {
      "x": 0.9715909090909091,
      "y": 0.271889400921659
    },
    "19": {
      "x": 0.9090909090909091,
      "y": 0.16589861751152074
    },
    "20": {
      "x": 0.8465909090909091,
      "y": 0.06451612903225806
    }
  }
}