{
  "label": "love",
  "dataset": {
    "0": {
      "x": 0.43243243243243246,
      "y": 0.9860724233983287
    },
    "1": {
      "x": 0.2668918918918919,
      "y": 0.7883008356545961
    },
    "2": {
      "x": 0.21283783783783783,
      "y": 0.6128133704735376
    },
    "3": {
      "x": 0.12837837837837837,
      "y": 0.44846796657381616
    },
    "4": {
      "x": 0.016891891891891893,
      "y": 0.34540389972144847
    },
    "5": {
      "x": 0.42905405405405406,
      "y": 0.4735376044568245
    },
    "6": {
      "x": 0.4358108108108108,
      "y": 0.2646239554317549
    },
    "7": {
      "x": 0.44594594594594594,
      "y": 0.11977715877437325
    },
    "8": {
      "x": 0.46283783783783783,
      "y": 0.013927576601671309
    },
    "9": {
      "x": 0.5506756756756757,
      "y": 0.5069637883008357
    },
    "10": {
      "x": 0.5709459459459459,
      "y": 0.40668523676880225
    },
    "11": {
      "x": 0.4864864864864865,
      "y": 0.5821727019498607
    },
    "12": {
      "x": 0.44256756756756754,
      "y": 0.6350974930362117
    },
    "13": {
      "x": 0.6587837837837838,
      "y": 0.5654596100278552
    },
    "14": {
      "x": 0.7094594594594594,
      "y": 0.4735376044568245
    },
    "15": {
      "x": 0.597972972972973,
      "y": 0.6211699164345403
    },
    "16": {
      "x": 0.527027027027027,
      "y": 0.7019498607242339
    },
    "17": {
      "x": 0.7702702702702703,
      "y": 0.649025069637883
    },
    "18": {
      "x": 0.8648648648648649,
      "y": 0.5069637883008357
    },
    "19": {
      "x": 0.9155405405405406,
      "y": 0.4233983286908078
    },
    "20": {
      "x": 0.9831081081081081,
      "y": 0.3286908077994429
    }
  }
}