{
  "label": "love",
  "dataset": {
    "0": {
      "x": 0.2857142857142857,
      "y": 0.957983193277311
    },
    "1": {
      "x": 0.4897959183673469,
      "y": 0.8907563025210085
    },
    "2": {
      "x": 0.673469387755102,
      "y": 0.7478991596638656
    },
    "3": {
      "x": 0.8163265306122449,
      "y": 0.6134453781512605
    },
    "4": {
      "x": 0.9489795918367347,
      "y": 0.5294117647058824
    },
    "5": {
      "x": 0.5612244897959183,
      "y": 0.5042016806722689
    },
    "6": {
      "x": 0.6224489795918368,
      "y": 0.31092436974789917
    },
    "7": {
      "x": 0.6530612244897959,
      "y": 0.16806722689075632
    },
    "8": {
      "x": 0.6632653061224489,
      "y": 0.04201680672268908
    },
    "9": {
      "x": 0.41836734693877553,
      "y": 0.5042016806722689
    },
    "10": {
      "x": 0.3469387755102041,
      "y": 0.40336134453781514
    },
    "11": {
      "x": 0.3469387755102041,
      "y": 0.5714285714285714
    },
    "12": {
      "x": 0.35714285714285715,
      "y": 0.6890756302521008
    },
    "13": {
      "x": 0.2857142857142857,
      "y": 0.5294117647058824
    },
    "14": {
      "x": 0.21428571428571427,
      "y": 0.4369747899159664
    },
    "15": {
      "x": 0.24489795918367346,
      "y": 0.5966386554621849
    },
    "16": {
      "x": 0.2857142857142857,
      "y": 0.7058823529411765
    },
    "17": {
      "x": 0.15306122448979592,
      "y": 0.5630252100840336
    },
    "18": {
      "x": 0.12244897959183673,
      "y": 0.4117647058823529
    },
    "19": {
      "x": 0.07142857142857142,
      "y": 0.3277310924369748
    },
    "20": {
      "x": 0.05102040816326531,
      "y": 0.226890756302521
    }
  }
}