{
  "label": "love",
  "dataset": {
    "0": {
      "x": 0.36254980079681276,
      "y": 0.9806949806949807
    },
    "1": {
      "x": 0.18326693227091634,
      "y": 0.8301158301158301
    },
    "2": {
      "x": 0.09561752988047809,
      "y": 0.5868725868725869
    },
    "3": {
      "x": 0.06772908366533864,
      "y": 0.4015444015444015
    },
    "4": {
      "x": 0.0199203187250996,
      "y": 0.2702702702702703
    },
    "5": {
      "x": 0.3944223107569721,
      "y": 0.4517374517374517
    },
    "6": {
      "x": 0.47808764940239046,
      "y": 0.25868725868725867
    },
    "7": {
      "x": 0.5298804780876494,
      "y": 0.13127413127413126
    },
    "8": {
      "x": 0.5697211155378487,
      "y": 0.019305019305019305
    },
    "9": {
      "x": 0.5219123505976095,
      "y": 0.5057915057915058
    },
    "10": {
      "x": 0.6055776892430279,
      "y": 0.38996138996138996
    },
    "11": {
      "x": 0.5338645418326693,
      "y": 0.5135135135135135
    },
    "12": {
      "x": 0.4541832669322709,
      "y": 0.6254826254826255
    },
    "13": {
      "x": 0.6334661354581673,
      "y": 0.5752895752895753
    },
    "14": {
      "x": 0.7051792828685259,
      "y": 0.4749034749034749
    },
    "15": {
      "x": 0.6135458167330677,
      "y": 0.5945945945945946
    },
    "16": {
      "x": 0.5258964143426295,
      "y": 0.694980694980695
    },
    "17": {
      "x": 0.7250996015936255,
      "y": 0.667953667953668
    },
    "18": {
      "x": 0.8406374501992032,
      "y": 0.525096525096525
    },
    "19": {
      "x": 0.9123505976095617,
      "y": 0.42857142857142855
    },
    "20": {
      "x": 0.9800796812749004,
      "y": 0.3359073359073359
    }
  }
}