{
  "label": "love",
  "dataset": {
    "0": {
      "x": 0.5435540069686411,
      "y": 0.9816176470588235
    },
    "1": {
      "x": 0.6829268292682927,
      "y": 0.8014705882352942
    },
    "2": {
      "x": 0.7700348432055749,
      "y": 0.6102941176470589
    },
    "3": {
      "x": 0.867595818815331,
      "y": 0.4411764705882353
    },
    "4": {
      "x": 0.9825783972125436,
      "y": 0.36764705882352944
    },
    "5": {
      "x": 0.5609756097560976,
      "y": 0.4742647058823529
    },
    "6": {
      "x": 0.5017421602787456,
      "y": 0.2647058823529412
    },
    "7": {
      "x": 0.445993031358885,
      "y": 0.125
    },
    "8": {
      "x": 0.39372822299651566,
      "y": 0.01838235294117647
    },
    "9": {
      "x": 0.4529616724738676,
      "y": 0.5220588235294118
    },
    "10": {
      "x": 0.37282229965156793,
      "y": 0.41911764705882354
    },
    "11": {
      "x": 0.45993031358885017,
      "y": 0.5882352941176471
    },
    "12": {
      "x": 0.5331010452961672,
      "y": 0.6948529411764706
    },
    "13": {
      "x": 0.3588850174216028,
      "y": 0.5919117647058824
    },
    "14": {
      "x": 0.2926829268292683,
      "y": 0.4889705882352941
    },
    "15": {
      "x": 0.40069686411149824,
      "y": 0.6360294117647058
    },
    "16": {
      "x": 0.4808362369337979,
      "y": 0.7426470588235294
    },
    "17": {
      "x": 0.2682926829268293,
      "y": 0.6727941176470589
    },
    "18": {
      "x": 0.14982578397212543,
      "y": 0.5330882352941176
    },
    "19": {
      "x": 0.08013937282229965,
      "y": 0.45588235294117646
    },
    "20": {
      "x": 0.017421602787456445,
      "y": 0.35661764705882354
    }
  }
}