{
  "label": "love",
  "dataset": {
    "0": {
      "x": 0.44841269841269843,
      "y": 0.9806201550387597
    },
    "1": {
      "x": 0.28174603174603174,
      "y": 0.8992248062015504
    },
    "2": {
      "x": 0.15476190476190477,
      "y": 0.7209302325581395
    },
    "3": {
      "x": 0.09523809523809523,
      "y": 0.5581395348837209
    },
    "4": {
      "x": 0.01984126984126984,
      "y": 0.43410852713178294
    },
    "5": {
      "x": 0.3531746031746032,
      "y": 0.5
    },
    "6": {
      "x": 0.3412698412698413,
      "y": 0.26744186046511625
    },
    "7": {
      "x": 0.3373015873015873,
      "y": 0.13565891472868216
    },
    "8": {
      "x": 0.3531746031746032,
      "y": 0.01937984496124031
    },
    "9": {
      "x": 0.49603174603174605,
      "y": 0.5155038759689923
    },
    "10": {
      "x": 0.5634920634920635,
      "y": 0.4069767441860465
    },
    "11": {
      "x": 0.5357142857142857,
      "y": 0.5891472868217055
    },
    "12": {
      "x": 0.5,
      "y": 0.7170542635658915
    },
    "13": {
      "x": 0.623015873015873,
      "y": 0.5581395348837209
    },
    "14": {
      "x": 0.7023809523809523,
      "y": 0.44573643410852715
    },
    "15": {
      "x": 0.6626984126984127,
      "y": 0.5891472868217055
    },
    "16": {
      "x": 0.6150793650793651,
      "y": 0.6937984496124031
    },
    "17": {
      "x": 0.7301587301587301,
      "y": 0.6162790697674418
    },
    "18": {
      "x": 0.8452380952380952,
      "y": 0.4883720930232558
    },
    "19": {
      "x": 0.9206349206349206,
      "y": 0.4069767441860465
    },
    "20": {
      "x": 0.9801587301587301,
      "y": 0.313953488372093
    }
  }
}