{
  "label": "love",
  "dataset": {
    "0": {
      "x": 0.47368421052631576,
      "y": 0.9668874172185431
    },
    "1": {
      "x": 0.6616541353383458,
      "y": 0.8609271523178808
    },
    "2": {
      "x": 0.7894736842105263,
      "y": 0.6688741721854304
    },
    "3": {
      "x": 0.8796992481203008,
      "y": 0.5033112582781457
    },
    "4": {
      "x": 0.9624060150375939,
      "y": 0.3973509933774834
    },
    "5": {
      "x": 0.556390977443609,
      "y": 0.45695364238410596
    },
    "6": {
      "x": 0.518796992481203,
      "y": 0.2582781456953642
    },
    "7": {
      "x": 0.47368421052631576,
      "y": 0.1390728476821192
    },
    "8": {
      "x": 0.44360902255639095,
      "y": 0.033112582781456956
    },
    "9": {
      "x": 0.42857142857142855,
      "y": 0.4768211920529801
    },
    "10": {
      "x": 0.3684210526315789,
      "y": 0.3509933774834437
    },
    "11": {
      "x": 0.42105263157894735,
      "y": 0.5099337748344371
    },
    "12": {
      "x": 0.45864661654135336,
      "y": 0.6357615894039735
    },
    "13": {
      "x": 0.3157894736842105,
      "y": 0.5298013245033113
    },
    "14": {
      "x": 0.2556390977443609,
      "y": 0.41721854304635764
    },
    "15": {
      "x": 0.3308270676691729,
      "y": 0.5629139072847682
    },
    "16": {
      "x": 0.39097744360902253,
      "y": 0.6622516556291391
    },
    "17": {
      "x": 0.21052631578947367,
      "y": 0.5960264900662252
    },
    "18": {
      "x": 0.12030075187969924,
      "y": 0.44370860927152317
    },
    "19": {
      "x": 0.08270676691729323,
      "y": 0.3576158940397351
    },
    "20": {
      "x": 0.03759398496240601,
      "y": 0.26490066225165565
    }
  }
}