{
  "label": "love",
  "dataset": {
    "0": {
      "x": 0.6851851851851852,
      "y": 0.921875
    },
    "1": {
      "x": 0.5,
      "y": 0.875
    },
    "2": {
      "x": 0.3148148148148148,
      "y": 0.703125
    },
    "3": {
      "x": 0.2037037037037037,
      "y": 0.578125
    },
    "4": {
      "x": 0.09259259259259259,
      "y": 0.515625
    },
    "5": {
      "x": 0.48148148148148145,
      "y": 0.53125
    },
    "6": {
      "x": 0.46296296296296297,
      "y": 0.328125
    },
    "7": {
      "x": 0.4444444444444444,
      "y": 0.1875
    },
    "8": {
      "x": 0.4444444444444444,
      "y": 0.078125
    },
    "9": {
      "x": 0.6111111111111112,
      "y": 0.53125
    },
    "10": {
      "x": 0.5740740740740741,
      "y": 0.453125
    },
    "11": {
      "x": 0.5370370370370371,
      "y": 0.59375
    },
    "12": {
      "x": 0.5370370370370371,
      "y": 0.703125
    },
    "13": {
      "x": 0.7222222222222222,
      "y": 0.5625
    },
    "14": {
      "x": 0.6851851851851852,
      "y": 0.5
    },
    "15": {
      "x": 0.6481481481481481,
      "y": 0.625
    },
    "16": {
      "x": 0.6481481481481481,
      "y": 0.734375
    },
    "17": {
      "x": 0.8518518518518519,
      "y": 0.578125
    },
    "18": {
      "x": 0.8703703703703703,
      "y": 0.40625
    },
    "19": {
      "x": 0.8888888888888888,
      "y": 0.296875
    },
    "20": {
      "x": 0.9074074074074074,
      "y": 0.203125
    }
  }
}