{
  "label": "love",
  "dataset": {
    "0": {
      "x": 0.4020618556701031,
      "y": 0.9557522123893806
    },
    "1": {
      "x": 0.5773195876288659,
      "y": 0.8672566371681416
    },
    "2": {
      "x": 0.7319587628865979,
      "y": 0.7079646017699115
    },
    "3": {
      "x": 0.845360824742268,
      "y": 0.6017699115044248
    },
    "4": {
      "x": 0.9484536082474226,
      "y": 0.5575221238938053
    },
    "5": {
      "x": 0.5154639175257731,
      "y": 0.4778761061946903
    },
    "6": {
      "x": 0.4948453608247423,
      "y": 0.2743362831858407
    },
    "7": {
      "x": 0.5051546391752577,
      "y": 0.1504424778761062
    },
    "8": {
      "x": 0.5051546391752577,
      "y": 0.04424778761061947
    },
    "9": {
      "x": 0.4020618556701031,
      "y": 0.49557522123893805
    },
    "10": {
      "x": 0.44329896907216493,
      "y": 0.35398230088495575
    },
    "11": {
      "x": 0.5567010309278351,
      "y": 0.45132743362831856
    },
    "12": {
      "x": 0.6082474226804123,
      "y": 0.5575221238938053
    },
    "13": {
      "x": 0.28865979381443296,
      "y": 0.5398230088495575
    },
    "14": {
      "x": 0.29896907216494845,
      "y": 0.37168141592920356
    },
    "15": {
      "x": 0.422680412371134,
      "y": 0.46017699115044247
    },
    "16": {
      "x": 0.4845360824742268,
      "y": 0.5486725663716814
    },
    "17": {
      "x": 0.17525773195876287,
      "y": 0.6017699115044248
    },
    "18": {
      "x": 0.09278350515463918,
      "y": 0.46017699115044247
    },
    "19": {
      "x": 0.07216494845360824,
      "y": 0.3805309734513274
    },
    "20": {
      "x": 0.05154639175257732,
      "y": 0.2920353982300885
    }
  }
}