{
  "label": "love",
  "dataset": {
    "0": {
      "x": 0.7609756097560976,
      "y": 0.9767441860465116
    },
    "1": {
      "x": 0.5365853658536586,
      "y": 0.9302325581395349
    },
    "2": {
      "x": 0.33170731707317075,
      "y": 0.8046511627906977
    },
    "3": {
      "x": 0.17073170731707318,
      "y": 0.7069767441860465
    },
    "4": {
      "x": 0.024390243902439025,
      "y": 0.6558139534883721
    },
    "5": {
      "x": 0.5170731707317073,
      "y": 0.5023255813953489
    },
    "6": {
      "x": 0.4585365853658537,
      "y": 0.26976744186046514
    },
    "7": {
      "x": 0.43414634146341463,
      "y": 0.13953488372093023
    },
    "8": {
      "x": 0.4146341463414634,
      "y": 0.023255813953488372
    },
    "9": {
      "x": 0.6487804878048781,
      "y": 0.4790697674418605
    },
    "10": {
      "x": 0.6,
      "y": 0.37209302325581395
    },
    "11": {
      "x": 0.5853658536585366,
      "y": 0.5441860465116279
    },
    "12": {
      "x": 0.5804878048780487,
      "y": 0.6744186046511628
    },
    "13": {
      "x": 0.7902439024390244,
      "y": 0.48372093023255813
    },
    "14": {
      "x": 0.7609756097560976,
      "y": 0.3302325581395349
    },
    "15": {
      "x": 0.7268292682926829,
      "y": 0.4697674418604651
    },
    "16": {
      "x": 0.7024390243902439,
      "y": 0.586046511627907
    },
    "17": {
      "x": 0.9219512195121952,
      "y": 0.5116279069767442
    },
    "18": {
      "x": 0.975609756097561,
      "y": 0.34418604651162793
    },
    "19": {
      "x": 0.975609756097561,
      "y": 0.24186046511627907
    },
    "20": {
      "x": 0.9560975609756097,
      "y": 0.13953488372093023
    }
  }
}