{
  "label": "love",
  "dataset": {
    "0": {
      "x": 0.04504504504504504,
      "y": 0.6846846846846847
    },
    "1": {
      "x": 0.0990990990990991,
      "y": 0.4864864864864865
    },
    "2": {
      "x": 0.21621621621621623,
      "y": 0.3153153153153153
    },
    "3": {
      "x": 0.3153153153153153,
      "y": 0.18018018018018017
    },
    "4": {
      "x": 0.36036036036036034,
      "y": 0.04504504504504504
    },
    "5": {
      "x": 0.5045045045045045,
      "y": 0.4954954954954955
    },
    "6": {
      "x": 0.7027027027027027,
      "y": 0.4954954954954955
    },
    "7": {
      "x": 0.8378378378378378,
      "y": 0.4864864864864865
    },
    "8": {
      "x": 0.954954954954955,
      "y": 0.4954954954954955
    },
    "9": {
      "x": 0.5045045045045045,
      "y": 0.6036036036036037
    },
    "10": {
      "x": 0.6036036036036037,
      "y": 0.6126126126126126
    },
    "11": {
      "x": 0.4594594594594595,
      "y": 0.5855855855855856
    },
    "12": {
      "x": 0.36936936936936937,
      "y": 0.5675675675675675
    },
    "13": {
      "x": 0.4864864864864865,
      "y": 0.7207207207207207
    },
    "14": {
      "x": 0.5765765765765766,
      "y": 0.7387387387387387
    },
    "15": {
      "x": 0.44144144144144143,
      "y": 0.6936936936936937
    },
    "16": {
      "x": 0.35135135135135137,
      "y": 0.6666666666666666
    },
    "17": {
      "x": 0.44144144144144143,
      "y": 0.8288288288288288
    },
    "18": {
      "x": 0.5945945945945946,
      "y": 0.8918918918918919
    },
    "19": {
      "x": 0.6846846846846847,
      "y": 0.9279279279279279
    },
    "20": {
      "x": 0.7837837837837838,
      "y": 0.954954954954955
    }
  }
}