{
  "label": "love",
  "dataset": {
    "0": {
      "x": 0.5568181818181818,
      "y": 0.9766355140186916
    },
    "1": {
      "x": 0.7329545454545454,
      "y": 0.822429906542056
    },
    "2": {
      "x": 0.8352272727272727,
      "y": 0.6214953271028038
    },
    "3": {
      "x": 0.9034090909090909,
      "y": 0.4439252336448598
    },
    "4": {
      "x": 0.9715909090909091,
      "y": 0.32710280373831774
    },
    "5": {
      "x": 0.6761363636363636,
      "y": 0.4719626168224299
    },
    "6": {
      "x": 0.6931818181818182,
      "y": 0.2570093457943925
    },
    "7": {
      "x": 0.6931818181818182,
      "y": 0.1308411214953271
    },
    "8": {
      "x": 0.6875,
      "y": 0.02336448598130841
    },
    "9": {
      "x": 0.5284090909090909,
      "y": 0.48130841121495327
    },
    "10": {
      "x": 0.48295454545454547,
      "y": 0.35514018691588783
    },
    "11": {
      "x": 0.5284090909090909,
      "y": 0.514018691588785
    },
    "12": {
      "x": 0.5511363636363636,
      "y": 0.6261682242990654
    },
    "13": {
      "x": 0.3977272727272727,
      "y": 0.5186915887850467
    },
    "14": {
      "x": 0.3465909090909091,
      "y": 0.38317757009345793
    },
    "15": {
      "x": 0.42045454545454547,
      "y": 0.5233644859813084
    },
    "16": {
      "x": 0.4715909090909091,
      "y": 0.6308411214953271
    },
    "17": {
      "x": 0.2727272727272727,
      "y": 0.5700934579439252
    },
    "18": {
      "x": 0.1534090909090909,
      "y": 0.4158878504672897
    },
    "19": {
      "x": 0.08522727272727272,
      "y": 0.32242990654205606
    },
    "20": {
      "x": 0.028409090909090908,
      "y": 0.21495327102803738
    }
  }
}