{
  "label": "love",
  "dataset": {
    "0": {
      "x": 0.33668341708542715,
      "y": 0.9799196787148594
    },
    "1": {
      "x": 0.6030150753768844,
      "y": 0.8755020080321285
    },
    "2": {
      "x": 0.7638190954773869,
      "y": 0.678714859437751
    },
    "3": {
      "x": 0.864321608040201,
      "y": 0.5140562248995983
    },
    "4": {
      "x": 0.9748743718592965,
      "y": 0.4457831325301205
    },
    "5": {
      "x": 0.542713567839196,
      "y": 0.4979919678714859
    },
    "6": {
      "x": 0.542713567839196,
      "y": 0.28112449799196787
    },
    "7": {
      "x": 0.5276381909547738,
      "y": 0.14056224899598393
    },
    "8": {
      "x": 0.5025125628140703,
      "y": 0.020080321285140562
    },
    "9": {
      "x": 0.39195979899497485,
      "y": 0.5060240963855421
    },
    "10": {
      "x": 0.37185929648241206,
      "y": 0.3654618473895582
    },
    "11": {
      "x": 0.40703517587939697,
      "y": 0.5341365461847389
    },
    "12": {
      "x": 0.4472361809045226,
      "y": 0.6666666666666666
    },
    "13": {
      "x": 0.24623115577889448,
      "y": 0.5341365461847389
    },
    "14": {
      "x": 0.24120603015075376,
      "y": 0.40160642570281124
    },
    "15": {
      "x": 0.31155778894472363,
      "y": 0.5863453815261044
    },
    "16": {
      "x": 0.37185929648241206,
      "y": 0.7188755020080321
    },
    "17": {
      "x": 0.10552763819095477,
      "y": 0.5742971887550201
    },
    "18": {
      "x": 0.05025125628140704,
      "y": 0.37349397590361444
    },
    "19": {
      "x": 0.03015075376884422,
      "y": 0.25301204819277107
    },
    "20": {
      "x": 0.02512562814070352,
      "y": 0.11244979919678715
    }
  }
}