{
  "label": "love",
  "dataset": {
    "0": {
      "x": 0.7857142857142857,
      "y": 0.9102564102564102
    },
    "1": {
      "x": 0.5714285714285714,
      "y": 0.9358974358974359
    },
    "2": {
      "x": 0.39285714285714285,
      "y": 0.8461538461538461
    },
    "3": {
      "x": 0.3392857142857143,
      "y": 0.7948717948717948
    },
    "4": {
      "x": 0.35714285714285715,
      "y": 0.782051282051282
    },
    "5": {
      "x": 0.4107142857142857,
      "y": 0.5128205128205128
    },
    "6": {
      "x": 0.23214285714285715,
      "y": 0.3076923076923077
    },
    "7": {
      "x": 0.16071428571428573,
      "y": 0.1794871794871795
    },
    "8": {
      "x": 0.08928571428571429,
      "y": 0.0641025641025641
    },
    "9": {
      "x": 0.5714285714285714,
      "y": 0.47435897435897434
    },
    "10": {
      "x": 0.42857142857142855,
      "y": 0.4230769230769231
    },
    "11": {
      "x": 0.42857142857142855,
      "y": 0.5769230769230769
    },
    "12": {
      "x": 0.4642857142857143,
      "y": 0.717948717948718
    },
    "13": {
      "x": 0.7321428571428571,
      "y": 0.44871794871794873
    },
    "14": {
      "x": 0.6071428571428571,
      "y": 0.358974358974359
    },
    "15": {
      "x": 0.5892857142857143,
      "y": 0.5
    },
    "16": {
      "x": 0.6071428571428571,
      "y": 0.6282051282051282
    },
    "17": {
      "x": 0.9107142857142857,
      "y": 0.4358974358974359
    },
    "18": {
      "x": 0.8928571428571429,
      "y": 0.2692307692307692
    },
    "19": {
      "x": 0.8571428571428571,
      "y": 0.19230769230769232
    },
    "20": {
      "x": 0.8571428571428571,
      "y": 0.11538461538461539
    }
  }
}