{
  "label": "love",
  "dataset": {
    "0": {
      "x": 0.7677725118483413,
      "y": 0.9783549783549783
    },
    "1": {
      "x": 0.5450236966824644,
      "y": 0.948051948051948
    },
    "2": {
      "x": 0.33649289099526064,
      "y": 0.8225108225108225
    },
    "3": {
      "x": 0.17535545023696683,
      "y": 0.7272727272727273
    },
    "4": {
      "x": 0.023696682464454975,
      "y": 0.670995670995671
    },
    "5": {
      "x": 0.5260663507109005,
      "y": 0.5238095238095238
    },
    "6": {
      "x": 0.4834123222748815,
      "y": 0.29004329004329005
    },
    "7": {
      "x": 0.47393364928909953,
      "y": 0.14285714285714285
    },
    "8": {
      "x": 0.46919431279620855,
      "y": 0.021645021645021644
    },
    "9": {
      "x": 0.6540284360189573,
      "y": 0.5064935064935064
    },
    "10": {
      "x": 0.5924170616113744,
      "y": 0.42424242424242425
    },
    "11": {
      "x": 0.5639810426540285,
      "y": 0.6103896103896104
    },
    "12": {
      "x": 0.5545023696682464,
      "y": 0.7402597402597403
    },
    "13": {
      "x": 0.7914691943127962,
      "y": 0.5194805194805194
    },
    "14": {
      "x": 0.7535545023696683,
      "y": 0.3852813852813853
    },
    "15": {
      "x": 0.6966824644549763,
      "y": 0.5324675324675324
    },
    "16": {
      "x": 0.6587677725118484,
      "y": 0.6536796536796536
    },
    "17": {
      "x": 0.9241706161137441,
      "y": 0.5454545454545454
    },
    "18": {
      "x": 0.976303317535545,
      "y": 0.38095238095238093
    },
    "19": {
      "x": 0.976303317535545,
      "y": 0.2813852813852814
    },
    "20": {
      "x": 0.957345971563981,
      "y": 0.17316017316017315
    }
  }
}