{
  "label": "love",
  "dataset": {
    "0": {
      "x": 0.803921568627451,
      "y": 0.9803149606299213
    },
    "1": {
      "x": 0.5294117647058824,
      "y": 0.9409448818897638
    },
    "2": {
      "x": 0.28921568627450983,
      "y": 0.7755905511811023
    },
    "3": {
      "x": 0.15196078431372548,
      "y": 0.6220472440944882
    },
    "4": {
      "x": 0.024509803921568627,
      "y": 0.5236220472440944
    },
    "5": {
      "x": 0.49019607843137253,
      "y": 0.4921259842519685
    },
    "6": {
      "x": 0.47549019607843135,
      "y": 0.2755905511811024
    },
    "7": {
      "x": 0.47058823529411764,
      "y": 0.1377952755905512
    },
    "8": {
      "x": 0.45588235294117646,
      "y": 0.01968503937007874
    },
    "9": {
      "x": 0.6470588235294118,
      "y": 0.484251968503937
    },
    "10": {
      "x": 0.6323529411764706,
      "y": 0.3858267716535433
    },
    "11": {
      "x": 0.6470588235294118,
      "y": 0.5669291338582677
    },
    "12": {
      "x": 0.6519607843137255,
      "y": 0.7007874015748031
    },
    "13": {
      "x": 0.803921568627451,
      "y": 0.5
    },
    "14": {
      "x": 0.7941176470588235,
      "y": 0.41732283464566927
    },
    "15": {
      "x": 0.7843137254901961,
      "y": 0.5748031496062992
    },
    "16": {
      "x": 0.7647058823529411,
      "y": 0.6889763779527559
    },
    "17": {
      "x": 0.9656862745098039,
      "y": 0.5275590551181102
    },
    "18": {
      "x": 0.9705882352941176,
      "y": 0.3346456692913386
    },
    "19": {
      "x": 0.9754901960784313,
      "y": 0.2204724409448819
    },
    "20": {
      "x": 0.9656862745098039,
      "y": 0.10236220472440945
    }
  }
}