{
  "label": "love",
  "dataset": {
    "0": {
      "x": 0.7625,
      "y": 0.9264705882352942
    },
    "1": {
      "x": 0.8375,
      "y": 0.75
    },
    "2": {
      "x": 0.8625,
      "y": 0.5588235294117647
    },
    "3": {
      "x": 0.8875,
      "y": 0.38235294117647056
    },
    "4": {
      "x": 0.9375,
      "y": 0.2647058823529412
    },
    "5": {
      "x": 0.6125,
      "y": 0.4852941176470588
    },
    "6": {
      "x": 0.5,
      "y": 0.3088235294117647
    },
    "7": {
      "x": 0.425,
      "y": 0.17647058823529413
    },
    "8": {
      "x": 0.35,
      "y": 0.07352941176470588
    },
    "9": {
      "x": 0.5125,
      "y": 0.5735294117647058
    },
    "10": {
      "x": 0.425,
      "y": 0.4411764705882353
    },
    "11": {
      "x": 0.4875,
      "y": 0.5
    },
    "12": {
      "x": 0.55,
      "y": 0.5735294117647058
    },
    "13": {
      "x": 0.45,
      "y": 0.6764705882352942
    },
    "14": {
      "x": 0.4,
      "y": 0.5882352941176471
    },
    "15": {
      "x": 0.4625,
      "y": 0.6176470588235294
    },
    "16": {
      "x": 0.5125,
      "y": 0.6764705882352942
    },
    "17": {
      "x": 0.4125,
      "y": 0.7941176470588235
    },
    "18": {
      "x": 0.25,
      "y": 0.7205882352941176
    },
    "19": {
      "x": 0.15,
      "y": 0.6911764705882353
    },
    "20": {
      "x": 0.0625,
      "y": 0.6617647058823529
    }
  }
}