{
  "label": "love",
  "dataset": {
    "0": {
      "x": 0.9545454545454546,
      "y": 0.9067796610169492
    },
    "1": {
      "x": 0.7818181818181819,
      "y": 0.9576271186440678
    },
    "2": {
      "x": 0.4909090909090909,
      "y": 0.8813559322033898
    },
    "3": {
      "x": 0.2636363636363636,
      "y": 0.847457627118644
    },
    "4": {
      "x": 0.09090909090909091,
      "y": 0.8983050847457628
    },
    "5": {
      "x": 0.43636363636363634,
      "y": 0.6949152542372882
    },
    "6": {
      "x": 0.23636363636363636,
      "y": 0.4745762711864407
    },
    "7": {
      "x": 0.13636363636363635,
      "y": 0.3389830508474576
    },
    "8": {
      "x": 0.045454545454545456,
      "y": 0.211864406779661
    },
    "9": {
      "x": 0.5363636363636364,
      "y": 0.6016949152542372
    },
    "10": {
      "x": 0.5363636363636364,
      "y": 0.423728813559322
    },
    "11": {
      "x": 0.6909090909090909,
      "y": 0.5677966101694916
    },
    "12": {
      "x": 0.7909090909090909,
      "y": 0.6949152542372882
    },
    "13": {
      "x": 0.6636363636363637,
      "y": 0.5338983050847458
    },
    "14": {
      "x": 0.6909090909090909,
      "y": 0.3813559322033898
    },
    "15": {
      "x": 0.8181818181818182,
      "y": 0.5169491525423728
    },
    "16": {
      "x": 0.8727272727272727,
      "y": 0.6440677966101694
    },
    "17": {
      "x": 0.7909090909090909,
      "y": 0.4830508474576271
    },
    "18": {
      "x": 0.7909090909090909,
      "y": 0.2796610169491525
    },
    "19": {
      "x": 0.8272727272727273,
      "y": 0.15254237288135594
    },
    "20": {
      "x": 0.8363636363636363,
      "y": 0.0423728813559322
    }
  }
}