{
  "label": "love",
  "dataset": {
    "0": {
      "x": 0.22077922077922077,
      "y": 0.9418604651162791
    },
    "1": {
      "x": 0.42857142857142855,
      "y": 0.9186046511627907
    },
    "2": {
      "x": 0.6363636363636364,
      "y": 0.7674418604651163
    },
    "3": {
      "x": 0.7922077922077922,
      "y": 0.6395348837209303
    },
    "4": {
      "x": 0.935064935064935,
      "y": 0.5581395348837209
    },
    "5": {
      "x": 0.5584415584415584,
      "y": 0.5116279069767442
    },
    "6": {
      "x": 0.6233766233766234,
      "y": 0.313953488372093
    },
    "7": {
      "x": 0.6493506493506493,
      "y": 0.1744186046511628
    },
    "8": {
      "x": 0.6493506493506493,
      "y": 0.05813953488372093
    },
    "9": {
      "x": 0.4155844155844156,
      "y": 0.47674418604651164
    },
    "10": {
      "x": 0.35064935064935066,
      "y": 0.38372093023255816
    },
    "11": {
      "x": 0.2987012987012987,
      "y": 0.5581395348837209
    },
    "12": {
      "x": 0.2857142857142857,
      "y": 0.6744186046511628
    },
    "13": {
      "x": 0.2727272727272727,
      "y": 0.47674418604651164
    },
    "14": {
      "x": 0.19480519480519481,
      "y": 0.37209302325581395
    },
    "15": {
      "x": 0.18181818181818182,
      "y": 0.5348837209302325
    },
    "16": {
      "x": 0.19480519480519481,
      "y": 0.6511627906976745
    },
    "17": {
      "x": 0.14285714285714285,
      "y": 0.47674418604651164
    },
    "18": {
      "x": 0.11688311688311688,
      "y": 0.3023255813953488
    },
    "19": {
      "x": 0.07792207792207792,
      "y": 0.19767441860465115
    },
    "20": {
      "x": 0.06493506493506493,
      "y": 0.09302325581395349
    }
  }
}