{
  "label": "love",
  "dataset": {
    "0": {
      "x": 0.49162011173184356,
      "y": 0.976303317535545
    },
    "1": {
      "x": 0.664804469273743,
      "y": 0.919431279620853
    },
    "2": {
      "x": 0.7932960893854749,
      "y": 0.7582938388625592
    },
    "3": {
      "x": 0.8715083798882681,
      "y": 0.6066350710900474
    },
    "4": {
      "x": 0.9720670391061452,
      "y": 0.4549763033175355
    },
    "5": {
      "x": 0.5195530726256983,
      "y": 0.5213270142180095
    },
    "6": {
      "x": 0.5642458100558659,
      "y": 0.2796208530805687
    },
    "7": {
      "x": 0.5977653631284916,
      "y": 0.15165876777251186
    },
    "8": {
      "x": 0.6033519553072626,
      "y": 0.023696682464454975
    },
    "9": {
      "x": 0.3407821229050279,
      "y": 0.5118483412322274
    },
    "10": {
      "x": 0.3407821229050279,
      "y": 0.5355450236966824
    },
    "11": {
      "x": 0.3687150837988827,
      "y": 0.7251184834123223
    },
    "12": {
      "x": 0.40782122905027934,
      "y": 0.8341232227488151
    },
    "13": {
      "x": 0.21787709497206703,
      "y": 0.5687203791469194
    },
    "14": {
      "x": 0.22346368715083798,
      "y": 0.6255924170616114
    },
    "15": {
      "x": 0.27932960893854747,
      "y": 0.7962085308056872
    },
    "16": {
      "x": 0.3240223463687151,
      "y": 0.8672985781990521
    },
    "17": {
      "x": 0.12290502793296089,
      "y": 0.6445497630331753
    },
    "18": {
      "x": 0.0893854748603352,
      "y": 0.43601895734597157
    },
    "19": {
      "x": 0.061452513966480445,
      "y": 0.2985781990521327
    },
    "20": {
      "x": 0.027932960893854747,
      "y": 0.16587677725118483
    }
  }
}