{
  "label": "love",
  "dataset": {
    "0": {
      "x": 0.6352941176470588,
      "y": 0.9739583333333334
    },
    "1": {
      "x": 0.40588235294117647,
      "y": 0.921875
    },
    "2": {
      "x": 0.22941176470588234,
      "y": 0.765625
    },
    "3": {
      "x": 0.11764705882352941,
      "y": 0.6145833333333334
    },
    "4": {
      "x": 0.029411764705882353,
      "y": 0.4947916666666667
    },
    "5": {
      "x": 0.38823529411764707,
      "y": 0.4947916666666667
    },
    "6": {
      "x": 0.38235294117647056,
      "y": 0.2760416666666667
    },
    "7": {
      "x": 0.4,
      "y": 0.14583333333333334
    },
    "8": {
      "x": 0.4176470588235294,
      "y": 0.026041666666666668
    },
    "9": {
      "x": 0.5352941176470588,
      "y": 0.4895833333333333
    },
    "10": {
      "x": 0.5705882352941176,
      "y": 0.3541666666666667
    },
    "11": {
      "x": 0.6235294117647059,
      "y": 0.4895833333333333
    },
    "12": {
      "x": 0.6470588235294118,
      "y": 0.609375
    },
    "13": {
      "x": 0.6764705882352942,
      "y": 0.515625
    },
    "14": {
      "x": 0.7176470588235294,
      "y": 0.390625
    },
    "15": {
      "x": 0.7529411764705882,
      "y": 0.5104166666666666
    },
    "16": {
      "x": 0.7588235294117647,
      "y": 0.609375
    },
    "17": {
      "x": 0.8058823529411765,
      "y": 0.5572916666666666
    },
    "18": {
      "x": 0.8823529411764706,
      "y": 0.40625
    },
    "19": {
      "x": 0.9352941176470588,
      "y": 0.3177083333333333
    },
    "20": {
      "x": 0.9705882352941176,
      "y": 0.22916666666666666
    }
  }
}