{
  "label": "love",
  "dataset": {
    "0": {
      "x": 0.9079497907949791,
      "y": 0.9732824427480916
    },
    "1": {
      "x": 0.6234309623430963,
      "y": 0.9809160305343512
    },
    "2": {
      "x": 0.39748953974895396,
      "y": 0.8893129770992366
    },
    "3": {
      "x": 0.19246861924686193,
      "y": 0.8473282442748091
    },
    "4": {
      "x": 0.02092050209205021,
      "y": 0.8396946564885496
    },
    "5": {
      "x": 0.4602510460251046,
      "y": 0.5534351145038168
    },
    "6": {
      "x": 0.4476987447698745,
      "y": 0.3015267175572519
    },
    "7": {
      "x": 0.4309623430962343,
      "y": 0.13740458015267176
    },
    "8": {
      "x": 0.41841004184100417,
      "y": 0.019083969465648856
    },
    "9": {
      "x": 0.6276150627615062,
      "y": 0.48854961832061067
    },
    "10": {
      "x": 0.5941422594142259,
      "y": 0.37404580152671757
    },
    "11": {
      "x": 0.5983263598326359,
      "y": 0.48091603053435117
    },
    "12": {
      "x": 0.6192468619246861,
      "y": 0.5763358778625954
    },
    "13": {
      "x": 0.799163179916318,
      "y": 0.4770992366412214
    },
    "14": {
      "x": 0.7531380753138075,
      "y": 0.36259541984732824
    },
    "15": {
      "x": 0.7615062761506276,
      "y": 0.44274809160305345
    },
    "16": {
      "x": 0.7740585774058577,
      "y": 0.5343511450381679
    },
    "17": {
      "x": 0.9539748953974896,
      "y": 0.5
    },
    "18": {
      "x": 0.9623430962343096,
      "y": 0.3053435114503817
    },
    "19": {
      "x": 0.9748953974895398,
      "y": 0.1946564885496183
    },
    "20": {
      "x": 0.9790794979079498,
      "y": 0.11068702290076336
    }
  }
}