{
  "label": "love",
  "dataset": {
    "0": {
      "x": 0.37104072398190047,
      "y": 0.9753694581280788
    },
    "1": {
      "x": 0.5927601809954751,
      "y": 0.9014778325123153
    },
    "2": {
      "x": 0.7375565610859729,
      "y": 0.7684729064039408
    },
    "3": {
      "x": 0.8597285067873304,
      "y": 0.6305418719211823
    },
    "4": {
      "x": 0.9773755656108597,
      "y": 0.5566502463054187
    },
    "5": {
      "x": 0.5746606334841629,
      "y": 0.458128078817734
    },
    "6": {
      "x": 0.6425339366515838,
      "y": 0.2561576354679803
    },
    "7": {
      "x": 0.6787330316742082,
      "y": 0.12315270935960591
    },
    "8": {
      "x": 0.7013574660633484,
      "y": 0.024630541871921183
    },
    "9": {
      "x": 0.4298642533936652,
      "y": 0.42857142857142855
    },
    "10": {
      "x": 0.48868778280542985,
      "y": 0.3842364532019704
    },
    "11": {
      "x": 0.49321266968325794,
      "y": 0.4876847290640394
    },
    "12": {
      "x": 0.48868778280542985,
      "y": 0.5714285714285714
    },
    "13": {
      "x": 0.3076923076923077,
      "y": 0.458128078817734
    },
    "14": {
      "x": 0.34841628959276016,
      "y": 0.3694581280788177
    },
    "15": {
      "x": 0.38009049773755654,
      "y": 0.4482758620689655
    },
    "16": {
      "x": 0.3936651583710407,
      "y": 0.5320197044334976
    },
    "17": {
      "x": 0.20361990950226244,
      "y": 0.5172413793103449
    },
    "18": {
      "x": 0.11764705882352941,
      "y": 0.3497536945812808
    },
    "19": {
      "x": 0.06787330316742081,
      "y": 0.24630541871921183
    },
    "20": {
      "x": 0.02262443438914027,
      "y": 0.15763546798029557
    }
  }
}