{
  "label": "love",
  "dataset": {
    "0": {
      "x": 0.9767441860465116,
      "y": 0.6121495327102804
    },
    "1": {
      "x": 0.9162790697674419,
      "y": 0.411214953271028
    },
    "2": {
      "x": 0.813953488372093,
      "y": 0.2570093457943925
    },
    "3": {
      "x": 0.7209302325581395,
      "y": 0.13551401869158877
    },
    "4": {
      "x": 0.6558139534883721,
      "y": 0.02336448598130841
    },
    "5": {
      "x": 0.5302325581395348,
      "y": 0.38317757009345793
    },
    "6": {
      "x": 0.29767441860465116,
      "y": 0.3691588785046729
    },
    "7": {
      "x": 0.14418604651162792,
      "y": 0.37383177570093457
    },
    "8": {
      "x": 0.023255813953488372,
      "y": 0.38317757009345793
    },
    "9": {
      "x": 0.5023255813953489,
      "y": 0.5233644859813084
    },
    "10": {
      "x": 0.4,
      "y": 0.5654205607476636
    },
    "11": {
      "x": 0.5023255813953489,
      "y": 0.5654205607476636
    },
    "12": {
      "x": 0.5720930232558139,
      "y": 0.5514018691588785
    },
    "13": {
      "x": 0.5348837209302325,
      "y": 0.6635514018691588
    },
    "14": {
      "x": 0.4558139534883721,
      "y": 0.6962616822429907
    },
    "15": {
      "x": 0.5395348837209303,
      "y": 0.6822429906542056
    },
    "16": {
      "x": 0.6093023255813953,
      "y": 0.6588785046728972
    },
    "17": {
      "x": 0.5813953488372093,
      "y": 0.794392523364486
    },
    "18": {
      "x": 0.413953488372093,
      "y": 0.8691588785046729
    },
    "19": {
      "x": 0.32558139534883723,
      "y": 0.9299065420560748
    },
    "20": {
      "x": 0.24651162790697675,
      "y": 0.9766355140186916
    }
  }
}