{
  "label": "love",
  "dataset": {
    "0": {
      "x": 0.7872340425531915,
      "y": 0.9479166666666666
    },
    "1": {
      "x": 0.574468085106383,
      "y": 0.9270833333333334
    },
    "2": {
      "x": 0.35106382978723405,
      "y": 0.8125
    },
    "3": {
      "x": 0.19148936170212766,
      "y": 0.7395833333333334
    },
    "4": {
      "x": 0.05319148936170213,
      "y": 0.71875
    },
    "5": {
      "x": 0.5,
      "y": 0.5416666666666666
    },
    "6": {
      "x": 0.4787234042553192,
      "y": 0.3229166666666667
    },
    "7": {
      "x": 0.46808510638297873,
      "y": 0.17708333333333334
    },
    "8": {
      "x": 0.46808510638297873,
      "y": 0.052083333333333336
    },
    "9": {
      "x": 0.6382978723404256,
      "y": 0.5416666666666666
    },
    "10": {
      "x": 0.7021276595744681,
      "y": 0.4375
    },
    "11": {
      "x": 0.7127659574468085,
      "y": 0.5833333333333334
    },
    "12": {
      "x": 0.7021276595744681,
      "y": 0.7083333333333334
    },
    "13": {
      "x": 0.7553191489361702,
      "y": 0.5520833333333334
    },
    "14": {
      "x": 0.8085106382978723,
      "y": 0.4895833333333333
    },
    "15": {
      "x": 0.8085106382978723,
      "y": 0.625
    },
    "16": {
      "x": 0.776595744680851,
      "y": 0.71875
    },
    "17": {
      "x": 0.8723404255319149,
      "y": 0.5833333333333334
    },
    "18": {
      "x": 0.9042553191489362,
      "y": 0.4270833333333333
    },
    "19": {
      "x": 0.9361702127659575,
      "y": 0.3229166666666667
    },
    "20": {
      "x": 0.9468085106382979,
      "y": 0.23958333333333334
    }
  }
}