{
  "label": "love",
  "dataset": {
    "0": {
      "x": 0.40061162079510704,
      "y": 0.9822064056939501
    },
    "1": {
      "x": 0.5932721712538226,
      "y": 0.8754448398576512
    },
    "2": {
      "x": 0.7339449541284404,
      "y": 0.7402135231316725
    },
    "3": {
      "x": 0.8685015290519877,
      "y": 0.6298932384341637
    },
    "4": {
      "x": 0.9847094801223242,
      "y": 0.5907473309608541
    },
    "5": {
      "x": 0.5565749235474006,
      "y": 0.501779359430605
    },
    "6": {
      "x": 0.5871559633027523,
      "y": 0.2704626334519573
    },
    "7": {
      "x": 0.6024464831804281,
      "y": 0.12099644128113879
    },
    "8": {
      "x": 0.6146788990825688,
      "y": 0.017793594306049824
    },
    "9": {
      "x": 0.42201834862385323,
      "y": 0.49466192170818507
    },
    "10": {
      "x": 0.42813455657492355,
      "y": 0.33807829181494664
    },
    "11": {
      "x": 0.44954128440366975,
      "y": 0.41637010676156583
    },
    "12": {
      "x": 0.4617737003058104,
      "y": 0.49466192170818507
    },
    "13": {
      "x": 0.308868501529052,
      "y": 0.5266903914590747
    },
    "14": {
      "x": 0.3058103975535168,
      "y": 0.3594306049822064
    },
    "15": {
      "x": 0.3333333333333333,
      "y": 0.41637010676156583
    },
    "16": {
      "x": 0.3486238532110092,
      "y": 0.49466192170818507
    },
    "17": {
      "x": 0.22018348623853212,
      "y": 0.5800711743772242
    },
    "18": {
      "x": 0.13149847094801223,
      "y": 0.4306049822064057
    },
    "19": {
      "x": 0.07339449541284404,
      "y": 0.35587188612099646
    },
    "20": {
      "x": 0.01529051987767584,
      "y": 0.2918149466192171
    }
  }
}