{
  "label": "love",
  "dataset": {
    "0": {
      "x": 0.2553191489361702,
      "y": 0.9509803921568627
    },
    "1": {
      "x": 0.46808510638297873,
      "y": 0.9019607843137255
    },
    "2": {
      "x": 0.648936170212766,
      "y": 0.7549019607843137
    },
    "3": {
      "x": 0.8085106382978723,
      "y": 0.6568627450980392
    },
    "4": {
      "x": 0.9468085106382979,
      "y": 0.6176470588235294
    },
    "5": {
      "x": 0.5319148936170213,
      "y": 0.5098039215686274
    },
    "6": {
      "x": 0.6063829787234043,
      "y": 0.30392156862745096
    },
    "7": {
      "x": 0.6382978723404256,
      "y": 0.16666666666666666
    },
    "8": {
      "x": 0.6702127659574468,
      "y": 0.049019607843137254
    },
    "9": {
      "x": 0.39361702127659576,
      "y": 0.5
    },
    "10": {
      "x": 0.40425531914893614,
      "y": 0.4019607843137255
    },
    "11": {
      "x": 0.39361702127659576,
      "y": 0.5784313725490197
    },
    "12": {
      "x": 0.3829787234042553,
      "y": 0.7058823529411765
    },
    "13": {
      "x": 0.24468085106382978,
      "y": 0.5098039215686274
    },
    "14": {
      "x": 0.2553191489361702,
      "y": 0.43137254901960786
    },
    "15": {
      "x": 0.2765957446808511,
      "y": 0.5784313725490197
    },
    "16": {
      "x": 0.2978723404255319,
      "y": 0.6862745098039216
    },
    "17": {
      "x": 0.10638297872340426,
      "y": 0.5392156862745098
    },
    "18": {
      "x": 0.07446808510638298,
      "y": 0.3627450980392157
    },
    "19": {
      "x": 0.05319148936170213,
      "y": 0.2549019607843137
    },
    "20": {
      "x": 0.05319148936170213,
      "y": 0.14705882352941177
    }
  }
}