{
  "label": "love",
  "dataset": {
    "0": {
      "x": 0.47534516765285995,
      "y": 0.9917218543046358
    },
    "1": {
      "x": 0.28205128205128205,
      "y": 0.8294701986754967
    },
    "2": {
      "x": 0.17751479289940827,
      "y": 0.6142384105960265
    },
    "3": {
      "x": 0.09270216962524655,
      "y": 0.4470198675496689
    },
    "4": {
      "x": 0.009861932938856016,
      "y": 0.34271523178807944
    },
    "5": {
      "x": 0.4556213017751479,
      "y": 0.48013245033112584
    },
    "6": {
      "x": 0.49506903353057197,
      "y": 0.2632450331125828
    },
    "7": {
      "x": 0.5187376725838264,
      "y": 0.13079470198675497
    },
    "8": {
      "x": 0.5404339250493096,
      "y": 0.008278145695364239
    },
    "9": {
      "x": 0.5798816568047337,
      "y": 0.5182119205298014
    },
    "10": {
      "x": 0.6548323471400395,
      "y": 0.42218543046357615
    },
    "11": {
      "x": 0.5897435897435898,
      "y": 0.5860927152317881
    },
    "12": {
      "x": 0.5128205128205128,
      "y": 0.7036423841059603
    },
    "13": {
      "x": 0.6863905325443787,
      "y": 0.5728476821192053
    },
    "14": {
      "x": 0.7534516765285996,
      "y": 0.5099337748344371
    },
    "15": {
      "x": 0.6725838264299803,
      "y": 0.6589403973509934
    },
    "16": {
      "x": 0.5936883629191322,
      "y": 0.75
    },
    "17": {
      "x": 0.7889546351084813,
      "y": 0.6374172185430463
    },
    "18": {
      "x": 0.8816568047337278,
      "y": 0.4917218543046358
    },
    "19": {
      "x": 0.9368836291913215,
      "y": 0.40397350993377484
    },
    "20": {
      "x": 0.9901380670611439,
      "y": 0.304635761589404
    }
  }
}