{
  "label": "love",
  "dataset": {
    "0": {
      "x": 0.6609442060085837,
      "y": 0.9787234042553191
    },
    "1": {
      "x": 0.44635193133047213,
      "y": 0.9361702127659575
    },
    "2": {
      "x": 0.26180257510729615,
      "y": 0.7531914893617021
    },
    "3": {
      "x": 0.1459227467811159,
      "y": 0.5957446808510638
    },
    "4": {
      "x": 0.02145922746781116,
      "y": 0.4978723404255319
    },
    "5": {
      "x": 0.41201716738197425,
      "y": 0.5063829787234042
    },
    "6": {
      "x": 0.3261802575107296,
      "y": 0.2723404255319149
    },
    "7": {
      "x": 0.27467811158798283,
      "y": 0.14468085106382977
    },
    "8": {
      "x": 0.23605150214592274,
      "y": 0.02127659574468085
    },
    "9": {
      "x": 0.5536480686695279,
      "y": 0.48936170212765956
    },
    "10": {
      "x": 0.5364806866952789,
      "y": 0.4085106382978723
    },
    "11": {
      "x": 0.5321888412017167,
      "y": 0.6
    },
    "12": {
      "x": 0.5278969957081545,
      "y": 0.7446808510638298
    },
    "13": {
      "x": 0.6995708154506438,
      "y": 0.5106382978723404
    },
    "14": {
      "x": 0.7081545064377682,
      "y": 0.40425531914893614
    },
    "15": {
      "x": 0.6866952789699571,
      "y": 0.5617021276595745
    },
    "16": {
      "x": 0.6523605150214592,
      "y": 0.6851063829787234
    },
    "17": {
      "x": 0.8412017167381974,
      "y": 0.5531914893617021
    },
    "18": {
      "x": 0.9055793991416309,
      "y": 0.3872340425531915
    },
    "19": {
      "x": 0.9527896995708155,
      "y": 0.2765957446808511
    },
    "20": {
      "x": 0.9785407725321889,
      "y": 0.16595744680851063
    }
  }
}