{
  "label": "love",
  "dataset": {
    "0": {
      "x": 0.4818181818181818,
      "y": 0.9572649572649573
    },
    "1": {
      "x": 0.6545454545454545,
      "y": 0.8888888888888888
    },
    "2": {
      "x": 0.7909090909090909,
      "y": 0.7264957264957265
    },
    "3": {
      "x": 0.8909090909090909,
      "y": 0.5897435897435898
    },
    "4": {
      "x": 0.9545454545454546,
      "y": 0.48717948717948717
    },
    "5": {
      "x": 0.6181818181818182,
      "y": 0.47863247863247865
    },
    "6": {
      "x": 0.6545454545454545,
      "y": 0.27350427350427353
    },
    "7": {
      "x": 0.6636363636363637,
      "y": 0.15384615384615385
    },
    "8": {
      "x": 0.6636363636363637,
      "y": 0.042735042735042736
    },
    "9": {
      "x": 0.509090909090909,
      "y": 0.47863247863247865
    },
    "10": {
      "x": 0.5363636363636364,
      "y": 0.3504273504273504
    },
    "11": {
      "x": 0.5909090909090909,
      "y": 0.49572649572649574
    },
    "12": {
      "x": 0.6181818181818182,
      "y": 0.6153846153846154
    },
    "13": {
      "x": 0.39090909090909093,
      "y": 0.5042735042735043
    },
    "14": {
      "x": 0.38181818181818183,
      "y": 0.3333333333333333
    },
    "15": {
      "x": 0.4818181818181818,
      "y": 0.4358974358974359
    },
    "16": {
      "x": 0.5363636363636364,
      "y": 0.5384615384615384
    },
    "17": {
      "x": 0.2818181818181818,
      "y": 0.5555555555555556
    },
    "18": {
      "x": 0.16363636363636364,
      "y": 0.4017094017094017
    },
    "19": {
      "x": 0.1,
      "y": 0.3162393162393162
    },
    "20": {
      "x": 0.045454545454545456,
      "y": 0.21367521367521367
    }
  }
}