{
  "label": "love",
  "dataset": {
    "0": {
      "x": 0.27741935483870966,
      "y": 0.9710982658959537
    },
    "1": {
      "x": 0.4967741935483871,
      "y": 0.930635838150289
    },
    "2": {
      "x": 0.6903225806451613,
      "y": 0.7803468208092486
    },
    "3": {
      "x": 0.8387096774193549,
      "y": 0.6242774566473989
    },
    "4": {
      "x": 0.967741935483871,
      "y": 0.5491329479768786
    },
    "5": {
      "x": 0.6,
      "y": 0.5028901734104047
    },
    "6": {
      "x": 0.6451612903225806,
      "y": 0.28901734104046245
    },
    "7": {
      "x": 0.6580645161290323,
      "y": 0.15028901734104047
    },
    "8": {
      "x": 0.6580645161290323,
      "y": 0.028901734104046242
    },
    "9": {
      "x": 0.44516129032258067,
      "y": 0.47398843930635837
    },
    "10": {
      "x": 0.44516129032258067,
      "y": 0.3352601156069364
    },
    "11": {
      "x": 0.41935483870967744,
      "y": 0.5028901734104047
    },
    "12": {
      "x": 0.3935483870967742,
      "y": 0.6242774566473989
    },
    "13": {
      "x": 0.3032258064516129,
      "y": 0.4797687861271676
    },
    "14": {
      "x": 0.2838709677419355,
      "y": 0.3179190751445087
    },
    "15": {
      "x": 0.2967741935483871,
      "y": 0.4682080924855491
    },
    "16": {
      "x": 0.3096774193548387,
      "y": 0.5895953757225434
    },
    "17": {
      "x": 0.16774193548387098,
      "y": 0.5086705202312138
    },
    "18": {
      "x": 0.1032258064516129,
      "y": 0.3352601156069364
    },
    "19": {
      "x": 0.05806451612903226,
      "y": 0.24277456647398843
    },
    "20": {
      "x": 0.03225806451612903,
      "y": 0.12716763005780346
    }
  }
}