{
  "label": "love",
  "dataset": {
    "0": {
      "x": 0.631578947368421,
      "y": 0.9758454106280193
    },
    "1": {
      "x": 0.47368421052631576,
      "y": 0.9130434782608695
    },
    "2": {
      "x": 0.2807017543859649,
      "y": 0.748792270531401
    },
    "3": {
      "x": 0.15789473684210525,
      "y": 0.5990338164251208
    },
    "4": {
      "x": 0.029239766081871343,
      "y": 0.5169082125603864
    },
    "5": {
      "x": 0.38596491228070173,
      "y": 0.5652173913043478
    },
    "6": {
      "x": 0.38011695906432746,
      "y": 0.30917874396135264
    },
    "7": {
      "x": 0.38011695906432746,
      "y": 0.1497584541062802
    },
    "8": {
      "x": 0.3684210526315789,
      "y": 0.024154589371980676
    },
    "9": {
      "x": 0.49707602339181284,
      "y": 0.5507246376811594
    },
    "10": {
      "x": 0.6491228070175439,
      "y": 0.4492753623188406
    },
    "11": {
      "x": 0.6549707602339181,
      "y": 0.5652173913043478
    },
    "12": {
      "x": 0.6081871345029239,
      "y": 0.6376811594202898
    },
    "13": {
      "x": 0.631578947368421,
      "y": 0.5652173913043478
    },
    "14": {
      "x": 0.783625730994152,
      "y": 0.48792270531400966
    },
    "15": {
      "x": 0.7719298245614035,
      "y": 0.5845410628019324
    },
    "16": {
      "x": 0.7134502923976608,
      "y": 0.6570048309178744
    },
    "17": {
      "x": 0.7894736842105263,
      "y": 0.5797101449275363
    },
    "18": {
      "x": 0.8596491228070176,
      "y": 0.391304347826087
    },
    "19": {
      "x": 0.9298245614035088,
      "y": 0.2753623188405797
    },
    "20": {
      "x": 0.9707602339181286,
      "y": 0.16908212560386474
    }
  }
}