{
  "label": "love",
  "dataset": {
    "0": {
      "x": 0.8044077134986226,
      "y": 0.9886363636363636
    },
    "1": {
      "x": 0.9807162534435262,
      "y": 0.7363636363636363
    },
    "2": {
      "x": 0.9614325068870524,
      "y": 0.42045454545454547
    },
    "3": {
      "x": 0.928374655647383,
      "y": 0.17272727272727273
    },
    "4": {
      "x": 0.9862258953168044,
      "y": 0.011363636363636364
    },
    "5": {
      "x": 0.699724517906336,
      "y": 0.4
    },
    "6": {
      "x": 0.6198347107438017,
      "y": 0.22045454545454546
    },
    "7": {
      "x": 0.6528925619834711,
      "y": 0.32954545454545453
    },
    "8": {
      "x": 0.7079889807162535,
      "y": 0.45227272727272727
    },
    "9": {
      "x": 0.5371900826446281,
      "y": 0.4659090909090909
    },
    "10": {
      "x": 0.46831955922865015,
      "y": 0.31136363636363634
    },
    "11": {
      "x": 0.5785123966942148,
      "y": 0.4727272727272727
    },
    "12": {
      "x": 0.6804407713498623,
      "y": 0.615909090909091
    },
    "13": {
      "x": 0.3884297520661157,
      "y": 0.5340909090909091
    },
    "14": {
      "x": 0.2975206611570248,
      "y": 0.37272727272727274
    },
    "15": {
      "x": 0.45179063360881544,
      "y": 0.5068181818181818
    },
    "16": {
      "x": 0.5867768595041323,
      "y": 0.634090909090909
    },
    "17": {
      "x": 0.24793388429752067,
      "y": 0.6022727272727273
    },
    "18": {
      "x": 0.14600550964187328,
      "y": 0.4113636363636364
    },
    "19": {
      "x": 0.07713498622589532,
      "y": 0.2840909090909091
    },
    "20": {
      "x": 0.013774104683195593,
      "y": 0.15454545454545454
    }
  }
}