{
  "label": "love",
  "dataset": {
    "0": {
      "x": 0.6875,
      "y": 0.9758454106280193
    },
    "1": {
      "x": 0.4715909090909091,
      "y": 0.8599033816425121
    },
    "2": {
      "x": 0.3068181818181818,
      "y": 0.642512077294686
    },
    "3": {
      "x": 0.1875,
      "y": 0.4782608695652174
    },
    "4": {
      "x": 0.028409090909090908,
      "y": 0.3961352657004831
    },
    "5": {
      "x": 0.45454545454545453,
      "y": 0.45893719806763283
    },
    "6": {
      "x": 0.4659090909090909,
      "y": 0.27053140096618356
    },
    "7": {
      "x": 0.4772727272727273,
      "y": 0.1497584541062802
    },
    "8": {
      "x": 0.4943181818181818,
      "y": 0.024154589371980676
    },
    "9": {
      "x": 0.5965909090909091,
      "y": 0.4830917874396135
    },
    "10": {
      "x": 0.6477272727272727,
      "y": 0.391304347826087
    },
    "11": {
      "x": 0.6079545454545454,
      "y": 0.5797101449275363
    },
    "12": {
      "x": 0.5738636363636364,
      "y": 0.6086956521739131
    },
    "13": {
      "x": 0.7443181818181818,
      "y": 0.5217391304347826
    },
    "14": {
      "x": 0.7954545454545454,
      "y": 0.4444444444444444
    },
    "15": {
      "x": 0.7386363636363636,
      "y": 0.6135265700483091
    },
    "16": {
      "x": 0.6761363636363636,
      "y": 0.6763285024154589
    },
    "17": {
      "x": 0.8863636363636364,
      "y": 0.5700483091787439
    },
    "18": {
      "x": 0.9261363636363636,
      "y": 0.4057971014492754
    },
    "19": {
      "x": 0.9431818181818182,
      "y": 0.30434782608695654
    },
    "20": {
      "x": 0.9715909090909091,
      "y": 0.1932367149758454
    }
  }
}