{
  "label": "love",
  "dataset": {
    "0": {
      "x": 0.31275720164609055,
      "y": 0.9830508474576272
    },
    "1": {
      "x": 0.5473251028806584,
      "y": 0.8949152542372881
    },
    "2": {
      "x": 0.7078189300411523,
      "y": 0.7288135593220338
    },
    "3": {
      "x": 0.8518518518518519,
      "y": 0.5830508474576271
    },
    "4": {
      "x": 0.9794238683127572,
      "y": 0.5220338983050847
    },
    "5": {
      "x": 0.522633744855967,
      "y": 0.47796610169491527
    },
    "6": {
      "x": 0.5925925925925926,
      "y": 0.2542372881355932
    },
    "7": {
      "x": 0.6337448559670782,
      "y": 0.12542372881355932
    },
    "8": {
      "x": 0.654320987654321,
      "y": 0.01694915254237288
    },
    "9": {
      "x": 0.37448559670781895,
      "y": 0.46779661016949153
    },
    "10": {
      "x": 0.35390946502057613,
      "y": 0.2711864406779661
    },
    "11": {
      "x": 0.36213991769547327,
      "y": 0.423728813559322
    },
    "12": {
      "x": 0.37448559670781895,
      "y": 0.5525423728813559
    },
    "13": {
      "x": 0.24691358024691357,
      "y": 0.488135593220339
    },
    "14": {
      "x": 0.205761316872428,
      "y": 0.29491525423728815
    },
    "15": {
      "x": 0.23868312757201646,
      "y": 0.43050847457627117
    },
    "16": {
      "x": 0.2674897119341564,
      "y": 0.5423728813559322
    },
    "17": {
      "x": 0.12345679012345678,
      "y": 0.5389830508474577
    },
    "18": {
      "x": 0.06584362139917696,
      "y": 0.36271186440677966
    },
    "19": {
      "x": 0.037037037037037035,
      "y": 0.2711864406779661
    },
    "20": {
      "x": 0.0205761316872428,
      "y": 0.1694915254237288
    }
  }
}