{
  "label": "love",
  "dataset": {
    "0": {
      "x": 0.4329896907216495,
      "y": 0.9444444444444444
    },
    "1": {
      "x": 0.6185567010309279,
      "y": 0.9111111111111111
    },
    "2": {
      "x": 0.7628865979381443,
      "y": 0.7222222222222222
    },
    "3": {
      "x": 0.8556701030927835,
      "y": 0.5666666666666667
    },
    "4": {
      "x": 0.9484536082474226,
      "y": 0.4666666666666667
    },
    "5": {
      "x": 0.6082474226804123,
      "y": 0.5111111111111111
    },
    "6": {
      "x": 0.6597938144329897,
      "y": 0.3
    },
    "7": {
      "x": 0.7010309278350515,
      "y": 0.16666666666666666
    },
    "8": {
      "x": 0.7319587628865979,
      "y": 0.05555555555555555
    },
    "9": {
      "x": 0.4845360824742268,
      "y": 0.5111111111111111
    },
    "10": {
      "x": 0.5360824742268041,
      "y": 0.4444444444444444
    },
    "11": {
      "x": 0.5670103092783505,
      "y": 0.6222222222222222
    },
    "12": {
      "x": 0.5670103092783505,
      "y": 0.7555555555555555
    },
    "13": {
      "x": 0.35051546391752575,
      "y": 0.5333333333333333
    },
    "14": {
      "x": 0.3917525773195876,
      "y": 0.4777777777777778
    },
    "15": {
      "x": 0.44329896907216493,
      "y": 0.6222222222222222
    },
    "16": {
      "x": 0.4742268041237113,
      "y": 0.7555555555555555
    },
    "17": {
      "x": 0.2268041237113402,
      "y": 0.5777777777777777
    },
    "18": {
      "x": 0.15463917525773196,
      "y": 0.4
    },
    "19": {
      "x": 0.10309278350515463,
      "y": 0.2777777777777778
    },
    "20": {
      "x": 0.05154639175257732,
      "y": 0.17777777777777778
    }
  }
}