{
  "label": "love",
  "dataset": {
    "0": {
      "x": 0.4344978165938865,
      "y": 0.9886877828054299
    },
    "1": {
      "x": 0.611353711790393,
      "y": 0.8823529411764706
    },
    "2": {
      "x": 0.7510917030567685,
      "y": 0.7307692307692307
    },
    "3": {
      "x": 0.8799126637554585,
      "y": 0.6085972850678733
    },
    "4": {
      "x": 0.9890829694323144,
      "y": 0.5294117647058824
    },
    "5": {
      "x": 0.5633187772925764,
      "y": 0.47285067873303166
    },
    "6": {
      "x": 0.5786026200873362,
      "y": 0.26018099547511314
    },
    "7": {
      "x": 0.5917030567685589,
      "y": 0.1244343891402715
    },
    "8": {
      "x": 0.5982532751091703,
      "y": 0.011312217194570135
    },
    "9": {
      "x": 0.4388646288209607,
      "y": 0.49321266968325794
    },
    "10": {
      "x": 0.4104803493449782,
      "y": 0.3936651583710407
    },
    "11": {
      "x": 0.44541484716157204,
      "y": 0.5678733031674208
    },
    "12": {
      "x": 0.48034934497816595,
      "y": 0.6832579185520362
    },
    "13": {
      "x": 0.32532751091703055,
      "y": 0.5384615384615384
    },
    "14": {
      "x": 0.2816593886462882,
      "y": 0.4502262443438914
    },
    "15": {
      "x": 0.35152838427947597,
      "y": 0.5995475113122172
    },
    "16": {
      "x": 0.40829694323144106,
      "y": 0.6968325791855203
    },
    "17": {
      "x": 0.2205240174672489,
      "y": 0.5927601809954751
    },
    "18": {
      "x": 0.13100436681222707,
      "y": 0.43891402714932126
    },
    "19": {
      "x": 0.06768558951965066,
      "y": 0.3597285067873303
    },
    "20": {
      "x": 0.010917030567685589,
      "y": 0.26018099547511314
    }
  }
}