{
  "label": "love",
  "dataset": {
    "0": {
      "x": 0.8253968253968254,
      "y": 0.9333333333333333
    },
    "1": {
      "x": 0.5873015873015873,
      "y": 0.9743589743589743
    },
    "2": {
      "x": 0.3544973544973545,
      "y": 0.8923076923076924
    },
    "3": {
      "x": 0.17989417989417988,
      "y": 0.8307692307692308
    },
    "4": {
      "x": 0.026455026455026454,
      "y": 0.8051282051282052
    },
    "5": {
      "x": 0.42328042328042326,
      "y": 0.5435897435897435
    },
    "6": {
      "x": 0.3333333333333333,
      "y": 0.29743589743589743
    },
    "7": {
      "x": 0.2857142857142857,
      "y": 0.15384615384615385
    },
    "8": {
      "x": 0.25396825396825395,
      "y": 0.02564102564102564
    },
    "9": {
      "x": 0.5608465608465608,
      "y": 0.49230769230769234
    },
    "10": {
      "x": 0.5925925925925926,
      "y": 0.358974358974359
    },
    "11": {
      "x": 0.6878306878306878,
      "y": 0.5230769230769231
    },
    "12": {
      "x": 0.746031746031746,
      "y": 0.6461538461538462
    },
    "13": {
      "x": 0.7037037037037037,
      "y": 0.4717948717948718
    },
    "14": {
      "x": 0.7407407407407407,
      "y": 0.3384615384615385
    },
    "15": {
      "x": 0.8201058201058201,
      "y": 0.48205128205128206
    },
    "16": {
      "x": 0.8571428571428571,
      "y": 0.5948717948717949
    },
    "17": {
      "x": 0.8306878306878307,
      "y": 0.47692307692307695
    },
    "18": {
      "x": 0.873015873015873,
      "y": 0.29743589743589743
    },
    "19": {
      "x": 0.9312169312169312,
      "y": 0.18974358974358974
    },
    "20": {
      "x": 0.9735449735449735,
      "y": 0.07692307692307693
    }
  }
}