{
  "label": "love",
  "dataset": {
    "0": {
      "x": 0.0228310502283105,
      "y": 0.583756345177665
    },
    "1": {
      "x": 0.091324200913242,
      "y": 0.37055837563451777
    },
    "2": {
      "x": 0.2648401826484018,
      "y": 0.19796954314720813
    },
    "3": {
      "x": 0.4200913242009132,
      "y": 0.10152284263959391
    },
    "4": {
      "x": 0.5342465753424658,
      "y": 0.025380710659898477
    },
    "5": {
      "x": 0.5159817351598174,
      "y": 0.3756345177664975
    },
    "6": {
      "x": 0.7397260273972602,
      "y": 0.39086294416243655
    },
    "7": {
      "x": 0.867579908675799,
      "y": 0.41624365482233505
    },
    "8": {
      "x": 0.9771689497716894,
      "y": 0.4416243654822335
    },
    "9": {
      "x": 0.5159817351598174,
      "y": 0.5177664974619289
    },
    "10": {
      "x": 0.6484018264840182,
      "y": 0.5685279187817259
    },
    "11": {
      "x": 0.5114155251141552,
      "y": 0.6091370558375635
    },
    "12": {
      "x": 0.3835616438356164,
      "y": 0.6192893401015228
    },
    "13": {
      "x": 0.4840182648401826,
      "y": 0.6548223350253807
    },
    "14": {
      "x": 0.6073059360730594,
      "y": 0.7106598984771574
    },
    "15": {
      "x": 0.4794520547945205,
      "y": 0.7360406091370558
    },
    "16": {
      "x": 0.3744292237442922,
      "y": 0.7360406091370558
    },
    "17": {
      "x": 0.4383561643835616,
      "y": 0.7766497461928934
    },
    "18": {
      "x": 0.5799086757990868,
      "y": 0.868020304568528
    },
    "19": {
      "x": 0.6666666666666666,
      "y": 0.9289340101522843
    },
    "20": {
      "x": 0.7579908675799086,
      "y": 0.9746192893401016
    }
  }
}