{
  "label": "love",
  "dataset": {
    "0": {
      "x": 0.5823529411764706,
      "y": 0.9751243781094527
    },
    "1": {
      "x": 0.4,
      "y": 0.9203980099502488
    },
    "2": {
      "x": 0.24705882352941178,
      "y": 0.7611940298507462
    },
    "3": {
      "x": 0.14705882352941177,
      "y": 0.6567164179104478
    },
    "4": {
      "x": 0.029411764705882353,
      "y": 0.6218905472636815
    },
    "5": {
      "x": 0.3941176470588235,
      "y": 0.5024875621890548
    },
    "6": {
      "x": 0.3411764705882353,
      "y": 0.2885572139303483
    },
    "7": {
      "x": 0.31176470588235294,
      "y": 0.14925373134328357
    },
    "8": {
      "x": 0.29411764705882354,
      "y": 0.024875621890547265
    },
    "9": {
      "x": 0.5294117647058824,
      "y": 0.5024875621890548
    },
    "10": {
      "x": 0.5823529411764706,
      "y": 0.38308457711442784
    },
    "11": {
      "x": 0.5529411764705883,
      "y": 0.5422885572139303
    },
    "12": {
      "x": 0.5117647058823529,
      "y": 0.6666666666666666
    },
    "13": {
      "x": 0.6647058823529411,
      "y": 0.5323383084577115
    },
    "14": {
      "x": 0.7235294117647059,
      "y": 0.417910447761194
    },
    "15": {
      "x": 0.6823529411764706,
      "y": 0.5671641791044776
    },
    "16": {
      "x": 0.6294117647058823,
      "y": 0.6716417910447762
    },
    "17": {
      "x": 0.7941176470588235,
      "y": 0.5870646766169154
    },
    "18": {
      "x": 0.8823529411764706,
      "y": 0.4228855721393035
    },
    "19": {
      "x": 0.9294117647058824,
      "y": 0.3283582089552239
    },
    "20": {
      "x": 0.9705882352941176,
      "y": 0.22388059701492538
    }
  }
}