{
  "label": "love",
  "dataset": {
    "0": {
      "x": 0.8090452261306532,
      "y": 0.991304347826087
    },
    "1": {
      "x": 0.9128978224455612,
      "y": 0.7652173913043478
    },
    "2": {
      "x": 0.9363484087102177,
      "y": 0.528695652173913
    },
    "3": {
      "x": 0.9564489112227805,
      "y": 0.32
    },
    "4": {
      "x": 0.9916247906197655,
      "y": 0.17043478260869566
    },
    "5": {
      "x": 0.644891122278057,
      "y": 0.40869565217391307
    },
    "6": {
      "x": 0.5175879396984925,
      "y": 0.2382608695652174
    },
    "7": {
      "x": 0.4154103852596315,
      "y": 0.11130434782608696
    },
    "8": {
      "x": 0.3249581239530988,
      "y": 0.008695652173913044
    },
    "9": {
      "x": 0.542713567839196,
      "y": 0.5095652173913043
    },
    "10": {
      "x": 0.4355108877721943,
      "y": 0.42434782608695654
    },
    "11": {
      "x": 0.5695142378559463,
      "y": 0.5634782608695652
    },
    "12": {
      "x": 0.6314907872696818,
      "y": 0.577391304347826
    },
    "13": {
      "x": 0.4639865996649916,
      "y": 0.6121739130434782
    },
    "14": {
      "x": 0.34840871021775544,
      "y": 0.5460869565217391
    },
    "15": {
      "x": 0.4723618090452261,
      "y": 0.6347826086956522
    },
    "16": {
      "x": 0.5393634840871022,
      "y": 0.6382608695652174
    },
    "17": {
      "x": 0.3869346733668342,
      "y": 0.7165217391304348
    },
    "18": {
      "x": 0.21105527638190955,
      "y": 0.6208695652173913
    },
    "19": {
      "x": 0.11222780569514237,
      "y": 0.577391304347826
    },
    "20": {
      "x": 0.008375209380234505,
      "y": 0.49391304347826087
    }
  }
}