{
  "label": "love",
  "dataset": {
    "0": {
      "x": 0.32857142857142857,
      "y": 0.9489795918367347
    },
    "1": {
      "x": 0.5428571428571428,
      "y": 0.9183673469387755
    },
    "2": {
      "x": 0.6857142857142857,
      "y": 0.7755102040816326
    },
    "3": {
      "x": 0.7857142857142857,
      "y": 0.6632653061224489
    },
    "4": {
      "x": 0.9285714285714286,
      "y": 0.6530612244897959
    },
    "5": {
      "x": 0.5857142857142857,
      "y": 0.5204081632653061
    },
    "6": {
      "x": 0.5857142857142857,
      "y": 0.3163265306122449
    },
    "7": {
      "x": 0.5857142857142857,
      "y": 0.17346938775510204
    },
    "8": {
      "x": 0.5857142857142857,
      "y": 0.05102040816326531
    },
    "9": {
      "x": 0.44285714285714284,
      "y": 0.5102040816326531
    },
    "10": {
      "x": 0.44285714285714284,
      "y": 0.3979591836734694
    },
    "11": {
      "x": 0.45714285714285713,
      "y": 0.5612244897959183
    },
    "12": {
      "x": 0.45714285714285713,
      "y": 0.673469387755102
    },
    "13": {
      "x": 0.3,
      "y": 0.5306122448979592
    },
    "14": {
      "x": 0.2857142857142857,
      "y": 0.40816326530612246
    },
    "15": {
      "x": 0.32857142857142857,
      "y": 0.5612244897959183
    },
    "16": {
      "x": 0.32857142857142857,
      "y": 0.673469387755102
    },
    "17": {
      "x": 0.15714285714285714,
      "y": 0.5510204081632653
    },
    "18": {
      "x": 0.1,
      "y": 0.3877551020408163
    },
    "19": {
      "x": 0.08571428571428572,
      "y": 0.2857142857142857
    },
    "20": {
      "x": 0.07142857142857142,
      "y": 0.19387755102040816
    }
  }
}