{
  "label": "love",
  "dataset": {
    "0": {
      "x": 0.2708333333333333,
      "y": 0.9612403100775194
    },
    "1": {
      "x": 0.5,
      "y": 0.8914728682170543
    },
    "2": {
      "x": 0.6770833333333334,
      "y": 0.6821705426356589
    },
    "3": {
      "x": 0.8020833333333334,
      "y": 0.5426356589147286
    },
    "4": {
      "x": 0.9479166666666666,
      "y": 0.4806201550387597
    },
    "5": {
      "x": 0.5,
      "y": 0.49612403100775193
    },
    "6": {
      "x": 0.5520833333333334,
      "y": 0.29457364341085274
    },
    "7": {
      "x": 0.5833333333333334,
      "y": 0.15503875968992248
    },
    "8": {
      "x": 0.6041666666666666,
      "y": 0.03875968992248062
    },
    "9": {
      "x": 0.34375,
      "y": 0.5038759689922481
    },
    "10": {
      "x": 0.4270833333333333,
      "y": 0.43410852713178294
    },
    "11": {
      "x": 0.4270833333333333,
      "y": 0.5968992248062015
    },
    "12": {
      "x": 0.3958333333333333,
      "y": 0.7209302325581395
    },
    "13": {
      "x": 0.19791666666666666,
      "y": 0.5271317829457365
    },
    "14": {
      "x": 0.2708333333333333,
      "y": 0.4728682170542636
    },
    "15": {
      "x": 0.2916666666666667,
      "y": 0.627906976744186
    },
    "16": {
      "x": 0.2916666666666667,
      "y": 0.7441860465116279
    },
    "17": {
      "x": 0.052083333333333336,
      "y": 0.5658914728682171
    },
    "18": {
      "x": 0.052083333333333336,
      "y": 0.4263565891472868
    },
    "19": {
      "x": 0.10416666666666667,
      "y": 0.35658914728682173
    },
    "20": {
      "x": 0.14583333333333334,
      "y": 0.29457364341085274
    }
  }
}