{
  "label": "love",
  "dataset": {
    "0": {
      "x": 0.7170731707317073,
      "y": 0.9823943661971831
    },
    "1": {
      "x": 0.3463414634146341,
      "y": 0.823943661971831
    },
    "2": {
      "x": 0.17073170731707318,
      "y": 0.6901408450704225
    },
    "3": {
      "x": 0.07804878048780488,
      "y": 0.5211267605633803
    },
    "4": {
      "x": 0.024390243902439025,
      "y": 0.40492957746478875
    },
    "5": {
      "x": 0.4195121951219512,
      "y": 0.4859154929577465
    },
    "6": {
      "x": 0.4585365853658537,
      "y": 0.2640845070422535
    },
    "7": {
      "x": 0.5073170731707317,
      "y": 0.13028169014084506
    },
    "8": {
      "x": 0.5560975609756098,
      "y": 0.017605633802816902
    },
    "9": {
      "x": 0.5756097560975609,
      "y": 0.4859154929577465
    },
    "10": {
      "x": 0.5951219512195122,
      "y": 0.36619718309859156
    },
    "11": {
      "x": 0.6,
      "y": 0.545774647887324
    },
    "12": {
      "x": 0.5658536585365853,
      "y": 0.6690140845070423
    },
    "13": {
      "x": 0.7268292682926829,
      "y": 0.49295774647887325
    },
    "14": {
      "x": 0.7707317073170732,
      "y": 0.35563380281690143
    },
    "15": {
      "x": 0.7317073170731707,
      "y": 0.5211267605633803
    },
    "16": {
      "x": 0.6829268292682927,
      "y": 0.6408450704225352
    },
    "17": {
      "x": 0.8926829268292683,
      "y": 0.5316901408450704
    },
    "18": {
      "x": 0.9463414634146341,
      "y": 0.3485915492957746
    },
    "19": {
      "x": 0.9609756097560975,
      "y": 0.24295774647887325
    },
    "20": {
      "x": 0.975609756097561,
      "y": 0.11971830985915492
    }
  }
}