{
  "label": "love",
  "dataset": {
    "0": {
      "x": 0.8018018018018018,
      "y": 0.9894291754756871
    },
    "1": {
      "x": 0.9234234234234234,
      "y": 0.7357293868921776
    },
    "2": {
      "x": 0.9369369369369369,
      "y": 0.492600422832981
    },
    "3": {
      "x": 0.9121621621621622,
      "y": 0.2769556025369979
    },
    "4": {
      "x": 0.9887387387387387,
      "y": 0.14587737843551796
    },
    "5": {
      "x": 0.6463963963963963,
      "y": 0.46511627906976744
    },
    "6": {
      "x": 0.5495495495495496,
      "y": 0.25158562367864695
    },
    "7": {
      "x": 0.4797297297297297,
      "y": 0.12473572938689217
    },
    "8": {
      "x": 0.40765765765765766,
      "y": 0.010570824524312896
    },
    "9": {
      "x": 0.5247747747747747,
      "y": 0.5433403805496829
    },
    "10": {
      "x": 0.3963963963963964,
      "y": 0.3953488372093023
    },
    "11": {
      "x": 0.5180180180180181,
      "y": 0.5243128964059197
    },
    "12": {
      "x": 0.6148648648648649,
      "y": 0.6300211416490487
    },
    "13": {
      "x": 0.42342342342342343,
      "y": 0.6321353065539113
    },
    "14": {
      "x": 0.2905405405405405,
      "y": 0.48414376321353064
    },
    "15": {
      "x": 0.4346846846846847,
      "y": 0.6004228329809725
    },
    "16": {
      "x": 0.545045045045045,
      "y": 0.6976744186046512
    },
    "17": {
      "x": 0.3333333333333333,
      "y": 0.733615221987315
    },
    "18": {
      "x": 0.16441441441441443,
      "y": 0.6173361522198731
    },
    "19": {
      "x": 0.08783783783783784,
      "y": 0.5412262156448203
    },
    "20": {
      "x": 0.01126126126126126,
      "y": 0.4503171247357294
    }
  }
}