{
  "label": "love",
  "dataset": {
    "0": {
      "x": 0.2328767123287671,
      "y": 0.9382716049382716
    },
    "1": {
      "x": 0.1780821917808219,
      "y": 0.8024691358024691
    },
    "2": {
      "x": 0.1506849315068493,
      "y": 0.5679012345679012
    },
    "3": {
      "x": 0.136986301369863,
      "y": 0.38271604938271603
    },
    "4": {
      "x": 0.0684931506849315,
      "y": 0.2716049382716049
    },
    "5": {
      "x": 0.2054794520547945,
      "y": 0.5185185185185185
    },
    "6": {
      "x": 0.3013698630136986,
      "y": 0.2962962962962963
    },
    "7": {
      "x": 0.3561643835616438,
      "y": 0.1728395061728395
    },
    "8": {
      "x": 0.410958904109589,
      "y": 0.06172839506172839
    },
    "9": {
      "x": 0.2876712328767123,
      "y": 0.5925925925925926
    },
    "10": {
      "x": 0.5753424657534246,
      "y": 0.4444444444444444
    },
    "11": {
      "x": 0.547945205479452,
      "y": 0.5308641975308642
    },
    "12": {
      "x": 0.4657534246575342,
      "y": 0.6049382716049383
    },
    "13": {
      "x": 0.3835616438356164,
      "y": 0.691358024691358
    },
    "14": {
      "x": 0.6712328767123288,
      "y": 0.5555555555555556
    },
    "15": {
      "x": 0.6301369863013698,
      "y": 0.6296296296296297
    },
    "16": {
      "x": 0.547945205479452,
      "y": 0.691358024691358
    },
    "17": {
      "x": 0.4931506849315068,
      "y": 0.7901234567901234
    },
    "18": {
      "x": 0.726027397260274,
      "y": 0.6790123456790124
    },
    "19": {
      "x": 0.8356164383561644,
      "y": 0.6419753086419753
    },
    "20": {
      "x": 0.9315068493150684,
      "y": 0.5925925925925926
    }
  }
}