{
  "label": "love",
  "dataset": {
    "0": {
      "x": 0.2857142857142857,
      "y": 0.9456521739130435
    },
    "1": {
      "x": 0.2087912087912088,
      "y": 0.7608695652173914
    },
    "2": {
      "x": 0.17582417582417584,
      "y": 0.5108695652173914
    },
    "3": {
      "x": 0.13186813186813187,
      "y": 0.32608695652173914
    },
    "4": {
      "x": 0.054945054945054944,
      "y": 0.1956521739130435
    },
    "5": {
      "x": 0.2967032967032967,
      "y": 0.5434782608695652
    },
    "6": {
      "x": 0.45054945054945056,
      "y": 0.30434782608695654
    },
    "7": {
      "x": 0.5274725274725275,
      "y": 0.16304347826086957
    },
    "8": {
      "x": 0.5934065934065934,
      "y": 0.05434782608695652
    },
    "9": {
      "x": 0.4175824175824176,
      "y": 0.6304347826086957
    },
    "10": {
      "x": 0.6373626373626373,
      "y": 0.43478260869565216
    },
    "11": {
      "x": 0.5824175824175825,
      "y": 0.4891304347826087
    },
    "12": {
      "x": 0.4945054945054945,
      "y": 0.5543478260869565
    },
    "13": {
      "x": 0.5164835164835165,
      "y": 0.717391304347826
    },
    "14": {
      "x": 0.7032967032967034,
      "y": 0.5217391304347826
    },
    "15": {
      "x": 0.6593406593406593,
      "y": 0.5652173913043478
    },
    "16": {
      "x": 0.5824175824175825,
      "y": 0.6413043478260869
    },
    "17": {
      "x": 0.6043956043956044,
      "y": 0.782608695652174
    },
    "18": {
      "x": 0.7692307692307693,
      "y": 0.6195652173913043
    },
    "19": {
      "x": 0.8681318681318682,
      "y": 0.5217391304347826
    },
    "20": {
      "x": 0.945054945054945,
      "y": 0.45652173913043476
    }
  }
}