{
  "label": "love",
  "dataset": {
    "0": {
      "x": 0.2629310344827586,
      "y": 0.9814814814814815
    },
    "1": {
      "x": 0.46120689655172414,
      "y": 0.9222222222222223
    },
    "2": {
      "x": 0.6508620689655172,
      "y": 0.7444444444444445
    },
    "3": {
      "x": 0.8232758620689655,
      "y": 0.6148148148148148
    },
    "4": {
      "x": 0.978448275862069,
      "y": 0.5592592592592592
    },
    "5": {
      "x": 0.4870689655172414,
      "y": 0.5185185185185185
    },
    "6": {
      "x": 0.521551724137931,
      "y": 0.2962962962962963
    },
    "7": {
      "x": 0.5387931034482759,
      "y": 0.14444444444444443
    },
    "8": {
      "x": 0.5431034482758621,
      "y": 0.018518518518518517
    },
    "9": {
      "x": 0.33620689655172414,
      "y": 0.5148148148148148
    },
    "10": {
      "x": 0.35344827586206895,
      "y": 0.44074074074074077
    },
    "11": {
      "x": 0.3448275862068966,
      "y": 0.6222222222222222
    },
    "12": {
      "x": 0.33189655172413796,
      "y": 0.7407407407407407
    },
    "13": {
      "x": 0.2025862068965517,
      "y": 0.5296296296296297
    },
    "14": {
      "x": 0.1939655172413793,
      "y": 0.4703703703703704
    },
    "15": {
      "x": 0.22844827586206898,
      "y": 0.6259259259259259
    },
    "16": {
      "x": 0.25,
      "y": 0.7333333333333333
    },
    "17": {
      "x": 0.07327586206896551,
      "y": 0.5518518518518518
    },
    "18": {
      "x": 0.034482758620689655,
      "y": 0.37037037037037035
    },
    "19": {
      "x": 0.02586206896551724,
      "y": 0.26666666666666666
    },
    "20": {
      "x": 0.021551724137931036,
      "y": 0.15555555555555556
    }
  }
}