{
  "label": "love",
  "dataset": {
    "0": {
      "x": 0.2962962962962963,
      "y": 0.9768518518518519
    },
    "1": {
      "x": 0.4708994708994709,
      "y": 0.9027777777777778
    },
    "2": {
      "x": 0.6402116402116402,
      "y": 0.6990740740740741
    },
    "3": {
      "x": 0.7936507936507936,
      "y": 0.5462962962962963
    },
    "4": {
      "x": 0.9735449735449735,
      "y": 0.49074074074074076
    },
    "5": {
      "x": 0.5343915343915344,
      "y": 0.49537037037037035
    },
    "6": {
      "x": 0.5608465608465608,
      "y": 0.2916666666666667
    },
    "7": {
      "x": 0.5608465608465608,
      "y": 0.1527777777777778
    },
    "8": {
      "x": 0.5502645502645502,
      "y": 0.023148148148148147
    },
    "9": {
      "x": 0.3862433862433862,
      "y": 0.49537037037037035
    },
    "10": {
      "x": 0.38095238095238093,
      "y": 0.35185185185185186
    },
    "11": {
      "x": 0.4074074074074074,
      "y": 0.5277777777777778
    },
    "12": {
      "x": 0.43386243386243384,
      "y": 0.6296296296296297
    },
    "13": {
      "x": 0.23809523809523808,
      "y": 0.5231481481481481
    },
    "14": {
      "x": 0.2222222222222222,
      "y": 0.42592592592592593
    },
    "15": {
      "x": 0.2857142857142857,
      "y": 0.6018518518518519
    },
    "16": {
      "x": 0.3333333333333333,
      "y": 0.7129629629629629
    },
    "17": {
      "x": 0.10052910052910052,
      "y": 0.5648148148148148
    },
    "18": {
      "x": 0.06878306878306878,
      "y": 0.38425925925925924
    },
    "19": {
      "x": 0.047619047619047616,
      "y": 0.2824074074074074
    },
    "20": {
      "x": 0.026455026455026454,
      "y": 0.16203703703703703
    }
  }
}