{
  "label": "love",
  "dataset": {
    "0": {
      "x": 0.11554621848739496,
      "y": 0.9898167006109979
    },
    "1": {
      "x": 0.01050420168067227,
      "y": 0.6945010183299389
    },
    "2": {
      "x": 0.06092436974789916,
      "y": 0.43584521384928715
    },
    "3": {
      "x": 0.12605042016806722,
      "y": 0.23828920570264767
    },
    "4": {
      "x": 0.13655462184873948,
      "y": 0.1120162932790224
    },
    "5": {
      "x": 0.35294117647058826,
      "y": 0.3788187372708758
    },
    "6": {
      "x": 0.5252100840336135,
      "y": 0.1975560081466395
    },
    "7": {
      "x": 0.6470588235294118,
      "y": 0.09164969450101833
    },
    "8": {
      "x": 0.7457983193277311,
      "y": 0.010183299389002037
    },
    "9": {
      "x": 0.4579831932773109,
      "y": 0.45824847250509165
    },
    "10": {
      "x": 0.5651260504201681,
      "y": 0.329938900203666
    },
    "11": {
      "x": 0.40336134453781514,
      "y": 0.48879837067209775
    },
    "12": {
      "x": 0.2689075630252101,
      "y": 0.6008146639511202
    },
    "13": {
      "x": 0.5378151260504201,
      "y": 0.5478615071283096
    },
    "14": {
      "x": 0.6533613445378151,
      "y": 0.4215885947046843
    },
    "15": {
      "x": 0.4789915966386555,
      "y": 0.5661914460285132
    },
    "16": {
      "x": 0.35714285714285715,
      "y": 0.659877800407332
    },
    "17": {
      "x": 0.6050420168067226,
      "y": 0.6720977596741344
    },
    "18": {
      "x": 0.7857142857142857,
      "y": 0.5254582484725051
    },
    "19": {
      "x": 0.8781512605042017,
      "y": 0.43584521384928715
    },
    "20": {
      "x": 0.9894957983193278,
      "y": 0.3258655804480652
    }
  }
}