{
  "label": "love",
  "dataset": {
    "0": {
      "x": 0.5965665236051502,
      "y": 0.979757085020243
    },
    "1": {
      "x": 0.3905579399141631,
      "y": 0.9230769230769231
    },
    "2": {
      "x": 0.22317596566523606,
      "y": 0.7368421052631579
    },
    "3": {
      "x": 0.12875536480686695,
      "y": 0.5789473684210527
    },
    "4": {
      "x": 0.02145922746781116,
      "y": 0.47368421052631576
    },
    "5": {
      "x": 0.3905579399141631,
      "y": 0.4939271255060729
    },
    "6": {
      "x": 0.3218884120171674,
      "y": 0.27125506072874495
    },
    "7": {
      "x": 0.2832618025751073,
      "y": 0.1417004048582996
    },
    "8": {
      "x": 0.26180257510729615,
      "y": 0.020242914979757085
    },
    "9": {
      "x": 0.5364806866952789,
      "y": 0.4898785425101215
    },
    "10": {
      "x": 0.5236051502145923,
      "y": 0.4008097165991903
    },
    "11": {
      "x": 0.4978540772532189,
      "y": 0.5951417004048583
    },
    "12": {
      "x": 0.48497854077253216,
      "y": 0.7368421052631579
    },
    "13": {
      "x": 0.6738197424892703,
      "y": 0.5222672064777328
    },
    "14": {
      "x": 0.6952789699570815,
      "y": 0.4048582995951417
    },
    "15": {
      "x": 0.6437768240343348,
      "y": 0.5546558704453441
    },
    "16": {
      "x": 0.6008583690987125,
      "y": 0.6720647773279352
    },
    "17": {
      "x": 0.8025751072961373,
      "y": 0.5748987854251012
    },
    "18": {
      "x": 0.8884120171673819,
      "y": 0.4331983805668016
    },
    "19": {
      "x": 0.9356223175965666,
      "y": 0.340080971659919
    },
    "20": {
      "x": 0.9785407725321889,
      "y": 0.2388663967611336
    }
  }
}