{
  "label": "love",
  "dataset": {
    "0": {
      "x": 0.40229885057471265,
      "y": 0.9748743718592965
    },
    "1": {
      "x": 0.5919540229885057,
      "y": 0.8994974874371859
    },
    "2": {
      "x": 0.7471264367816092,
      "y": 0.7336683417085427
    },
    "3": {
      "x": 0.8390804597701149,
      "y": 0.5879396984924623
    },
    "4": {
      "x": 0.9712643678160919,
      "y": 0.5477386934673367
    },
    "5": {
      "x": 0.6551724137931034,
      "y": 0.5226130653266332
    },
    "6": {
      "x": 0.6666666666666666,
      "y": 0.2964824120603015
    },
    "7": {
      "x": 0.6494252873563219,
      "y": 0.1407035175879397
    },
    "8": {
      "x": 0.6379310344827587,
      "y": 0.02512562814070352
    },
    "9": {
      "x": 0.5172413793103449,
      "y": 0.5025125628140703
    },
    "10": {
      "x": 0.40229885057471265,
      "y": 0.4120603015075377
    },
    "11": {
      "x": 0.3793103448275862,
      "y": 0.5276381909547738
    },
    "12": {
      "x": 0.41379310344827586,
      "y": 0.5879396984924623
    },
    "13": {
      "x": 0.3735632183908046,
      "y": 0.5175879396984925
    },
    "14": {
      "x": 0.25862068965517243,
      "y": 0.4623115577889447
    },
    "15": {
      "x": 0.25287356321839083,
      "y": 0.5577889447236181
    },
    "16": {
      "x": 0.3045977011494253,
      "y": 0.6231155778894473
    },
    "17": {
      "x": 0.22413793103448276,
      "y": 0.542713567839196
    },
    "18": {
      "x": 0.14942528735632185,
      "y": 0.37185929648241206
    },
    "19": {
      "x": 0.06896551724137931,
      "y": 0.271356783919598
    },
    "20": {
      "x": 0.028735632183908046,
      "y": 0.18592964824120603
    }
  }
}