{
  "label": "love",
  "dataset": {
    "0": {
      "x": 0.5863874345549738,
      "y": 0.9794238683127572
    },
    "1": {
      "x": 0.33507853403141363,
      "y": 0.8477366255144033
    },
    "2": {
      "x": 0.20418848167539266,
      "y": 0.6378600823045267
    },
    "3": {
      "x": 0.1099476439790576,
      "y": 0.46502057613168724
    },
    "4": {
      "x": 0.02617801047120419,
      "y": 0.3497942386831276
    },
    "5": {
      "x": 0.4397905759162304,
      "y": 0.48559670781893005
    },
    "6": {
      "x": 0.47643979057591623,
      "y": 0.25925925925925924
    },
    "7": {
      "x": 0.5287958115183246,
      "y": 0.12345679012345678
    },
    "8": {
      "x": 0.5759162303664922,
      "y": 0.0205761316872428
    },
    "9": {
      "x": 0.5916230366492147,
      "y": 0.49794238683127573
    },
    "10": {
      "x": 0.5654450261780105,
      "y": 0.4403292181069959
    },
    "11": {
      "x": 0.5235602094240838,
      "y": 0.522633744855967
    },
    "12": {
      "x": 0.5078534031413613,
      "y": 0.588477366255144
    },
    "13": {
      "x": 0.7277486910994765,
      "y": 0.5473251028806584
    },
    "14": {
      "x": 0.680628272251309,
      "y": 0.4897119341563786
    },
    "15": {
      "x": 0.6387434554973822,
      "y": 0.5679012345679012
    },
    "16": {
      "x": 0.6282722513089005,
      "y": 0.6296296296296297
    },
    "17": {
      "x": 0.8481675392670157,
      "y": 0.6008230452674898
    },
    "18": {
      "x": 0.9162303664921466,
      "y": 0.4279835390946502
    },
    "19": {
      "x": 0.9476439790575916,
      "y": 0.3333333333333333
    },
    "20": {
      "x": 0.9738219895287958,
      "y": 0.2551440329218107
    }
  }
}