{
  "label": "love",
  "dataset": {
    "0": {
      "x": 0.21052631578947367,
      "y": 0.9901185770750988
    },
    "1": {
      "x": 0.48564593301435405,
      "y": 0.9268774703557312
    },
    "2": {
      "x": 0.6985645933014354,
      "y": 0.7806324110671937
    },
    "3": {
      "x": 0.8588516746411483,
      "y": 0.642292490118577
    },
    "4": {
      "x": 0.9880382775119617,
      "y": 0.5612648221343873
    },
    "5": {
      "x": 0.5454545454545454,
      "y": 0.4782608695652174
    },
    "6": {
      "x": 0.6148325358851675,
      "y": 0.2608695652173913
    },
    "7": {
      "x": 0.6411483253588517,
      "y": 0.12648221343873517
    },
    "8": {
      "x": 0.645933014354067,
      "y": 0.009881422924901186
    },
    "9": {
      "x": 0.37799043062200954,
      "y": 0.45652173913043476
    },
    "10": {
      "x": 0.3684210526315789,
      "y": 0.2984189723320158
    },
    "11": {
      "x": 0.36363636363636365,
      "y": 0.4743083003952569
    },
    "12": {
      "x": 0.3660287081339713,
      "y": 0.6146245059288538
    },
    "13": {
      "x": 0.22009569377990432,
      "y": 0.4683794466403162
    },
    "14": {
      "x": 0.20574162679425836,
      "y": 0.3300395256916996
    },
    "15": {
      "x": 0.23444976076555024,
      "y": 0.5079051383399209
    },
    "16": {
      "x": 0.2583732057416268,
      "y": 0.6324110671936759
    },
    "17": {
      "x": 0.0645933014354067,
      "y": 0.5039525691699605
    },
    "18": {
      "x": 0.03110047846889952,
      "y": 0.2984189723320158
    },
    "19": {
      "x": 0.014354066985645933,
      "y": 0.191699604743083
    },
    "20": {
      "x": 0.011961722488038277,
      "y": 0.06719367588932806
    }
  }
}