{
  "label": "love",
  "dataset": {
    "0": {
      "x": 0.43315508021390375,
      "y": 0.9704142011834319
    },
    "1": {
      "x": 0.6363636363636364,
      "y": 0.8994082840236687
    },
    "2": {
      "x": 0.7700534759358288,
      "y": 0.757396449704142
    },
    "3": {
      "x": 0.8716577540106952,
      "y": 0.6331360946745562
    },
    "4": {
      "x": 0.9732620320855615,
      "y": 0.5621301775147929
    },
    "5": {
      "x": 0.6096256684491979,
      "y": 0.5088757396449705
    },
    "6": {
      "x": 0.6577540106951871,
      "y": 0.28994082840236685
    },
    "7": {
      "x": 0.6844919786096256,
      "y": 0.13609467455621302
    },
    "8": {
      "x": 0.6951871657754011,
      "y": 0.029585798816568046
    },
    "9": {
      "x": 0.45989304812834225,
      "y": 0.4970414201183432
    },
    "10": {
      "x": 0.43315508021390375,
      "y": 0.40828402366863903
    },
    "11": {
      "x": 0.44919786096256686,
      "y": 0.5029585798816568
    },
    "12": {
      "x": 0.45989304812834225,
      "y": 0.5798816568047337
    },
    "13": {
      "x": 0.32620320855614976,
      "y": 0.5443786982248521
    },
    "14": {
      "x": 0.2994652406417112,
      "y": 0.46745562130177515
    },
    "15": {
      "x": 0.32085561497326204,
      "y": 0.5443786982248521
    },
    "16": {
      "x": 0.3422459893048128,
      "y": 0.621301775147929
    },
    "17": {
      "x": 0.20855614973262032,
      "y": 0.6035502958579881
    },
    "18": {
      "x": 0.11229946524064172,
      "y": 0.4556213017751479
    },
    "19": {
      "x": 0.06417112299465241,
      "y": 0.3609467455621302
    },
    "20": {
      "x": 0.026737967914438502,
      "y": 0.28402366863905326
    }
  }
}