{
  "label": "love",
  "dataset": {
    "0": {
      "x": 0.6994818652849741,
      "y": 0.9765258215962441
    },
    "1": {
      "x": 0.49222797927461137,
      "y": 0.9107981220657277
    },
    "2": {
      "x": 0.30569948186528495,
      "y": 0.7230046948356808
    },
    "3": {
      "x": 0.17098445595854922,
      "y": 0.5774647887323944
    },
    "4": {
      "x": 0.025906735751295335,
      "y": 0.5070422535211268
    },
    "5": {
      "x": 0.47150259067357514,
      "y": 0.49295774647887325
    },
    "6": {
      "x": 0.41450777202072536,
      "y": 0.27230046948356806
    },
    "7": {
      "x": 0.37823834196891193,
      "y": 0.13615023474178403
    },
    "8": {
      "x": 0.3471502590673575,
      "y": 0.023474178403755867
    },
    "9": {
      "x": 0.616580310880829,
      "y": 0.47417840375586856
    },
    "10": {
      "x": 0.5647668393782384,
      "y": 0.3568075117370892
    },
    "11": {
      "x": 0.5492227979274611,
      "y": 0.5305164319248826
    },
    "12": {
      "x": 0.5544041450777202,
      "y": 0.6807511737089202
    },
    "13": {
      "x": 0.7668393782383419,
      "y": 0.4835680751173709
    },
    "14": {
      "x": 0.7409326424870466,
      "y": 0.3145539906103286
    },
    "15": {
      "x": 0.689119170984456,
      "y": 0.4507042253521127
    },
    "16": {
      "x": 0.6528497409326425,
      "y": 0.5727699530516432
    },
    "17": {
      "x": 0.917098445595855,
      "y": 0.5117370892018779
    },
    "18": {
      "x": 0.9689119170984456,
      "y": 0.3333333333333333
    },
    "19": {
      "x": 0.9740932642487047,
      "y": 0.22065727699530516
    },
    "20": {
      "x": 0.9637305699481865,
      "y": 0.11737089201877934
    }
  }
}