{
  "label": "love",
  "dataset": {
    "0": {
      "x": 0.5781990521327014,
      "y": 0.989451476793249
    },
    "1": {
      "x": 0.3246445497630332,
      "y": 0.8417721518987342
    },
    "2": {
      "x": 0.17535545023696683,
      "y": 0.6286919831223629
    },
    "3": {
      "x": 0.1018957345971564,
      "y": 0.4430379746835443
    },
    "4": {
      "x": 0.011848341232227487,
      "y": 0.3270042194092827
    },
    "5": {
      "x": 0.44549763033175355,
      "y": 0.4345991561181435
    },
    "6": {
      "x": 0.4881516587677725,
      "y": 0.22362869198312235
    },
    "7": {
      "x": 0.523696682464455,
      "y": 0.11392405063291139
    },
    "8": {
      "x": 0.5497630331753555,
      "y": 0.010548523206751054
    },
    "9": {
      "x": 0.590047393364929,
      "y": 0.4641350210970464
    },
    "10": {
      "x": 0.6469194312796208,
      "y": 0.31645569620253167
    },
    "11": {
      "x": 0.6066350710900474,
      "y": 0.47468354430379744
    },
    "12": {
      "x": 0.5545023696682464,
      "y": 0.6012658227848101
    },
    "13": {
      "x": 0.7109004739336493,
      "y": 0.510548523206751
    },
    "14": {
      "x": 0.7843601895734598,
      "y": 0.39029535864978904
    },
    "15": {
      "x": 0.7227488151658767,
      "y": 0.540084388185654
    },
    "16": {
      "x": 0.6587677725118484,
      "y": 0.6476793248945147
    },
    "17": {
      "x": 0.8341232227488151,
      "y": 0.5759493670886076
    },
    "18": {
      "x": 0.9123222748815166,
      "y": 0.41561181434599154
    },
    "19": {
      "x": 0.95260663507109,
      "y": 0.3206751054852321
    },
    "20": {
      "x": 0.9881516587677726,
      "y": 0.21940928270042195
    }
  }
}