{
  "label": "love",
  "dataset": {
    "0": {
      "x": 0.12,
      "y": 0.8983050847457628
    },
    "1": {
      "x": 0.32,
      "y": 0.9152542372881356
    },
    "2": {
      "x": 0.56,
      "y": 0.8305084745762712
    },
    "3": {
      "x": 0.74,
      "y": 0.7966101694915254
    },
    "4": {
      "x": 0.9,
      "y": 0.7966101694915254
    },
    "5": {
      "x": 0.5,
      "y": 0.5423728813559322
    },
    "6": {
      "x": 0.6,
      "y": 0.3389830508474576
    },
    "7": {
      "x": 0.66,
      "y": 0.2033898305084746
    },
    "8": {
      "x": 0.7,
      "y": 0.0847457627118644
    },
    "9": {
      "x": 0.38,
      "y": 0.5084745762711864
    },
    "10": {
      "x": 0.46,
      "y": 0.423728813559322
    },
    "11": {
      "x": 0.48,
      "y": 0.559322033898305
    },
    "12": {
      "x": 0.44,
      "y": 0.6779661016949152
    },
    "13": {
      "x": 0.24,
      "y": 0.4745762711864407
    },
    "14": {
      "x": 0.32,
      "y": 0.3389830508474576
    },
    "15": {
      "x": 0.36,
      "y": 0.4576271186440678
    },
    "16": {
      "x": 0.36,
      "y": 0.576271186440678
    },
    "17": {
      "x": 0.1,
      "y": 0.4745762711864407
    },
    "18": {
      "x": 0.12,
      "y": 0.288135593220339
    },
    "19": {
      "x": 0.14,
      "y": 0.1864406779661017
    },
    "20": {
      "x": 0.14,
      "y": 0.0847457627118644
    }
  }
}