{
  "label": "love",
  "dataset": {
    "0": {
      "x": 0.06746031746031746,
      "y": 0.9802371541501976
    },
    "1": {
      "x": 0.01984126984126984,
      "y": 0.6837944664031621
    },
    "2": {
      "x": 0.0873015873015873,
      "y": 0.42292490118577075
    },
    "3": {
      "x": 0.15476190476190477,
      "y": 0.19367588932806323
    },
    "4": {
      "x": 0.17857142857142858,
      "y": 0.019762845849802372
    },
    "5": {
      "x": 0.28174603174603174,
      "y": 0.48221343873517786
    },
    "6": {
      "x": 0.5912698412698413,
      "y": 0.2727272727272727
    },
    "7": {
      "x": 0.7658730158730159,
      "y": 0.15810276679841898
    },
    "8": {
      "x": 0.9126984126984127,
      "y": 0.07114624505928854
    },
    "9": {
      "x": 0.4365079365079365,
      "y": 0.6126482213438735
    },
    "10": {
      "x": 0.6309523809523809,
      "y": 0.3952569169960474
    },
    "11": {
      "x": 0.5317460317460317,
      "y": 0.43478260869565216
    },
    "12": {
      "x": 0.44047619047619047,
      "y": 0.48616600790513836
    },
    "13": {
      "x": 0.5357142857142857,
      "y": 0.7391304347826086
    },
    "14": {
      "x": 0.6785714285714286,
      "y": 0.5177865612648221
    },
    "15": {
      "x": 0.5992063492063492,
      "y": 0.5533596837944664
    },
    "16": {
      "x": 0.5158730158730159,
      "y": 0.616600790513834
    },
    "17": {
      "x": 0.6031746031746031,
      "y": 0.849802371541502
    },
    "18": {
      "x": 0.8333333333333334,
      "y": 0.6442687747035574
    },
    "19": {
      "x": 0.9246031746031746,
      "y": 0.5296442687747036
    },
    "20": {
      "x": 0.9801587301587301,
      "y": 0.43873517786561267
    }
  }
}