{
  "label": "love",
  "dataset": {
    "0": {
      "x": 0.14186851211072665,
      "y": 0.9860724233983287
    },
    "1": {
      "x": 0.3806228373702422,
      "y": 0.9498607242339833
    },
    "2": {
      "x": 0.6020761245674741,
      "y": 0.841225626740947
    },
    "3": {
      "x": 0.7993079584775087,
      "y": 0.7910863509749304
    },
    "4": {
      "x": 0.9826989619377162,
      "y": 0.7827298050139275
    },
    "5": {
      "x": 0.43944636678200694,
      "y": 0.5097493036211699
    },
    "6": {
      "x": 0.49480968858131485,
      "y": 0.2785515320334262
    },
    "7": {
      "x": 0.5432525951557093,
      "y": 0.1392757660167131
    },
    "8": {
      "x": 0.5882352941176471,
      "y": 0.013927576601671309
    },
    "9": {
      "x": 0.29411764705882354,
      "y": 0.5181058495821727
    },
    "10": {
      "x": 0.3079584775086505,
      "y": 0.3342618384401114
    },
    "11": {
      "x": 0.4186851211072664,
      "y": 0.4623955431754875
    },
    "12": {
      "x": 0.49480968858131485,
      "y": 0.5905292479108635
    },
    "13": {
      "x": 0.15916955017301038,
      "y": 0.5710306406685237
    },
    "14": {
      "x": 0.18685121107266436,
      "y": 0.4233983286908078
    },
    "15": {
      "x": 0.3356401384083045,
      "y": 0.5543175487465181
    },
    "16": {
      "x": 0.43944636678200694,
      "y": 0.6629526462395543
    },
    "17": {
      "x": 0.03806228373702422,
      "y": 0.6518105849582173
    },
    "18": {
      "x": 0.01730103806228374,
      "y": 0.4986072423398329
    },
    "19": {
      "x": 0.031141868512110725,
      "y": 0.40947075208913647
    },
    "20": {
      "x": 0.031141868512110725,
      "y": 0.30919220055710306
    }
  }
}