{
  "label": "love",
  "dataset": {
    "0": {
      "x": 0.5743243243243243,
      "y": 0.9629629629629629
    },
    "1": {
      "x": 0.43243243243243246,
      "y": 0.9691358024691358
    },
    "2": {
      "x": 0.3108108108108108,
      "y": 0.9012345679012346
    },
    "3": {
      "x": 0.17567567567567569,
      "y": 0.8271604938271605
    },
    "4": {
      "x": 0.033783783783783786,
      "y": 0.7716049382716049
    },
    "5": {
      "x": 0.43243243243243246,
      "y": 0.5679012345679012
    },
    "6": {
      "x": 0.31756756756756754,
      "y": 0.3148148148148148
    },
    "7": {
      "x": 0.25675675675675674,
      "y": 0.16049382716049382
    },
    "8": {
      "x": 0.20945945945945946,
      "y": 0.030864197530864196
    },
    "9": {
      "x": 0.5405405405405406,
      "y": 0.5432098765432098
    },
    "10": {
      "x": 0.5202702702702703,
      "y": 0.4567901234567901
    },
    "11": {
      "x": 0.5202702702702703,
      "y": 0.6481481481481481
    },
    "12": {
      "x": 0.5067567567567568,
      "y": 0.7901234567901234
    },
    "13": {
      "x": 0.6418918918918919,
      "y": 0.5493827160493827
    },
    "14": {
      "x": 0.6418918918918919,
      "y": 0.4567901234567901
    },
    "15": {
      "x": 0.6283783783783784,
      "y": 0.6234567901234568
    },
    "16": {
      "x": 0.6013513513513513,
      "y": 0.7469135802469136
    },
    "17": {
      "x": 0.7432432432432432,
      "y": 0.5617283950617284
    },
    "18": {
      "x": 0.8243243243243243,
      "y": 0.3950617283950617
    },
    "19": {
      "x": 0.9054054054054054,
      "y": 0.29012345679012347
    },
    "20": {
      "x": 0.9662162162162162,
      "y": 0.17901234567901234
    }
  }
}