{
  "label": "love",
  "dataset": {
    "0": {
      "x": 0.4397905759162304,
      "y": 0.9794238683127572
    },
    "1": {
      "x": 0.6492146596858639,
      "y": 0.8930041152263375
    },
    "2": {
      "x": 0.8115183246073299,
      "y": 0.720164609053498
    },
    "3": {
      "x": 0.9109947643979057,
      "y": 0.5637860082304527
    },
    "4": {
      "x": 0.9738219895287958,
      "y": 0.4444444444444444
    },
    "5": {
      "x": 0.6178010471204188,
      "y": 0.49794238683127573
    },
    "6": {
      "x": 0.643979057591623,
      "y": 0.27983539094650206
    },
    "7": {
      "x": 0.6596858638743456,
      "y": 0.13991769547325103
    },
    "8": {
      "x": 0.6649214659685864,
      "y": 0.0205761316872428
    },
    "9": {
      "x": 0.45549738219895286,
      "y": 0.5102880658436214
    },
    "10": {
      "x": 0.418848167539267,
      "y": 0.3950617283950617
    },
    "11": {
      "x": 0.4293193717277487,
      "y": 0.5555555555555556
    },
    "12": {
      "x": 0.44502617801047123,
      "y": 0.6790123456790124
    },
    "13": {
      "x": 0.31413612565445026,
      "y": 0.5390946502057613
    },
    "14": {
      "x": 0.2670157068062827,
      "y": 0.4279835390946502
    },
    "15": {
      "x": 0.3089005235602094,
      "y": 0.5679012345679012
    },
    "16": {
      "x": 0.34554973821989526,
      "y": 0.6748971193415638
    },
    "17": {
      "x": 0.18324607329842932,
      "y": 0.588477366255144
    },
    "18": {
      "x": 0.09424083769633508,
      "y": 0.4279835390946502
    },
    "19": {
      "x": 0.05235602094240838,
      "y": 0.3333333333333333
    },
    "20": {
      "x": 0.02617801047120419,
      "y": 0.22633744855967078
    }
  }
}