{
  "label": "love",
  "dataset": {
    "0": {
      "x": 0.43023255813953487,
      "y": 0.9777777777777777
    },
    "1": {
      "x": 0.26744186046511625,
      "y": 0.9066666666666666
    },
    "2": {
      "x": 0.1511627906976744,
      "y": 0.72
    },
    "3": {
      "x": 0.10077519379844961,
      "y": 0.5511111111111111
    },
    "4": {
      "x": 0.01937984496124031,
      "y": 0.4266666666666667
    },
    "5": {
      "x": 0.3643410852713178,
      "y": 0.52
    },
    "6": {
      "x": 0.39147286821705424,
      "y": 0.28
    },
    "7": {
      "x": 0.4108527131782946,
      "y": 0.14666666666666667
    },
    "8": {
      "x": 0.44573643410852715,
      "y": 0.022222222222222223
    },
    "9": {
      "x": 0.5,
      "y": 0.5422222222222223
    },
    "10": {
      "x": 0.5542635658914729,
      "y": 0.5066666666666667
    },
    "11": {
      "x": 0.5077519379844961,
      "y": 0.7066666666666667
    },
    "12": {
      "x": 0.46124031007751937,
      "y": 0.84
    },
    "13": {
      "x": 0.6124031007751938,
      "y": 0.5911111111111111
    },
    "14": {
      "x": 0.6976744186046512,
      "y": 0.5333333333333333
    },
    "15": {
      "x": 0.6472868217054264,
      "y": 0.6888888888888889
    },
    "16": {
      "x": 0.5968992248062015,
      "y": 0.8
    },
    "17": {
      "x": 0.7054263565891473,
      "y": 0.6533333333333333
    },
    "18": {
      "x": 0.8255813953488372,
      "y": 0.5333333333333333
    },
    "19": {
      "x": 0.9108527131782945,
      "y": 0.4711111111111111
    },
    "20": {
      "x": 0.9806201550387597,
      "y": 0.4
    }
  }
}