{
  "label": "love",
  "dataset": {
    "0": {
      "x": 0.6806083650190115,
      "y": 0.9758454106280193
    },
    "1": {
      "x": 0.5019011406844106,
      "y": 0.961352657004831
    },
    "2": {
      "x": 0.311787072243346,
      "y": 0.855072463768116
    },
    "3": {
      "x": 0.155893536121673,
      "y": 0.7729468599033816
    },
    "4": {
      "x": 0.019011406844106463,
      "y": 0.748792270531401
    },
    "5": {
      "x": 0.38783269961977185,
      "y": 0.4830917874396135
    },
    "6": {
      "x": 0.3193916349809886,
      "y": 0.30434782608695654
    },
    "7": {
      "x": 0.26996197718631176,
      "y": 0.15942028985507245
    },
    "8": {
      "x": 0.23574144486692014,
      "y": 0.024154589371980676
    },
    "9": {
      "x": 0.5057034220532319,
      "y": 0.38164251207729466
    },
    "10": {
      "x": 0.5931558935361216,
      "y": 0.4927536231884058
    },
    "11": {
      "x": 0.6197718631178707,
      "y": 0.7198067632850241
    },
    "12": {
      "x": 0.6197718631178707,
      "y": 0.8695652173913043
    },
    "13": {
      "x": 0.6387832699619772,
      "y": 0.37681159420289856
    },
    "14": {
      "x": 0.7300380228136882,
      "y": 0.46859903381642515
    },
    "15": {
      "x": 0.7300380228136882,
      "y": 0.6859903381642513
    },
    "16": {
      "x": 0.7072243346007605,
      "y": 0.8357487922705314
    },
    "17": {
      "x": 0.7642585551330798,
      "y": 0.41545893719806765
    },
    "18": {
      "x": 0.8479087452471483,
      "y": 0.26570048309178745
    },
    "19": {
      "x": 0.9201520912547528,
      "y": 0.15458937198067632
    },
    "20": {
      "x": 0.9809885931558935,
      "y": 0.05314009661835749
    }
  }
}