{
  "label": "love",
  "dataset": {
    "0": {
      "x": 0.8050632911392405,
      "y": 0.99
    },
    "1": {
      "x": 0.4962025316455696,
      "y": 0.958
    },
    "2": {
      "x": 0.2936708860759494,
      "y": 0.816
    },
    "3": {
      "x": 0.1341772151898734,
      "y": 0.666
    },
    "4": {
      "x": 0.012658227848101266,
      "y": 0.578
    },
    "5": {
      "x": 0.40253164556962023,
      "y": 0.548
    },
    "6": {
      "x": 0.3012658227848101,
      "y": 0.282
    },
    "7": {
      "x": 0.2379746835443038,
      "y": 0.132
    },
    "8": {
      "x": 0.19746835443037974,
      "y": 0.01
    },
    "9": {
      "x": 0.579746835443038,
      "y": 0.492
    },
    "10": {
      "x": 0.5620253164556962,
      "y": 0.228
    },
    "11": {
      "x": 0.569620253164557,
      "y": 0.3
    },
    "12": {
      "x": 0.5746835443037974,
      "y": 0.386
    },
    "13": {
      "x": 0.7544303797468355,
      "y": 0.49
    },
    "14": {
      "x": 0.7291139240506329,
      "y": 0.242
    },
    "15": {
      "x": 0.7291139240506329,
      "y": 0.294
    },
    "16": {
      "x": 0.7316455696202532,
      "y": 0.372
    },
    "17": {
      "x": 0.8987341772151899,
      "y": 0.52
    },
    "18": {
      "x": 0.9265822784810127,
      "y": 0.316
    },
    "19": {
      "x": 0.9569620253164557,
      "y": 0.224
    },
    "20": {
      "x": 0.9873417721518988,
      "y": 0.15
    }
  }
}