{
  "label": "love",
  "dataset": {
    "0": {
      "x": 0.9557522123893806,
      "y": 0.8992248062015504
    },
    "1": {
      "x": 0.7610619469026548,
      "y": 0.9612403100775194
    },
    "2": {
      "x": 0.46017699115044247,
      "y": 0.8992248062015504
    },
    "3": {
      "x": 0.24778761061946902,
      "y": 0.8837209302325582
    },
    "4": {
      "x": 0.10619469026548672,
      "y": 0.937984496124031
    },
    "5": {
      "x": 0.415929203539823,
      "y": 0.6124031007751938
    },
    "6": {
      "x": 0.23008849557522124,
      "y": 0.43410852713178294
    },
    "7": {
      "x": 0.12389380530973451,
      "y": 0.3178294573643411
    },
    "8": {
      "x": 0.04424778761061947,
      "y": 0.21705426356589147
    },
    "9": {
      "x": 0.504424778761062,
      "y": 0.5348837209302325
    },
    "10": {
      "x": 0.3185840707964602,
      "y": 0.3953488372093023
    },
    "11": {
      "x": 0.35398230088495575,
      "y": 0.5193798449612403
    },
    "12": {
      "x": 0.4247787610619469,
      "y": 0.6201550387596899
    },
    "13": {
      "x": 0.6283185840707964,
      "y": 0.46511627906976744
    },
    "14": {
      "x": 0.4424778761061947,
      "y": 0.31007751937984496
    },
    "15": {
      "x": 0.45132743362831856,
      "y": 0.4108527131782946
    },
    "16": {
      "x": 0.48672566371681414,
      "y": 0.5116279069767442
    },
    "17": {
      "x": 0.7699115044247787,
      "y": 0.4263565891472868
    },
    "18": {
      "x": 0.672566371681416,
      "y": 0.24031007751937986
    },
    "19": {
      "x": 0.5929203539823009,
      "y": 0.13178294573643412
    },
    "20": {
      "x": 0.5221238938053098,
      "y": 0.03875968992248062
    }
  }
}