{
  "label": "love",
  "dataset": {
    "0": {
      "x": 0.5882352941176471,
      "y": 0.8837209302325582
    },
    "1": {
      "x": 0.35294117647058826,
      "y": 0.8604651162790697
    },
    "2": {
      "x": 0.17647058823529413,
      "y": 0.6976744186046512
    },
    "3": {
      "x": 0.14705882352941177,
      "y": 0.5348837209302325
    },
    "4": {
      "x": 0.20588235294117646,
      "y": 0.4186046511627907
    },
    "5": {
      "x": 0.23529411764705882,
      "y": 0.5116279069767442
    },
    "6": {
      "x": 0.20588235294117646,
      "y": 0.3488372093023256
    },
    "7": {
      "x": 0.20588235294117646,
      "y": 0.3953488372093023
    },
    "8": {
      "x": 0.17647058823529413,
      "y": 0.4418604651162791
    },
    "9": {
      "x": 0.4411764705882353,
      "y": 0.4883720930232558
    },
    "10": {
      "x": 0.4411764705882353,
      "y": 0.3488372093023256
    },
    "11": {
      "x": 0.4411764705882353,
      "y": 0.4883720930232558
    },
    "12": {
      "x": 0.4411764705882353,
      "y": 0.6046511627906976
    },
    "13": {
      "x": 0.6176470588235294,
      "y": 0.46511627906976744
    },
    "14": {
      "x": 0.6470588235294118,
      "y": 0.3488372093023256
    },
    "15": {
      "x": 0.6176470588235294,
      "y": 0.4883720930232558
    },
    "16": {
      "x": 0.5882352941176471,
      "y": 0.627906976744186
    },
    "17": {
      "x": 0.8235294117647058,
      "y": 0.4883720930232558
    },
    "18": {
      "x": 0.8529411764705882,
      "y": 0.3023255813953488
    },
    "19": {
      "x": 0.8529411764705882,
      "y": 0.20930232558139536
    },
    "20": {
      "x": 0.8529411764705882,
      "y": 0.11627906976744186
    }
  }
}