{
  "label": "love",
  "dataset": {
    "0": {
      "x": 0.4,
      "y": 0.9736842105263158
    },
    "1": {
      "x": 0.5333333333333333,
      "y": 0.8894736842105263
    },
    "2": {
      "x": 0.6666666666666666,
      "y": 0.7421052631578947
    },
    "3": {
      "x": 0.8181818181818182,
      "y": 0.6578947368421053
    },
    "4": {
      "x": 0.9696969696969697,
      "y": 0.6368421052631579
    },
    "5": {
      "x": 0.6121212121212121,
      "y": 0.5210526315789473
    },
    "6": {
      "x": 0.6545454545454545,
      "y": 0.3105263157894737
    },
    "7": {
      "x": 0.6909090909090909,
      "y": 0.15789473684210525
    },
    "8": {
      "x": 0.7090909090909091,
      "y": 0.02631578947368421
    },
    "9": {
      "x": 0.4727272727272727,
      "y": 0.5263157894736842
    },
    "10": {
      "x": 0.44242424242424244,
      "y": 0.42105263157894735
    },
    "11": {
      "x": 0.4727272727272727,
      "y": 0.5947368421052631
    },
    "12": {
      "x": 0.503030303030303,
      "y": 0.6894736842105263
    },
    "13": {
      "x": 0.3393939393939394,
      "y": 0.5578947368421052
    },
    "14": {
      "x": 0.3151515151515151,
      "y": 0.48947368421052634
    },
    "15": {
      "x": 0.3878787878787879,
      "y": 0.6421052631578947
    },
    "16": {
      "x": 0.4303030303030303,
      "y": 0.7421052631578947
    },
    "17": {
      "x": 0.21212121212121213,
      "y": 0.6105263157894737
    },
    "18": {
      "x": 0.13333333333333333,
      "y": 0.4473684210526316
    },
    "19": {
      "x": 0.07878787878787878,
      "y": 0.3526315789473684
    },
    "20": {
      "x": 0.030303030303030304,
      "y": 0.23684210526315788
    }
  }
}