{
  "label": "love",
  "dataset": {
    "0": {
      "x": 0.4095238095238095,
      "y": 0.9892703862660944
    },
    "1": {
      "x": 0.6452380952380953,
      "y": 0.8175965665236051
    },
    "2": {
      "x": 0.8071428571428572,
      "y": 0.6008583690987125
    },
    "3": {
      "x": 0.8761904761904762,
      "y": 0.38412017167381973
    },
    "4": {
      "x": 0.9880952380952381,
      "y": 0.2575107296137339
    },
    "5": {
      "x": 0.5380952380952381,
      "y": 0.45278969957081544
    },
    "6": {
      "x": 0.5,
      "y": 0.24034334763948498
    },
    "7": {
      "x": 0.4595238095238095,
      "y": 0.12017167381974249
    },
    "8": {
      "x": 0.4238095238095238,
      "y": 0.01072961373390558
    },
    "9": {
      "x": 0.3904761904761905,
      "y": 0.49141630901287553
    },
    "10": {
      "x": 0.3261904761904762,
      "y": 0.33047210300429186
    },
    "11": {
      "x": 0.3952380952380952,
      "y": 0.49141630901287553
    },
    "12": {
      "x": 0.46190476190476193,
      "y": 0.6137339055793991
    },
    "13": {
      "x": 0.26904761904761904,
      "y": 0.5493562231759657
    },
    "14": {
      "x": 0.2119047619047619,
      "y": 0.41416309012875535
    },
    "15": {
      "x": 0.30714285714285716,
      "y": 0.572961373390558
    },
    "16": {
      "x": 0.38095238095238093,
      "y": 0.6759656652360515
    },
    "17": {
      "x": 0.15,
      "y": 0.6158798283261803
    },
    "18": {
      "x": 0.08333333333333333,
      "y": 0.45064377682403434
    },
    "19": {
      "x": 0.047619047619047616,
      "y": 0.3583690987124464
    },
    "20": {
      "x": 0.011904761904761904,
      "y": 0.24034334763948498
    }
  }
}