{
  "label": "love",
  "dataset": {
    "0": {
      "x": 0.1583710407239819,
      "y": 0.9809885931558935
    },
    "1": {
      "x": 0.416289592760181,
      "y": 0.973384030418251
    },
    "2": {
      "x": 0.6606334841628959,
      "y": 0.8403041825095057
    },
    "3": {
      "x": 0.8235294117647058,
      "y": 0.7110266159695817
    },
    "4": {
      "x": 0.9773755656108597,
      "y": 0.6615969581749049
    },
    "5": {
      "x": 0.5248868778280543,
      "y": 0.5285171102661597
    },
    "6": {
      "x": 0.6018099547511312,
      "y": 0.2965779467680608
    },
    "7": {
      "x": 0.6561085972850679,
      "y": 0.1444866920152091
    },
    "8": {
      "x": 0.6832579185520362,
      "y": 0.019011406844106463
    },
    "9": {
      "x": 0.3665158371040724,
      "y": 0.5057034220532319
    },
    "10": {
      "x": 0.3891402714932127,
      "y": 0.3840304182509506
    },
    "11": {
      "x": 0.37104072398190047,
      "y": 0.5627376425855514
    },
    "12": {
      "x": 0.3438914027149321,
      "y": 0.6996197718631179
    },
    "13": {
      "x": 0.2171945701357466,
      "y": 0.5019011406844106
    },
    "14": {
      "x": 0.22171945701357465,
      "y": 0.376425855513308
    },
    "15": {
      "x": 0.2398190045248869,
      "y": 0.5475285171102662
    },
    "16": {
      "x": 0.248868778280543,
      "y": 0.6768060836501901
    },
    "17": {
      "x": 0.07239819004524888,
      "y": 0.5095057034220533
    },
    "18": {
      "x": 0.04524886877828054,
      "y": 0.3155893536121673
    },
    "19": {
      "x": 0.03167420814479638,
      "y": 0.21673003802281368
    },
    "20": {
      "x": 0.02262443438914027,
      "y": 0.10266159695817491
    }
  }
}