{
  "label": "love",
  "dataset": {
    "0": {
      "x": 0.1694915254237288,
      "y": 0.9629629629629629
    },
    "1": {
      "x": 0.3898305084745763,
      "y": 0.9259259259259259
    },
    "2": {
      "x": 0.6016949152542372,
      "y": 0.7555555555555555
    },
    "3": {
      "x": 0.788135593220339,
      "y": 0.6296296296296297
    },
    "4": {
      "x": 0.9576271186440678,
      "y": 0.6
    },
    "5": {
      "x": 0.5169491525423728,
      "y": 0.5111111111111111
    },
    "6": {
      "x": 0.6101694915254238,
      "y": 0.3037037037037037
    },
    "7": {
      "x": 0.6694915254237288,
      "y": 0.16296296296296298
    },
    "8": {
      "x": 0.711864406779661,
      "y": 0.037037037037037035
    },
    "9": {
      "x": 0.3559322033898305,
      "y": 0.48148148148148145
    },
    "10": {
      "x": 0.3728813559322034,
      "y": 0.35555555555555557
    },
    "11": {
      "x": 0.3728813559322034,
      "y": 0.5333333333333333
    },
    "12": {
      "x": 0.3644067796610169,
      "y": 0.6666666666666666
    },
    "13": {
      "x": 0.19491525423728814,
      "y": 0.48148148148148145
    },
    "14": {
      "x": 0.2033898305084746,
      "y": 0.35555555555555557
    },
    "15": {
      "x": 0.23728813559322035,
      "y": 0.5185185185185185
    },
    "16": {
      "x": 0.2627118644067797,
      "y": 0.6518518518518519
    },
    "17": {
      "x": 0.0423728813559322,
      "y": 0.4962962962962963
    },
    "18": {
      "x": 0.0423728813559322,
      "y": 0.3037037037037037
    },
    "19": {
      "x": 0.059322033898305086,
      "y": 0.1925925925925926
    },
    "20": {
      "x": 0.06779661016949153,
      "y": 0.07407407407407407
    }
  }
}