{
  "label": "love",
  "dataset": {
    "0": {
      "x": 0.8571428571428571,
      "y": 0.9324324324324325
    },
    "1": {
      "x": 0.8571428571428571,
      "y": 0.7567567567567568
    },
    "2": {
      "x": 0.8285714285714286,
      "y": 0.4864864864864865
    },
    "3": {
      "x": 0.8285714285714286,
      "y": 0.2972972972972973
    },
    "4": {
      "x": 0.9285714285714286,
      "y": 0.16216216216216217
    },
    "5": {
      "x": 0.7571428571428571,
      "y": 0.527027027027027
    },
    "6": {
      "x": 0.6285714285714286,
      "y": 0.2972972972972973
    },
    "7": {
      "x": 0.5428571428571428,
      "y": 0.16216216216216217
    },
    "8": {
      "x": 0.4714285714285714,
      "y": 0.06756756756756757
    },
    "9": {
      "x": 0.6857142857142857,
      "y": 0.6216216216216216
    },
    "10": {
      "x": 0.38571428571428573,
      "y": 0.5
    },
    "11": {
      "x": 0.44285714285714284,
      "y": 0.5675675675675675
    },
    "12": {
      "x": 0.5571428571428572,
      "y": 0.6216216216216216
    },
    "13": {
      "x": 0.6142857142857143,
      "y": 0.7297297297297297
    },
    "14": {
      "x": 0.32857142857142857,
      "y": 0.6351351351351351
    },
    "15": {
      "x": 0.38571428571428573,
      "y": 0.6756756756756757
    },
    "16": {
      "x": 0.4857142857142857,
      "y": 0.7027027027027027
    },
    "17": {
      "x": 0.5428571428571428,
      "y": 0.8513513513513513
    },
    "18": {
      "x": 0.3142857142857143,
      "y": 0.7972972972972973
    },
    "19": {
      "x": 0.17142857142857143,
      "y": 0.7837837837837838
    },
    "20": {
      "x": 0.07142857142857142,
      "y": 0.7567567567567568
    }
  }
}