{
  "label": "love",
  "dataset": {
    "0": {
      "x": 0.28078817733990147,
      "y": 0.9795081967213115
    },
    "1": {
      "x": 0.541871921182266,
      "y": 0.8565573770491803
    },
    "2": {
      "x": 0.7044334975369458,
      "y": 0.6844262295081968
    },
    "3": {
      "x": 0.8522167487684729,
      "y": 0.5409836065573771
    },
    "4": {
      "x": 0.9753694581280788,
      "y": 0.4426229508196721
    },
    "5": {
      "x": 0.4630541871921182,
      "y": 0.5040983606557377
    },
    "6": {
      "x": 0.5320197044334976,
      "y": 0.26639344262295084
    },
    "7": {
      "x": 0.5714285714285714,
      "y": 0.12704918032786885
    },
    "8": {
      "x": 0.5862068965517241,
      "y": 0.020491803278688523
    },
    "9": {
      "x": 0.2857142857142857,
      "y": 0.48770491803278687
    },
    "10": {
      "x": 0.4088669950738916,
      "y": 0.3770491803278688
    },
    "11": {
      "x": 0.4482758620689655,
      "y": 0.45491803278688525
    },
    "12": {
      "x": 0.4482758620689655,
      "y": 0.5286885245901639
    },
    "13": {
      "x": 0.1477832512315271,
      "y": 0.5204918032786885
    },
    "14": {
      "x": 0.270935960591133,
      "y": 0.42213114754098363
    },
    "15": {
      "x": 0.31527093596059114,
      "y": 0.5
    },
    "16": {
      "x": 0.3103448275862069,
      "y": 0.5655737704918032
    },
    "17": {
      "x": 0.054187192118226604,
      "y": 0.5655737704918032
    },
    "18": {
      "x": 0.034482758620689655,
      "y": 0.3729508196721312
    },
    "19": {
      "x": 0.029556650246305417,
      "y": 0.27459016393442626
    },
    "20": {
      "x": 0.024630541871921183,
      "y": 0.20081967213114754
    }
  }
}