{
  "label": "love",
  "dataset": {
    "0": {
      "x": 0.49356223175965663,
      "y": 0.9841269841269841
    },
    "1": {
      "x": 0.6909871244635193,
      "y": 0.8253968253968254
    },
    "2": {
      "x": 0.7725321888412017,
      "y": 0.6317460317460317
    },
    "3": {
      "x": 0.8583690987124464,
      "y": 0.48253968253968255
    },
    "4": {
      "x": 0.9785407725321889,
      "y": 0.3904761904761905
    },
    "5": {
      "x": 0.6180257510729614,
      "y": 0.5587301587301587
    },
    "6": {
      "x": 0.5622317596566524,
      "y": 0.2920634920634921
    },
    "7": {
      "x": 0.5236051502145923,
      "y": 0.1365079365079365
    },
    "8": {
      "x": 0.47639484978540775,
      "y": 0.015873015873015872
    },
    "9": {
      "x": 0.45064377682403434,
      "y": 0.580952380952381
    },
    "10": {
      "x": 0.41201716738197425,
      "y": 0.3619047619047619
    },
    "11": {
      "x": 0.4721030042918455,
      "y": 0.44126984126984126
    },
    "12": {
      "x": 0.5021459227467812,
      "y": 0.5238095238095238
    },
    "13": {
      "x": 0.3090128755364807,
      "y": 0.638095238095238
    },
    "14": {
      "x": 0.2918454935622318,
      "y": 0.43492063492063493
    },
    "15": {
      "x": 0.34763948497854075,
      "y": 0.4857142857142857
    },
    "16": {
      "x": 0.3776824034334764,
      "y": 0.5587301587301587
    },
    "17": {
      "x": 0.18025751072961374,
      "y": 0.692063492063492
    },
    "18": {
      "x": 0.08583690987124463,
      "y": 0.46984126984126984
    },
    "19": {
      "x": 0.05150214592274678,
      "y": 0.3619047619047619
    },
    "20": {
      "x": 0.02145922746781116,
      "y": 0.273015873015873
    }
  }
}