{
  "label": "love",
  "dataset": {
    "0": {
      "x": 0.5,
      "y": 0.9479166666666666
    },
    "1": {
      "x": 0.6829268292682927,
      "y": 0.8541666666666666
    },
    "2": {
      "x": 0.8048780487804879,
      "y": 0.6666666666666666
    },
    "3": {
      "x": 0.8780487804878049,
      "y": 0.5208333333333334
    },
    "4": {
      "x": 0.9390243902439024,
      "y": 0.40625
    },
    "5": {
      "x": 0.6097560975609756,
      "y": 0.5
    },
    "6": {
      "x": 0.5853658536585366,
      "y": 0.3020833333333333
    },
    "7": {
      "x": 0.5609756097560976,
      "y": 0.16666666666666666
    },
    "8": {
      "x": 0.524390243902439,
      "y": 0.052083333333333336
    },
    "9": {
      "x": 0.47560975609756095,
      "y": 0.5208333333333334
    },
    "10": {
      "x": 0.4634146341463415,
      "y": 0.4375
    },
    "11": {
      "x": 0.5,
      "y": 0.5833333333333334
    },
    "12": {
      "x": 0.5365853658536586,
      "y": 0.7083333333333334
    },
    "13": {
      "x": 0.32926829268292684,
      "y": 0.5625
    },
    "14": {
      "x": 0.34146341463414637,
      "y": 0.5
    },
    "15": {
      "x": 0.3902439024390244,
      "y": 0.6354166666666666
    },
    "16": {
      "x": 0.43902439024390244,
      "y": 0.75
    },
    "17": {
      "x": 0.2073170731707317,
      "y": 0.625
    },
    "18": {
      "x": 0.13414634146341464,
      "y": 0.4479166666666667
    },
    "19": {
      "x": 0.08536585365853659,
      "y": 0.3333333333333333
    },
    "20": {
      "x": 0.06097560975609756,
      "y": 0.22916666666666666
    }
  }
}