{
  "label": "love",
  "dataset": {
    "0": {
      "x": 0.8867924528301887,
      "y": 0.9512195121951219
    },
    "1": {
      "x": 0.6226415094339622,
      "y": 0.959349593495935
    },
    "2": {
      "x": 0.3867924528301887,
      "y": 0.8373983739837398
    },
    "3": {
      "x": 0.20754716981132076,
      "y": 0.7073170731707317
    },
    "4": {
      "x": 0.04716981132075472,
      "y": 0.6422764227642277
    },
    "5": {
      "x": 0.4528301886792453,
      "y": 0.5121951219512195
    },
    "6": {
      "x": 0.32075471698113206,
      "y": 0.3008130081300813
    },
    "7": {
      "x": 0.24528301886792453,
      "y": 0.15447154471544716
    },
    "8": {
      "x": 0.18867924528301888,
      "y": 0.04065040650406504
    },
    "9": {
      "x": 0.6132075471698113,
      "y": 0.4634146341463415
    },
    "10": {
      "x": 0.5660377358490566,
      "y": 0.21951219512195122
    },
    "11": {
      "x": 0.5660377358490566,
      "y": 0.2926829268292683
    },
    "12": {
      "x": 0.5754716981132075,
      "y": 0.4146341463414634
    },
    "13": {
      "x": 0.7735849056603774,
      "y": 0.45528455284552843
    },
    "14": {
      "x": 0.7452830188679245,
      "y": 0.24390243902439024
    },
    "15": {
      "x": 0.7264150943396226,
      "y": 0.2845528455284553
    },
    "16": {
      "x": 0.7169811320754716,
      "y": 0.36585365853658536
    },
    "17": {
      "x": 0.9339622641509434,
      "y": 0.4878048780487805
    },
    "18": {
      "x": 0.9528301886792453,
      "y": 0.3089430894308943
    },
    "19": {
      "x": 0.9528301886792453,
      "y": 0.21138211382113822
    },
    "20": {
      "x": 0.9528301886792453,
      "y": 0.11382113821138211
    }
  }
}