{
  "label": "love",
  "dataset": {
    "0": {
      "x": 0.37799043062200954,
      "y": 0.9770642201834863
    },
    "1": {
      "x": 0.5311004784688995,
      "y": 0.9036697247706422
    },
    "2": {
      "x": 0.6842105263157895,
      "y": 0.7155963302752294
    },
    "3": {
      "x": 0.8325358851674641,
      "y": 0.5642201834862385
    },
    "4": {
      "x": 0.9760765550239234,
      "y": 0.4954128440366973
    },
    "5": {
      "x": 0.5645933014354066,
      "y": 0.5137614678899083
    },
    "6": {
      "x": 0.5550239234449761,
      "y": 0.29357798165137616
    },
    "7": {
      "x": 0.5358851674641149,
      "y": 0.14678899082568808
    },
    "8": {
      "x": 0.5119617224880383,
      "y": 0.022935779816513763
    },
    "9": {
      "x": 0.44976076555023925,
      "y": 0.5321100917431193
    },
    "10": {
      "x": 0.32057416267942584,
      "y": 0.46788990825688076
    },
    "11": {
      "x": 0.3349282296650718,
      "y": 0.6467889908256881
    },
    "12": {
      "x": 0.3875598086124402,
      "y": 0.7522935779816514
    },
    "13": {
      "x": 0.3444976076555024,
      "y": 0.5596330275229358
    },
    "14": {
      "x": 0.22009569377990432,
      "y": 0.5137614678899083
    },
    "15": {
      "x": 0.2679425837320574,
      "y": 0.6605504587155964
    },
    "16": {
      "x": 0.33014354066985646,
      "y": 0.7568807339449541
    },
    "17": {
      "x": 0.24401913875598086,
      "y": 0.6009174311926605
    },
    "18": {
      "x": 0.16267942583732056,
      "y": 0.44495412844036697
    },
    "19": {
      "x": 0.0861244019138756,
      "y": 0.3623853211009174
    },
    "20": {
      "x": 0.023923444976076555,
      "y": 0.26605504587155965
    }
  }
}