{
  "label": "love",
  "dataset": {
    "0": {
      "x": 0.48743718592964824,
      "y": 0.8780487804878049
    },
    "1": {
      "x": 0.6381909547738693,
      "y": 0.8170731707317073
    },
    "2": {
      "x": 0.7839195979899497,
      "y": 0.6463414634146342
    },
    "3": {
      "x": 0.8743718592964824,
      "y": 0.4817073170731707
    },
    "4": {
      "x": 0.9748743718592965,
      "y": 0.3597560975609756
    },
    "5": {
      "x": 0.5778894472361809,
      "y": 0.45121951219512196
    },
    "6": {
      "x": 0.5175879396984925,
      "y": 0.27439024390243905
    },
    "7": {
      "x": 0.4623115577889447,
      "y": 0.14634146341463414
    },
    "8": {
      "x": 0.41708542713567837,
      "y": 0.03048780487804878
    },
    "9": {
      "x": 0.4472361809045226,
      "y": 0.42073170731707316
    },
    "10": {
      "x": 0.3969849246231156,
      "y": 0.6280487804878049
    },
    "11": {
      "x": 0.457286432160804,
      "y": 0.823170731707317
    },
    "12": {
      "x": 0.5125628140703518,
      "y": 0.9329268292682927
    },
    "13": {
      "x": 0.35175879396984927,
      "y": 0.4878048780487805
    },
    "14": {
      "x": 0.3015075376884422,
      "y": 0.6890243902439024
    },
    "15": {
      "x": 0.37185929648241206,
      "y": 0.8597560975609756
    },
    "16": {
      "x": 0.4371859296482412,
      "y": 0.9695121951219512
    },
    "17": {
      "x": 0.27638190954773867,
      "y": 0.5792682926829268
    },
    "18": {
      "x": 0.18090452261306533,
      "y": 0.5426829268292683
    },
    "19": {
      "x": 0.09547738693467336,
      "y": 0.5
    },
    "20": {
      "x": 0.02512562814070352,
      "y": 0.4634146341463415
    }
  }
}