{
  "label": "love",
  "dataset": {
    "0": {
      "x": 0.6105263157894737,
      "y": 0.9705882352941176
    },
    "1": {
      "x": 0.4368421052631579,
      "y": 0.9470588235294117
    },
    "2": {
      "x": 0.28421052631578947,
      "y": 0.8411764705882353
    },
    "3": {
      "x": 0.15263157894736842,
      "y": 0.7470588235294118
    },
    "4": {
      "x": 0.02631578947368421,
      "y": 0.6882352941176471
    },
    "5": {
      "x": 0.4421052631578947,
      "y": 0.5470588235294118
    },
    "6": {
      "x": 0.3684210526315789,
      "y": 0.29411764705882354
    },
    "7": {
      "x": 0.33157894736842103,
      "y": 0.15294117647058825
    },
    "8": {
      "x": 0.30526315789473685,
      "y": 0.029411764705882353
    },
    "9": {
      "x": 0.5631578947368421,
      "y": 0.5235294117647059
    },
    "10": {
      "x": 0.5473684210526316,
      "y": 0.4176470588235294
    },
    "11": {
      "x": 0.5473684210526316,
      "y": 0.6058823529411764
    },
    "12": {
      "x": 0.5368421052631579,
      "y": 0.7470588235294118
    },
    "13": {
      "x": 0.6842105263157895,
      "y": 0.5352941176470588
    },
    "14": {
      "x": 0.6842105263157895,
      "y": 0.4294117647058823
    },
    "15": {
      "x": 0.6684210526315789,
      "y": 0.5882352941176471
    },
    "16": {
      "x": 0.6421052631578947,
      "y": 0.7058823529411765
    },
    "17": {
      "x": 0.8,
      "y": 0.5529411764705883
    },
    "18": {
      "x": 0.868421052631579,
      "y": 0.3941176470588235
    },
    "19": {
      "x": 0.9263157894736842,
      "y": 0.2823529411764706
    },
    "20": {
      "x": 0.9736842105263158,
      "y": 0.16470588235294117
    }
  }
}