{
  "label": "love",
  "dataset": {
    "0": {
      "x": 0.7536945812807881,
      "y": 0.9770642201834863
    },
    "1": {
      "x": 0.5320197044334976,
      "y": 0.9174311926605505
    },
    "2": {
      "x": 0.3251231527093596,
      "y": 0.7752293577981652
    },
    "3": {
      "x": 0.1625615763546798,
      "y": 0.6697247706422018
    },
    "4": {
      "x": 0.024630541871921183,
      "y": 0.5963302752293578
    },
    "5": {
      "x": 0.541871921182266,
      "y": 0.5045871559633027
    },
    "6": {
      "x": 0.5073891625615764,
      "y": 0.27522935779816515
    },
    "7": {
      "x": 0.4975369458128079,
      "y": 0.13761467889908258
    },
    "8": {
      "x": 0.49261083743842365,
      "y": 0.022935779816513763
    },
    "9": {
      "x": 0.6748768472906403,
      "y": 0.4908256880733945
    },
    "10": {
      "x": 0.5960591133004927,
      "y": 0.38990825688073394
    },
    "11": {
      "x": 0.5763546798029556,
      "y": 0.573394495412844
    },
    "12": {
      "x": 0.5862068965517241,
      "y": 0.7110091743119266
    },
    "13": {
      "x": 0.8078817733990148,
      "y": 0.5
    },
    "14": {
      "x": 0.7536945812807881,
      "y": 0.3532110091743119
    },
    "15": {
      "x": 0.6995073891625616,
      "y": 0.4908256880733945
    },
    "16": {
      "x": 0.6699507389162561,
      "y": 0.6055045871559633
    },
    "17": {
      "x": 0.9310344827586207,
      "y": 0.5229357798165137
    },
    "18": {
      "x": 0.9753694581280788,
      "y": 0.3577981651376147
    },
    "19": {
      "x": 0.9655172413793104,
      "y": 0.25688073394495414
    },
    "20": {
      "x": 0.9310344827586207,
      "y": 0.14678899082568808
    }
  }
}