{
  "label": "love",
  "dataset": {
    "0": {
      "x": 0.7737226277372263,
      "y": 0.9828178694158075
    },
    "1": {
      "x": 0.5182481751824818,
      "y": 0.8694158075601375
    },
    "2": {
      "x": 0.3175182481751825,
      "y": 0.7319587628865979
    },
    "3": {
      "x": 0.145985401459854,
      "y": 0.6254295532646048
    },
    "4": {
      "x": 0.01824817518248175,
      "y": 0.5670103092783505
    },
    "5": {
      "x": 0.5218978102189781,
      "y": 0.4639175257731959
    },
    "6": {
      "x": 0.5109489051094891,
      "y": 0.2508591065292096
    },
    "7": {
      "x": 0.5072992700729927,
      "y": 0.12371134020618557
    },
    "8": {
      "x": 0.5072992700729927,
      "y": 0.01718213058419244
    },
    "9": {
      "x": 0.6642335766423357,
      "y": 0.4570446735395189
    },
    "10": {
      "x": 0.6715328467153284,
      "y": 0.33676975945017185
    },
    "11": {
      "x": 0.6605839416058394,
      "y": 0.5120274914089347
    },
    "12": {
      "x": 0.6532846715328468,
      "y": 0.6426116838487973
    },
    "13": {
      "x": 0.7956204379562044,
      "y": 0.4845360824742268
    },
    "14": {
      "x": 0.8102189781021898,
      "y": 0.3642611683848797
    },
    "15": {
      "x": 0.7700729927007299,
      "y": 0.5463917525773195
    },
    "16": {
      "x": 0.7299270072992701,
      "y": 0.6804123711340206
    },
    "17": {
      "x": 0.9197080291970803,
      "y": 0.5326460481099656
    },
    "18": {
      "x": 0.9671532846715328,
      "y": 0.35738831615120276
    },
    "19": {
      "x": 0.9817518248175182,
      "y": 0.2542955326460481
    },
    "20": {
      "x": 0.9781021897810219,
      "y": 0.140893470790378
    }
  }
}