{
  "label": "love",
  "dataset": {
    "0": {
      "x": 0.4230769230769231,
      "y": 0.9315068493150684
    },
    "1": {
      "x": 0.28205128205128205,
      "y": 0.8493150684931506
    },
    "2": {
      "x": 0.20512820512820512,
      "y": 0.7123287671232876
    },
    "3": {
      "x": 0.14102564102564102,
      "y": 0.6027397260273972
    },
    "4": {
      "x": 0.0641025641025641,
      "y": 0.5205479452054794
    },
    "5": {
      "x": 0.38461538461538464,
      "y": 0.5205479452054794
    },
    "6": {
      "x": 0.44871794871794873,
      "y": 0.3150684931506849
    },
    "7": {
      "x": 0.5,
      "y": 0.1780821917808219
    },
    "8": {
      "x": 0.5384615384615384,
      "y": 0.0684931506849315
    },
    "9": {
      "x": 0.48717948717948717,
      "y": 0.547945205479452
    },
    "10": {
      "x": 0.6153846153846154,
      "y": 0.4657534246575342
    },
    "11": {
      "x": 0.5769230769230769,
      "y": 0.547945205479452
    },
    "12": {
      "x": 0.5384615384615384,
      "y": 0.6164383561643836
    },
    "13": {
      "x": 0.5769230769230769,
      "y": 0.6027397260273972
    },
    "14": {
      "x": 0.7051282051282052,
      "y": 0.5205479452054794
    },
    "15": {
      "x": 0.6666666666666666,
      "y": 0.5753424657534246
    },
    "16": {
      "x": 0.6282051282051282,
      "y": 0.6301369863013698
    },
    "17": {
      "x": 0.6538461538461539,
      "y": 0.6712328767123288
    },
    "18": {
      "x": 0.782051282051282,
      "y": 0.5753424657534246
    },
    "19": {
      "x": 0.8589743589743589,
      "y": 0.5205479452054794
    },
    "20": {
      "x": 0.9358974358974359,
      "y": 0.4657534246575342
    }
  }
}