{
  "label": "love",
  "dataset": {
    "0": {
      "x": 0.09504132231404959,
      "y": 0.9902723735408561
    },
    "1": {
      "x": 0.010330578512396695,
      "y": 0.754863813229572
    },
    "2": {
      "x": 0.047520661157024795,
      "y": 0.4785992217898833
    },
    "3": {
      "x": 0.07024793388429752,
      "y": 0.2821011673151751
    },
    "4": {
      "x": 0.010330578512396695,
      "y": 0.13229571984435798
    },
    "5": {
      "x": 0.30785123966942146,
      "y": 0.4571984435797665
    },
    "6": {
      "x": 0.4855371900826446,
      "y": 0.2529182879377432
    },
    "7": {
      "x": 0.6074380165289256,
      "y": 0.1245136186770428
    },
    "8": {
      "x": 0.71900826446281,
      "y": 0.009727626459143969
    },
    "9": {
      "x": 0.40289256198347106,
      "y": 0.5642023346303502
    },
    "10": {
      "x": 0.47520661157024796,
      "y": 0.48249027237354086
    },
    "11": {
      "x": 0.3037190082644628,
      "y": 0.632295719844358
    },
    "12": {
      "x": 0.17355371900826447,
      "y": 0.7470817120622568
    },
    "13": {
      "x": 0.4793388429752066,
      "y": 0.6750972762645915
    },
    "14": {
      "x": 0.5413223140495868,
      "y": 0.6147859922178989
    },
    "15": {
      "x": 0.371900826446281,
      "y": 0.7392996108949417
    },
    "16": {
      "x": 0.24586776859504134,
      "y": 0.8210116731517509
    },
    "17": {
      "x": 0.5537190082644629,
      "y": 0.7801556420233463
    },
    "18": {
      "x": 0.743801652892562,
      "y": 0.6575875486381323
    },
    "19": {
      "x": 0.8677685950413223,
      "y": 0.5797665369649806
    },
    "20": {
      "x": 0.9896694214876033,
      "y": 0.4961089494163424
    }
  }
}