{
  "label": "love",
  "dataset": {
    "0": {
      "x": 0.48148148148148145,
      "y": 0.9489795918367347
    },
    "1": {
      "x": 0.6790123456790124,
      "y": 0.8469387755102041
    },
    "2": {
      "x": 0.8148148148148148,
      "y": 0.6632653061224489
    },
    "3": {
      "x": 0.8888888888888888,
      "y": 0.5102040816326531
    },
    "4": {
      "x": 0.9382716049382716,
      "y": 0.3979591836734694
    },
    "5": {
      "x": 0.6172839506172839,
      "y": 0.4897959183673469
    },
    "6": {
      "x": 0.5925925925925926,
      "y": 0.29591836734693877
    },
    "7": {
      "x": 0.5679012345679012,
      "y": 0.16326530612244897
    },
    "8": {
      "x": 0.5308641975308642,
      "y": 0.05102040816326531
    },
    "9": {
      "x": 0.4691358024691358,
      "y": 0.5102040816326531
    },
    "10": {
      "x": 0.4567901234567901,
      "y": 0.42857142857142855
    },
    "11": {
      "x": 0.5061728395061729,
      "y": 0.5816326530612245
    },
    "12": {
      "x": 0.5555555555555556,
      "y": 0.7040816326530612
    },
    "13": {
      "x": 0.3333333333333333,
      "y": 0.5510204081632653
    },
    "14": {
      "x": 0.32098765432098764,
      "y": 0.4897959183673469
    },
    "15": {
      "x": 0.3950617283950617,
      "y": 0.6224489795918368
    },
    "16": {
      "x": 0.4444444444444444,
      "y": 0.7244897959183674
    },
    "17": {
      "x": 0.19753086419753085,
      "y": 0.6020408163265306
    },
    "18": {
      "x": 0.12345679012345678,
      "y": 0.42857142857142855
    },
    "19": {
      "x": 0.08641975308641975,
      "y": 0.3163265306122449
    },
    "20": {
      "x": 0.06172839506172839,
      "y": 0.22448979591836735
    }
  }
}