{
  "label": "love",
  "dataset": {
    "0": {
      "x": 0.2876712328767123,
      "y": 0.9295774647887324
    },
    "1": {
      "x": 0.4520547945205479,
      "y": 0.9014084507042254
    },
    "2": {
      "x": 0.6301369863013698,
      "y": 0.7605633802816901
    },
    "3": {
      "x": 0.7808219178082192,
      "y": 0.6619718309859155
    },
    "4": {
      "x": 0.9315068493150684,
      "y": 0.647887323943662
    },
    "5": {
      "x": 0.5616438356164384,
      "y": 0.5492957746478874
    },
    "6": {
      "x": 0.6164383561643836,
      "y": 0.352112676056338
    },
    "7": {
      "x": 0.6712328767123288,
      "y": 0.19718309859154928
    },
    "8": {
      "x": 0.7123287671232876,
      "y": 0.07042253521126761
    },
    "9": {
      "x": 0.4383561643835616,
      "y": 0.5070422535211268
    },
    "10": {
      "x": 0.4383561643835616,
      "y": 0.39436619718309857
    },
    "11": {
      "x": 0.410958904109589,
      "y": 0.5774647887323944
    },
    "12": {
      "x": 0.3972602739726027,
      "y": 0.704225352112676
    },
    "13": {
      "x": 0.3013698630136986,
      "y": 0.5070422535211268
    },
    "14": {
      "x": 0.2876712328767123,
      "y": 0.4225352112676056
    },
    "15": {
      "x": 0.2876712328767123,
      "y": 0.5915492957746479
    },
    "16": {
      "x": 0.2876712328767123,
      "y": 0.704225352112676
    },
    "17": {
      "x": 0.1643835616438356,
      "y": 0.5492957746478874
    },
    "18": {
      "x": 0.136986301369863,
      "y": 0.38028169014084506
    },
    "19": {
      "x": 0.0958904109589041,
      "y": 0.29577464788732394
    },
    "20": {
      "x": 0.0684931506849315,
      "y": 0.2112676056338028
    }
  }
}