{
  "label": "love",
  "dataset": {
    "0": {
      "x": 0.4880952380952381,
      "y": 0.9528301886792453
    },
    "1": {
      "x": 0.6904761904761905,
      "y": 0.839622641509434
    },
    "2": {
      "x": 0.8214285714285714,
      "y": 0.6509433962264151
    },
    "3": {
      "x": 0.8809523809523809,
      "y": 0.5
    },
    "4": {
      "x": 0.9404761904761905,
      "y": 0.3867924528301887
    },
    "5": {
      "x": 0.6190476190476191,
      "y": 0.49056603773584906
    },
    "6": {
      "x": 0.5952380952380952,
      "y": 0.2830188679245283
    },
    "7": {
      "x": 0.5595238095238095,
      "y": 0.16037735849056603
    },
    "8": {
      "x": 0.5357142857142857,
      "y": 0.04716981132075472
    },
    "9": {
      "x": 0.47619047619047616,
      "y": 0.5094339622641509
    },
    "10": {
      "x": 0.4642857142857143,
      "y": 0.42452830188679247
    },
    "11": {
      "x": 0.5238095238095238,
      "y": 0.5754716981132075
    },
    "12": {
      "x": 0.5595238095238095,
      "y": 0.6981132075471698
    },
    "13": {
      "x": 0.3333333333333333,
      "y": 0.5566037735849056
    },
    "14": {
      "x": 0.32142857142857145,
      "y": 0.4716981132075472
    },
    "15": {
      "x": 0.40476190476190477,
      "y": 0.6226415094339622
    },
    "16": {
      "x": 0.4642857142857143,
      "y": 0.7264150943396226
    },
    "17": {
      "x": 0.19047619047619047,
      "y": 0.6037735849056604
    },
    "18": {
      "x": 0.11904761904761904,
      "y": 0.4339622641509434
    },
    "19": {
      "x": 0.08333333333333333,
      "y": 0.330188679245283
    },
    "20": {
      "x": 0.05952380952380952,
      "y": 0.2169811320754717
    }
  }
}