{
  "label": "love",
  "dataset": {
    "0": {
      "x": 0.6896551724137931,
      "y": 0.9375
    },
    "1": {
      "x": 0.46551724137931033,
      "y": 0.8625
    },
    "2": {
      "x": 0.29310344827586204,
      "y": 0.6625
    },
    "3": {
      "x": 0.20689655172413793,
      "y": 0.5
    },
    "4": {
      "x": 0.08620689655172414,
      "y": 0.3875
    },
    "5": {
      "x": 0.39655172413793105,
      "y": 0.5125
    },
    "6": {
      "x": 0.3275862068965517,
      "y": 0.3
    },
    "7": {
      "x": 0.29310344827586204,
      "y": 0.175
    },
    "8": {
      "x": 0.25862068965517243,
      "y": 0.0625
    },
    "9": {
      "x": 0.5517241379310345,
      "y": 0.475
    },
    "10": {
      "x": 0.4482758620689655,
      "y": 0.4625
    },
    "11": {
      "x": 0.43103448275862066,
      "y": 0.6375
    },
    "12": {
      "x": 0.4482758620689655,
      "y": 0.7625
    },
    "13": {
      "x": 0.7241379310344828,
      "y": 0.4875
    },
    "14": {
      "x": 0.6206896551724138,
      "y": 0.4875
    },
    "15": {
      "x": 0.5689655172413793,
      "y": 0.65
    },
    "16": {
      "x": 0.5517241379310345,
      "y": 0.775
    },
    "17": {
      "x": 0.8620689655172413,
      "y": 0.5125
    },
    "18": {
      "x": 0.8793103448275862,
      "y": 0.3625
    },
    "19": {
      "x": 0.896551724137931,
      "y": 0.2625
    },
    "20": {
      "x": 0.9137931034482759,
      "y": 0.1625
    }
  }
}