{
  "label": "love",
  "dataset": {
    "0": {
      "x": 0.55,
      "y": 0.9795081967213115
    },
    "1": {
      "x": 0.35,
      "y": 0.9180327868852459
    },
    "2": {
      "x": 0.20416666666666666,
      "y": 0.7295081967213115
    },
    "3": {
      "x": 0.125,
      "y": 0.5655737704918032
    },
    "4": {
      "x": 0.020833333333333332,
      "y": 0.45901639344262296
    },
    "5": {
      "x": 0.38333333333333336,
      "y": 0.5040983606557377
    },
    "6": {
      "x": 0.35833333333333334,
      "y": 0.27459016393442626
    },
    "7": {
      "x": 0.3375,
      "y": 0.14344262295081966
    },
    "8": {
      "x": 0.3333333333333333,
      "y": 0.020491803278688523
    },
    "9": {
      "x": 0.525,
      "y": 0.5040983606557377
    },
    "10": {
      "x": 0.5375,
      "y": 0.42213114754098363
    },
    "11": {
      "x": 0.5125,
      "y": 0.610655737704918
    },
    "12": {
      "x": 0.49166666666666664,
      "y": 0.75
    },
    "13": {
      "x": 0.6583333333333333,
      "y": 0.5368852459016393
    },
    "14": {
      "x": 0.7,
      "y": 0.44672131147540983
    },
    "15": {
      "x": 0.6625,
      "y": 0.5901639344262295
    },
    "16": {
      "x": 0.6208333333333333,
      "y": 0.7049180327868853
    },
    "17": {
      "x": 0.7791666666666667,
      "y": 0.5901639344262295
    },
    "18": {
      "x": 0.8666666666666667,
      "y": 0.4426229508196721
    },
    "19": {
      "x": 0.9291666666666667,
      "y": 0.3524590163934426
    },
    "20": {
      "x": 0.9791666666666666,
      "y": 0.2581967213114754
    }
  }
}