{
  "label": "love",
  "dataset": {
    "0": {
      "x": 0.6105610561056105,
      "y": 0.9813432835820896
    },
    "1": {
      "x": 0.7425742574257426,
      "y": 0.8768656716417911
    },
    "2": {
      "x": 0.8250825082508251,
      "y": 0.6902985074626866
    },
    "3": {
      "x": 0.8811881188118812,
      "y": 0.5298507462686567
    },
    "4": {
      "x": 0.9834983498349835,
      "y": 0.417910447761194
    },
    "5": {
      "x": 0.6204620462046204,
      "y": 0.5149253731343284
    },
    "6": {
      "x": 0.5478547854785478,
      "y": 0.29850746268656714
    },
    "7": {
      "x": 0.49834983498349833,
      "y": 0.1417910447761194
    },
    "8": {
      "x": 0.45874587458745875,
      "y": 0.018656716417910446
    },
    "9": {
      "x": 0.5082508250825083,
      "y": 0.5597014925373134
    },
    "10": {
      "x": 0.46204620462046203,
      "y": 0.6007462686567164
    },
    "11": {
      "x": 0.5313531353135313,
      "y": 0.7910447761194029
    },
    "12": {
      "x": 0.5874587458745875,
      "y": 0.9216417910447762
    },
    "13": {
      "x": 0.4158415841584158,
      "y": 0.6305970149253731
    },
    "14": {
      "x": 0.3564356435643564,
      "y": 0.664179104477612
    },
    "15": {
      "x": 0.44224422442244227,
      "y": 0.8059701492537313
    },
    "16": {
      "x": 0.5181518151815182,
      "y": 0.917910447761194
    },
    "17": {
      "x": 0.3465346534653465,
      "y": 0.7164179104477612
    },
    "18": {
      "x": 0.20462046204620463,
      "y": 0.6492537313432836
    },
    "19": {
      "x": 0.10561056105610561,
      "y": 0.6231343283582089
    },
    "20": {
      "x": 0.0165016501650165,
      "y": 0.585820895522388
    }
  }
}