{
  "label": "love",
  "dataset": {
    "0": {
      "x": 0.5957446808510638,
      "y": 0.8913043478260869
    },
    "1": {
      "x": 0.6808510638297872,
      "y": 0.782608695652174
    },
    "2": {
      "x": 0.7446808510638298,
      "y": 0.6086956521739131
    },
    "3": {
      "x": 0.8085106382978723,
      "y": 0.4782608695652174
    },
    "4": {
      "x": 0.8936170212765957,
      "y": 0.391304347826087
    },
    "5": {
      "x": 0.6170212765957447,
      "y": 0.5
    },
    "6": {
      "x": 0.5531914893617021,
      "y": 0.32608695652173914
    },
    "7": {
      "x": 0.5106382978723404,
      "y": 0.1956521739130435
    },
    "8": {
      "x": 0.46808510638297873,
      "y": 0.10869565217391304
    },
    "9": {
      "x": 0.5106382978723404,
      "y": 0.5217391304347826
    },
    "10": {
      "x": 0.44680851063829785,
      "y": 0.45652173913043476
    },
    "11": {
      "x": 0.48936170212765956,
      "y": 0.5652173913043478
    },
    "12": {
      "x": 0.5319148936170213,
      "y": 0.6304347826086957
    },
    "13": {
      "x": 0.425531914893617,
      "y": 0.5652173913043478
    },
    "14": {
      "x": 0.3617021276595745,
      "y": 0.5
    },
    "15": {
      "x": 0.3829787234042553,
      "y": 0.5652173913043478
    },
    "16": {
      "x": 0.44680851063829785,
      "y": 0.6304347826086957
    },
    "17": {
      "x": 0.3617021276595745,
      "y": 0.6304347826086957
    },
    "18": {
      "x": 0.2553191489361702,
      "y": 0.5434782608695652
    },
    "19": {
      "x": 0.1702127659574468,
      "y": 0.5
    },
    "20": {
      "x": 0.10638297872340426,
      "y": 0.45652173913043476
    }
  }
}