{
  "label": "love",
  "dataset": {
    "0": {
      "x": 0.5333333333333333,
      "y": 0.9736842105263158
    },
    "1": {
      "x": 0.74,
      "y": 0.8368421052631579
    },
    "2": {
      "x": 0.8533333333333334,
      "y": 0.6157894736842106
    },
    "3": {
      "x": 0.9,
      "y": 0.4368421052631579
    },
    "4": {
      "x": 0.9666666666666667,
      "y": 0.3157894736842105
    },
    "5": {
      "x": 0.54,
      "y": 0.46842105263157896
    },
    "6": {
      "x": 0.46,
      "y": 0.2578947368421053
    },
    "7": {
      "x": 0.4,
      "y": 0.1368421052631579
    },
    "8": {
      "x": 0.3333333333333333,
      "y": 0.02631578947368421
    },
    "9": {
      "x": 0.4,
      "y": 0.5157894736842106
    },
    "10": {
      "x": 0.37333333333333335,
      "y": 0.43157894736842106
    },
    "11": {
      "x": 0.47333333333333333,
      "y": 0.5842105263157895
    },
    "12": {
      "x": 0.54,
      "y": 0.7
    },
    "13": {
      "x": 0.26666666666666666,
      "y": 0.5842105263157895
    },
    "14": {
      "x": 0.23333333333333334,
      "y": 0.5
    },
    "15": {
      "x": 0.37333333333333335,
      "y": 0.6473684210526316
    },
    "16": {
      "x": 0.4666666666666667,
      "y": 0.7421052631578947
    },
    "17": {
      "x": 0.13333333333333333,
      "y": 0.6578947368421053
    },
    "18": {
      "x": 0.06666666666666667,
      "y": 0.48947368421052634
    },
    "19": {
      "x": 0.05333333333333334,
      "y": 0.3894736842105263
    },
    "20": {
      "x": 0.03333333333333333,
      "y": 0.2789473684210526
    }
  }
}