{
  "label": "love",
  "dataset": {
    "0": {
      "x": 0.01179245283018868,
      "y": 0.9261744966442953
    },
    "1": {
      "x": 0.32075471698113206,
      "y": 0.9888143176733781
    },
    "2": {
      "x": 0.5660377358490566,
      "y": 0.9552572706935123
    },
    "3": {
      "x": 0.7900943396226415,
      "y": 0.8903803131991052
    },
    "4": {
      "x": 0.9410377358490566,
      "y": 0.796420581655481
    },
    "5": {
      "x": 0.5660377358490566,
      "y": 0.6375838926174496
    },
    "6": {
      "x": 0.7830188679245284,
      "y": 0.4429530201342282
    },
    "7": {
      "x": 0.910377358490566,
      "y": 0.3333333333333333
    },
    "8": {
      "x": 0.9882075471698113,
      "y": 0.2505592841163311
    },
    "9": {
      "x": 0.4363207547169811,
      "y": 0.5369127516778524
    },
    "10": {
      "x": 0.5990566037735849,
      "y": 0.4161073825503356
    },
    "11": {
      "x": 0.5377358490566038,
      "y": 0.5436241610738255
    },
    "12": {
      "x": 0.4669811320754717,
      "y": 0.6286353467561522
    },
    "13": {
      "x": 0.3018867924528302,
      "y": 0.4720357941834452
    },
    "14": {
      "x": 0.44575471698113206,
      "y": 0.3512304250559284
    },
    "15": {
      "x": 0.41509433962264153,
      "y": 0.46756152125279643
    },
    "16": {
      "x": 0.35377358490566035,
      "y": 0.5570469798657718
    },
    "17": {
      "x": 0.18396226415094338,
      "y": 0.4250559284116331
    },
    "18": {
      "x": 0.3136792452830189,
      "y": 0.19910514541387025
    },
    "19": {
      "x": 0.39858490566037735,
      "y": 0.10738255033557047
    },
    "20": {
      "x": 0.47877358490566035,
      "y": 0.011185682326621925
    }
  }
}