{
  "label": "love",
  "dataset": {
    "0": {
      "x": 0.7658227848101266,
      "y": 0.9751243781094527
    },
    "1": {
      "x": 0.3987341772151899,
      "y": 0.9154228855721394
    },
    "2": {
      "x": 0.22784810126582278,
      "y": 0.746268656716418
    },
    "3": {
      "x": 0.13291139240506328,
      "y": 0.5920398009950248
    },
    "4": {
      "x": 0.03164556962025317,
      "y": 0.48756218905472637
    },
    "5": {
      "x": 0.41139240506329117,
      "y": 0.4427860696517413
    },
    "6": {
      "x": 0.4050632911392405,
      "y": 0.24378109452736318
    },
    "7": {
      "x": 0.41139240506329117,
      "y": 0.12437810945273632
    },
    "8": {
      "x": 0.41139240506329117,
      "y": 0.024875621890547265
    },
    "9": {
      "x": 0.5949367088607594,
      "y": 0.39800995024875624
    },
    "10": {
      "x": 0.5759493670886076,
      "y": 0.44776119402985076
    },
    "11": {
      "x": 0.5632911392405063,
      "y": 0.5323383084577115
    },
    "12": {
      "x": 0.5822784810126582,
      "y": 0.6019900497512438
    },
    "13": {
      "x": 0.7721518987341772,
      "y": 0.43283582089552236
    },
    "14": {
      "x": 0.7151898734177216,
      "y": 0.46766169154228854
    },
    "15": {
      "x": 0.6962025316455697,
      "y": 0.5621890547263682
    },
    "16": {
      "x": 0.6962025316455697,
      "y": 0.6268656716417911
    },
    "17": {
      "x": 0.9177215189873418,
      "y": 0.4925373134328358
    },
    "18": {
      "x": 0.9430379746835443,
      "y": 0.35323383084577115
    },
    "19": {
      "x": 0.9556962025316456,
      "y": 0.26865671641791045
    },
    "20": {
      "x": 0.9683544303797469,
      "y": 0.20398009950248755
    }
  }
}