{
  "label": "love",
  "dataset": {
    "0": {
      "x": 0.8449197860962567,
      "y": 0.9780701754385965
    },
    "1": {
      "x": 0.5721925133689839,
      "y": 0.9649122807017544
    },
    "2": {
      "x": 0.32085561497326204,
      "y": 0.8070175438596491
    },
    "3": {
      "x": 0.1711229946524064,
      "y": 0.6491228070175439
    },
    "4": {
      "x": 0.026737967914438502,
      "y": 0.5482456140350878
    },
    "5": {
      "x": 0.42780748663101603,
      "y": 0.5
    },
    "6": {
      "x": 0.31016042780748665,
      "y": 0.2807017543859649
    },
    "7": {
      "x": 0.22459893048128343,
      "y": 0.14035087719298245
    },
    "8": {
      "x": 0.16042780748663102,
      "y": 0.021929824561403508
    },
    "9": {
      "x": 0.5882352941176471,
      "y": 0.4605263157894737
    },
    "10": {
      "x": 0.5187165775401069,
      "y": 0.3157894736842105
    },
    "11": {
      "x": 0.5401069518716578,
      "y": 0.5131578947368421
    },
    "12": {
      "x": 0.5668449197860963,
      "y": 0.6666666666666666
    },
    "13": {
      "x": 0.7647058823529411,
      "y": 0.45614035087719296
    },
    "14": {
      "x": 0.7112299465240641,
      "y": 0.2894736842105263
    },
    "15": {
      "x": 0.7058823529411765,
      "y": 0.4605263157894737
    },
    "16": {
      "x": 0.7005347593582888,
      "y": 0.5921052631578947
    },
    "17": {
      "x": 0.9411764705882353,
      "y": 0.4780701754385965
    },
    "18": {
      "x": 0.9679144385026738,
      "y": 0.3026315789473684
    },
    "19": {
      "x": 0.9732620320855615,
      "y": 0.20175438596491227
    },
    "20": {
      "x": 0.9572192513368984,
      "y": 0.08771929824561403
    }
  }
}