{
  "label": "love",
  "dataset": {
    "0": {
      "x": 0.7107438016528925,
      "y": 0.9662162162162162
    },
    "1": {
      "x": 0.5371900826446281,
      "y": 0.8851351351351351
    },
    "2": {
      "x": 0.35537190082644626,
      "y": 0.6824324324324325
    },
    "3": {
      "x": 0.2066115702479339,
      "y": 0.5608108108108109
    },
    "4": {
      "x": 0.04132231404958678,
      "y": 0.5135135135135135
    },
    "5": {
      "x": 0.5289256198347108,
      "y": 0.5405405405405406
    },
    "6": {
      "x": 0.512396694214876,
      "y": 0.3108108108108108
    },
    "7": {
      "x": 0.5041322314049587,
      "y": 0.16216216216216217
    },
    "8": {
      "x": 0.48760330578512395,
      "y": 0.033783783783783786
    },
    "9": {
      "x": 0.6446280991735537,
      "y": 0.5472972972972973
    },
    "10": {
      "x": 0.6611570247933884,
      "y": 0.4797297297297297
    },
    "11": {
      "x": 0.6446280991735537,
      "y": 0.6418918918918919
    },
    "12": {
      "x": 0.628099173553719,
      "y": 0.7635135135135135
    },
    "13": {
      "x": 0.7768595041322314,
      "y": 0.5743243243243243
    },
    "14": {
      "x": 0.8016528925619835,
      "y": 0.527027027027027
    },
    "15": {
      "x": 0.768595041322314,
      "y": 0.6756756756756757
    },
    "16": {
      "x": 0.7355371900826446,
      "y": 0.777027027027027
    },
    "17": {
      "x": 0.9090909090909091,
      "y": 0.6148648648648649
    },
    "18": {
      "x": 0.9256198347107438,
      "y": 0.4391891891891892
    },
    "19": {
      "x": 0.9421487603305785,
      "y": 0.31756756756756754
    },
    "20": {
      "x": 0.9586776859504132,
      "y": 0.20945945945945946
    }
  }
}