{
  "label": "love",
  "dataset": {
    "0": {
      "x": 0.2988505747126437,
      "y": 0.9754901960784313
    },
    "1": {
      "x": 0.5057471264367817,
      "y": 0.9362745098039216
    },
    "2": {
      "x": 0.7011494252873564,
      "y": 0.7696078431372549
    },
    "3": {
      "x": 0.8390804597701149,
      "y": 0.6127450980392157
    },
    "4": {
      "x": 0.9712643678160919,
      "y": 0.5245098039215687
    },
    "5": {
      "x": 0.5459770114942529,
      "y": 0.5294117647058824
    },
    "6": {
      "x": 0.6149425287356322,
      "y": 0.29901960784313725
    },
    "7": {
      "x": 0.6609195402298851,
      "y": 0.14705882352941177
    },
    "8": {
      "x": 0.6839080459770115,
      "y": 0.024509803921568627
    },
    "9": {
      "x": 0.40229885057471265,
      "y": 0.5196078431372549
    },
    "10": {
      "x": 0.3850574712643678,
      "y": 0.4215686274509804
    },
    "11": {
      "x": 0.3620689655172414,
      "y": 0.6029411764705882
    },
    "12": {
      "x": 0.3505747126436782,
      "y": 0.7401960784313726
    },
    "13": {
      "x": 0.26436781609195403,
      "y": 0.5294117647058824
    },
    "14": {
      "x": 0.23563218390804597,
      "y": 0.4215686274509804
    },
    "15": {
      "x": 0.2471264367816092,
      "y": 0.5735294117647058
    },
    "16": {
      "x": 0.26436781609195403,
      "y": 0.696078431372549
    },
    "17": {
      "x": 0.14367816091954022,
      "y": 0.5588235294117647
    },
    "18": {
      "x": 0.08620689655172414,
      "y": 0.38235294117647056
    },
    "19": {
      "x": 0.04597701149425287,
      "y": 0.27941176470588236
    },
    "20": {
      "x": 0.028735632183908046,
      "y": 0.1715686274509804
    }
  }
}