{
  "label": "love",
  "dataset": {
    "0": {
      "x": 0.2222222222222222,
      "y": 0.9574468085106383
    },
    "1": {
      "x": 0.43703703703703706,
      "y": 0.9645390070921985
    },
    "2": {
      "x": 0.6592592592592592,
      "y": 0.900709219858156
    },
    "3": {
      "x": 0.8222222222222222,
      "y": 0.8226950354609929
    },
    "4": {
      "x": 0.9629629629629629,
      "y": 0.7659574468085106
    },
    "5": {
      "x": 0.5925925925925926,
      "y": 0.5460992907801419
    },
    "6": {
      "x": 0.6444444444444445,
      "y": 0.3262411347517731
    },
    "7": {
      "x": 0.6666666666666666,
      "y": 0.1702127659574468
    },
    "8": {
      "x": 0.674074074074074,
      "y": 0.03546099290780142
    },
    "9": {
      "x": 0.43703703703703706,
      "y": 0.5177304964539007
    },
    "10": {
      "x": 0.42962962962962964,
      "y": 0.3829787234042553
    },
    "11": {
      "x": 0.3925925925925926,
      "y": 0.574468085106383
    },
    "12": {
      "x": 0.4074074074074074,
      "y": 0.6879432624113475
    },
    "13": {
      "x": 0.2740740740740741,
      "y": 0.5177304964539007
    },
    "14": {
      "x": 0.2740740740740741,
      "y": 0.40425531914893614
    },
    "15": {
      "x": 0.26666666666666666,
      "y": 0.5673758865248227
    },
    "16": {
      "x": 0.28888888888888886,
      "y": 0.6666666666666666
    },
    "17": {
      "x": 0.11851851851851852,
      "y": 0.5390070921985816
    },
    "18": {
      "x": 0.0962962962962963,
      "y": 0.36879432624113473
    },
    "19": {
      "x": 0.05925925925925926,
      "y": 0.3049645390070922
    },
    "20": {
      "x": 0.037037037037037035,
      "y": 0.20567375886524822
    }
  }
}