{
  "label": "love",
  "dataset": {
    "0": {
      "x": 0.1917808219178082,
      "y": 0.96875
    },
    "1": {
      "x": 0.4178082191780822,
      "y": 0.95625
    },
    "2": {
      "x": 0.6301369863013698,
      "y": 0.80625
    },
    "3": {
      "x": 0.8082191780821918,
      "y": 0.69375
    },
    "4": {
      "x": 0.9657534246575342,
      "y": 0.66875
    },
    "5": {
      "x": 0.4931506849315068,
      "y": 0.5125
    },
    "6": {
      "x": 0.5205479452054794,
      "y": 0.29375
    },
    "7": {
      "x": 0.547945205479452,
      "y": 0.15625
    },
    "8": {
      "x": 0.5616438356164384,
      "y": 0.03125
    },
    "9": {
      "x": 0.3561643835616438,
      "y": 0.49375
    },
    "10": {
      "x": 0.3150684931506849,
      "y": 0.41875
    },
    "11": {
      "x": 0.2945205479452055,
      "y": 0.61875
    },
    "12": {
      "x": 0.2876712328767123,
      "y": 0.7375
    },
    "13": {
      "x": 0.22602739726027396,
      "y": 0.5
    },
    "14": {
      "x": 0.1780821917808219,
      "y": 0.38125
    },
    "15": {
      "x": 0.19863013698630136,
      "y": 0.55
    },
    "16": {
      "x": 0.2191780821917808,
      "y": 0.675
    },
    "17": {
      "x": 0.10273972602739725,
      "y": 0.5125
    },
    "18": {
      "x": 0.0684931506849315,
      "y": 0.33125
    },
    "19": {
      "x": 0.04794520547945205,
      "y": 0.225
    },
    "20": {
      "x": 0.03424657534246575,
      "y": 0.10625
    }
  }
}