{
  "label": "love",
  "dataset": {
    "0": {
      "x": 0.1532258064516129,
      "y": 0.9647887323943662
    },
    "1": {
      "x": 0.3790322580645161,
      "y": 0.9366197183098591
    },
    "2": {
      "x": 0.6048387096774194,
      "y": 0.7605633802816901
    },
    "3": {
      "x": 0.7903225806451613,
      "y": 0.6338028169014085
    },
    "4": {
      "x": 0.9596774193548387,
      "y": 0.5985915492957746
    },
    "5": {
      "x": 0.5080645161290323,
      "y": 0.5211267605633803
    },
    "6": {
      "x": 0.6129032258064516,
      "y": 0.3028169014084507
    },
    "7": {
      "x": 0.6774193548387096,
      "y": 0.16901408450704225
    },
    "8": {
      "x": 0.7258064516129032,
      "y": 0.035211267605633804
    },
    "9": {
      "x": 0.3467741935483871,
      "y": 0.49295774647887325
    },
    "10": {
      "x": 0.3709677419354839,
      "y": 0.36619718309859156
    },
    "11": {
      "x": 0.3629032258064516,
      "y": 0.5563380281690141
    },
    "12": {
      "x": 0.3548387096774194,
      "y": 0.6901408450704225
    },
    "13": {
      "x": 0.1935483870967742,
      "y": 0.4788732394366197
    },
    "14": {
      "x": 0.20161290322580644,
      "y": 0.352112676056338
    },
    "15": {
      "x": 0.23387096774193547,
      "y": 0.5352112676056338
    },
    "16": {
      "x": 0.25806451612903225,
      "y": 0.676056338028169
    },
    "17": {
      "x": 0.04032258064516129,
      "y": 0.49295774647887325
    },
    "18": {
      "x": 0.04838709677419355,
      "y": 0.29577464788732394
    },
    "19": {
      "x": 0.056451612903225805,
      "y": 0.19014084507042253
    },
    "20": {
      "x": 0.07258064516129033,
      "y": 0.07042253521126761
    }
  }
}