{
  "label": "love",
  "dataset": {
    "0": {
      "x": 0.504,
      "y": 0.9637681159420289
    },
    "1": {
      "x": 0.312,
      "y": 0.8405797101449275
    },
    "2": {
      "x": 0.192,
      "y": 0.6376811594202898
    },
    "3": {
      "x": 0.112,
      "y": 0.4927536231884058
    },
    "4": {
      "x": 0.04,
      "y": 0.391304347826087
    },
    "5": {
      "x": 0.424,
      "y": 0.4492753623188406
    },
    "6": {
      "x": 0.44,
      "y": 0.2536231884057971
    },
    "7": {
      "x": 0.448,
      "y": 0.13768115942028986
    },
    "8": {
      "x": 0.464,
      "y": 0.036231884057971016
    },
    "9": {
      "x": 0.56,
      "y": 0.47101449275362317
    },
    "10": {
      "x": 0.576,
      "y": 0.34782608695652173
    },
    "11": {
      "x": 0.536,
      "y": 0.5
    },
    "12": {
      "x": 0.504,
      "y": 0.6231884057971014
    },
    "13": {
      "x": 0.688,
      "y": 0.5217391304347826
    },
    "14": {
      "x": 0.72,
      "y": 0.41304347826086957
    },
    "15": {
      "x": 0.664,
      "y": 0.5507246376811594
    },
    "16": {
      "x": 0.6,
      "y": 0.644927536231884
    },
    "17": {
      "x": 0.816,
      "y": 0.5942028985507246
    },
    "18": {
      "x": 0.888,
      "y": 0.427536231884058
    },
    "19": {
      "x": 0.928,
      "y": 0.32608695652173914
    },
    "20": {
      "x": 0.96,
      "y": 0.2246376811594203
    }
  }
}