{
  "label": "love",
  "dataset": {
    "0": {
      "x": 0.25773195876288657,
      "y": 0.945054945054945
    },
    "1": {
      "x": 0.4639175257731959,
      "y": 0.9230769230769231
    },
    "2": {
      "x": 0.6597938144329897,
      "y": 0.8131868131868132
    },
    "3": {
      "x": 0.8247422680412371,
      "y": 0.7472527472527473
    },
    "4": {
      "x": 0.9484536082474226,
      "y": 0.7692307692307693
    },
    "5": {
      "x": 0.5463917525773195,
      "y": 0.5164835164835165
    },
    "6": {
      "x": 0.5876288659793815,
      "y": 0.3076923076923077
    },
    "7": {
      "x": 0.5876288659793815,
      "y": 0.17582417582417584
    },
    "8": {
      "x": 0.5876288659793815,
      "y": 0.054945054945054944
    },
    "9": {
      "x": 0.3917525773195876,
      "y": 0.4945054945054945
    },
    "10": {
      "x": 0.41237113402061853,
      "y": 0.3516483516483517
    },
    "11": {
      "x": 0.3917525773195876,
      "y": 0.5164835164835165
    },
    "12": {
      "x": 0.38144329896907214,
      "y": 0.6593406593406593
    },
    "13": {
      "x": 0.24742268041237114,
      "y": 0.4945054945054945
    },
    "14": {
      "x": 0.25773195876288657,
      "y": 0.37362637362637363
    },
    "15": {
      "x": 0.25773195876288657,
      "y": 0.5274725274725275
    },
    "16": {
      "x": 0.26804123711340205,
      "y": 0.6703296703296703
    },
    "17": {
      "x": 0.1134020618556701,
      "y": 0.5164835164835165
    },
    "18": {
      "x": 0.061855670103092786,
      "y": 0.31868131868131866
    },
    "19": {
      "x": 0.05154639175257732,
      "y": 0.2087912087912088
    },
    "20": {
      "x": 0.05154639175257732,
      "y": 0.08791208791208792
    }
  }
}