{
  "label": "love",
  "dataset": {
    "0": {
      "x": 0.5238095238095238,
      "y": 0.9848024316109423
    },
    "1": {
      "x": 0.3246753246753247,
      "y": 0.8693009118541033
    },
    "2": {
      "x": 0.2077922077922078,
      "y": 0.6382978723404256
    },
    "3": {
      "x": 0.13852813852813853,
      "y": 0.46808510638297873
    },
    "4": {
      "x": 0.021645021645021644,
      "y": 0.3677811550151976
    },
    "5": {
      "x": 0.3593073593073593,
      "y": 0.5045592705167173
    },
    "6": {
      "x": 0.354978354978355,
      "y": 0.270516717325228
    },
    "7": {
      "x": 0.3593073593073593,
      "y": 0.13677811550151975
    },
    "8": {
      "x": 0.36796536796536794,
      "y": 0.015197568389057751
    },
    "9": {
      "x": 0.5108225108225108,
      "y": 0.5197568389057751
    },
    "10": {
      "x": 0.5021645021645021,
      "y": 0.4194528875379939
    },
    "11": {
      "x": 0.4458874458874459,
      "y": 0.5805471124620061
    },
    "12": {
      "x": 0.4155844155844156,
      "y": 0.7082066869300911
    },
    "13": {
      "x": 0.6666666666666666,
      "y": 0.5531914893617021
    },
    "14": {
      "x": 0.683982683982684,
      "y": 0.425531914893617
    },
    "15": {
      "x": 0.5974025974025974,
      "y": 0.5592705167173252
    },
    "16": {
      "x": 0.5324675324675324,
      "y": 0.6717325227963525
    },
    "17": {
      "x": 0.8225108225108225,
      "y": 0.5927051671732523
    },
    "18": {
      "x": 0.9004329004329005,
      "y": 0.42249240121580545
    },
    "19": {
      "x": 0.9393939393939394,
      "y": 0.3100303951367781
    },
    "20": {
      "x": 0.9783549783549783,
      "y": 0.20364741641337386
    }
  }
}