{
  "label": "love",
  "dataset": {
    "0": {
      "x": 0.3150684931506849,
      "y": 0.9705882352941176
    },
    "1": {
      "x": 0.5547945205479452,
      "y": 0.9058823529411765
    },
    "2": {
      "x": 0.7123287671232876,
      "y": 0.7647058823529411
    },
    "3": {
      "x": 0.8287671232876712,
      "y": 0.6176470588235294
    },
    "4": {
      "x": 0.9657534246575342,
      "y": 0.5294117647058824
    },
    "5": {
      "x": 0.5547945205479452,
      "y": 0.5588235294117647
    },
    "6": {
      "x": 0.5684931506849316,
      "y": 0.3176470588235294
    },
    "7": {
      "x": 0.5821917808219178,
      "y": 0.15294117647058825
    },
    "8": {
      "x": 0.5821917808219178,
      "y": 0.029411764705882353
    },
    "9": {
      "x": 0.3972602739726027,
      "y": 0.5411764705882353
    },
    "10": {
      "x": 0.3904109589041096,
      "y": 0.4117647058823529
    },
    "11": {
      "x": 0.3904109589041096,
      "y": 0.5176470588235295
    },
    "12": {
      "x": 0.3904109589041096,
      "y": 0.6
    },
    "13": {
      "x": 0.2534246575342466,
      "y": 0.5647058823529412
    },
    "14": {
      "x": 0.2328767123287671,
      "y": 0.47058823529411764
    },
    "15": {
      "x": 0.2534246575342466,
      "y": 0.5529411764705883
    },
    "16": {
      "x": 0.2671232876712329,
      "y": 0.6235294117647059
    },
    "17": {
      "x": 0.13013698630136986,
      "y": 0.6
    },
    "18": {
      "x": 0.0821917808219178,
      "y": 0.40588235294117647
    },
    "19": {
      "x": 0.04794520547945205,
      "y": 0.3
    },
    "20": {
      "x": 0.03424657534246575,
      "y": 0.2
    }
  }
}