{
  "label": "love",
  "dataset": {
    "0": {
      "x": 0.5042016806722689,
      "y": 0.9514563106796117
    },
    "1": {
      "x": 0.33613445378151263,
      "y": 0.7864077669902912
    },
    "2": {
      "x": 0.2184873949579832,
      "y": 0.5339805825242718
    },
    "3": {
      "x": 0.12605042016806722,
      "y": 0.3592233009708738
    },
    "4": {
      "x": 0.04201680672268908,
      "y": 0.2524271844660194
    },
    "5": {
      "x": 0.4117647058823529,
      "y": 0.3883495145631068
    },
    "6": {
      "x": 0.42016806722689076,
      "y": 0.24271844660194175
    },
    "7": {
      "x": 0.4117647058823529,
      "y": 0.4077669902912621
    },
    "8": {
      "x": 0.4117647058823529,
      "y": 0.5533980582524272
    },
    "9": {
      "x": 0.5294117647058824,
      "y": 0.4077669902912621
    },
    "10": {
      "x": 0.5294117647058824,
      "y": 0.30097087378640774
    },
    "11": {
      "x": 0.5042016806722689,
      "y": 0.49514563106796117
    },
    "12": {
      "x": 0.4957983193277311,
      "y": 0.6504854368932039
    },
    "13": {
      "x": 0.6470588235294118,
      "y": 0.4368932038834951
    },
    "14": {
      "x": 0.6554621848739496,
      "y": 0.2912621359223301
    },
    "15": {
      "x": 0.6134453781512605,
      "y": 0.46601941747572817
    },
    "16": {
      "x": 0.5798319327731093,
      "y": 0.6116504854368932
    },
    "17": {
      "x": 0.7563025210084033,
      "y": 0.47572815533980584
    },
    "18": {
      "x": 0.8487394957983193,
      "y": 0.2815533980582524
    },
    "19": {
      "x": 0.907563025210084,
      "y": 0.1650485436893204
    },
    "20": {
      "x": 0.957983193277311,
      "y": 0.04854368932038835
    }
  }
}