{
  "label": "love",
  "dataset": {
    "0": {
      "x": 0.8548387096774194,
      "y": 0.9621212121212122
    },
    "1": {
      "x": 0.6290322580645161,
      "y": 0.9621212121212122
    },
    "2": {
      "x": 0.3629032258064516,
      "y": 0.8106060606060606
    },
    "3": {
      "x": 0.18548387096774194,
      "y": 0.7196969696969697
    },
    "4": {
      "x": 0.04032258064516129,
      "y": 0.6742424242424242
    },
    "5": {
      "x": 0.5161290322580645,
      "y": 0.5
    },
    "6": {
      "x": 0.3870967741935484,
      "y": 0.30303030303030304
    },
    "7": {
      "x": 0.2903225806451613,
      "y": 0.1590909090909091
    },
    "8": {
      "x": 0.20161290322580644,
      "y": 0.03787878787878788
    },
    "9": {
      "x": 0.6612903225806451,
      "y": 0.45454545454545453
    },
    "10": {
      "x": 0.532258064516129,
      "y": 0.4772727272727273
    },
    "11": {
      "x": 0.5483870967741935,
      "y": 0.696969696969697
    },
    "12": {
      "x": 0.5887096774193549,
      "y": 0.8484848484848485
    },
    "13": {
      "x": 0.8145161290322581,
      "y": 0.4621212121212121
    },
    "14": {
      "x": 0.6854838709677419,
      "y": 0.49242424242424243
    },
    "15": {
      "x": 0.6451612903225806,
      "y": 0.7045454545454546
    },
    "16": {
      "x": 0.6370967741935484,
      "y": 0.8636363636363636
    },
    "17": {
      "x": 0.9596774193548387,
      "y": 0.5075757575757576
    },
    "18": {
      "x": 0.9032258064516129,
      "y": 0.3484848484848485
    },
    "19": {
      "x": 0.8548387096774194,
      "y": 0.24242424242424243
    },
    "20": {
      "x": 0.8145161290322581,
      "y": 0.13636363636363635
    }
  }
}