{
  "label": "love",
  "dataset": {
    "0": {
      "x": 0.75,
      "y": 0.9746192893401016
    },
    "1": {
      "x": 0.5049019607843137,
      "y": 0.9390862944162437
    },
    "2": {
      "x": 0.3235294117647059,
      "y": 0.8274111675126904
    },
    "3": {
      "x": 0.1715686274509804,
      "y": 0.7360406091370558
    },
    "4": {
      "x": 0.024509803921568627,
      "y": 0.6852791878172588
    },
    "5": {
      "x": 0.4803921568627451,
      "y": 0.5431472081218274
    },
    "6": {
      "x": 0.43137254901960786,
      "y": 0.29441624365482233
    },
    "7": {
      "x": 0.4019607843137255,
      "y": 0.14213197969543148
    },
    "8": {
      "x": 0.3872549019607843,
      "y": 0.025380710659898477
    },
    "9": {
      "x": 0.6176470588235294,
      "y": 0.5076142131979695
    },
    "10": {
      "x": 0.6666666666666666,
      "y": 0.3147208121827411
    },
    "11": {
      "x": 0.6813725490196079,
      "y": 0.4263959390862944
    },
    "12": {
      "x": 0.6764705882352942,
      "y": 0.5177664974619289
    },
    "13": {
      "x": 0.75,
      "y": 0.5228426395939086
    },
    "14": {
      "x": 0.7843137254901961,
      "y": 0.3756345177664975
    },
    "15": {
      "x": 0.7990196078431373,
      "y": 0.4720812182741117
    },
    "16": {
      "x": 0.7941176470588235,
      "y": 0.5634517766497462
    },
    "17": {
      "x": 0.8676470588235294,
      "y": 0.5583756345177665
    },
    "18": {
      "x": 0.9166666666666666,
      "y": 0.37055837563451777
    },
    "19": {
      "x": 0.9558823529411765,
      "y": 0.2639593908629442
    },
    "20": {
      "x": 0.9754901960784313,
      "y": 0.16751269035532995
    }
  }
}