{
  "label": "love",
  "dataset": {
    "0": {
      "x": 0.1865671641791045,
      "y": 0.9695121951219512
    },
    "1": {
      "x": 0.43283582089552236,
      "y": 0.9390243902439024
    },
    "2": {
      "x": 0.6716417910447762,
      "y": 0.8109756097560976
    },
    "3": {
      "x": 0.8283582089552238,
      "y": 0.6707317073170732
    },
    "4": {
      "x": 0.9626865671641791,
      "y": 0.5670731707317073
    },
    "5": {
      "x": 0.5522388059701493,
      "y": 0.5670731707317073
    },
    "6": {
      "x": 0.6268656716417911,
      "y": 0.3231707317073171
    },
    "7": {
      "x": 0.6791044776119403,
      "y": 0.15853658536585366
    },
    "8": {
      "x": 0.7164179104477612,
      "y": 0.03048780487804878
    },
    "9": {
      "x": 0.39552238805970147,
      "y": 0.5304878048780488
    },
    "10": {
      "x": 0.3283582089552239,
      "y": 0.3780487804878049
    },
    "11": {
      "x": 0.2835820895522388,
      "y": 0.4817073170731707
    },
    "12": {
      "x": 0.2835820895522388,
      "y": 0.5670731707317073
    },
    "13": {
      "x": 0.22388059701492538,
      "y": 0.5304878048780488
    },
    "14": {
      "x": 0.15671641791044777,
      "y": 0.3780487804878049
    },
    "15": {
      "x": 0.11940298507462686,
      "y": 0.45121951219512196
    },
    "16": {
      "x": 0.12686567164179105,
      "y": 0.524390243902439
    },
    "17": {
      "x": 0.05223880597014925,
      "y": 0.5365853658536586
    },
    "18": {
      "x": 0.05970149253731343,
      "y": 0.34146341463414637
    },
    "19": {
      "x": 0.03731343283582089,
      "y": 0.21951219512195122
    },
    "20": {
      "x": 0.03731343283582089,
      "y": 0.12195121951219512
    }
  }
}