{
  "label": "love",
  "dataset": {
    "0": {
      "x": 0.5975609756097561,
      "y": 0.9917218543046358
    },
    "1": {
      "x": 0.3861788617886179,
      "y": 0.8261589403973509
    },
    "2": {
      "x": 0.24390243902439024,
      "y": 0.640728476821192
    },
    "3": {
      "x": 0.12601626016260162,
      "y": 0.47516556291390727
    },
    "4": {
      "x": 0.01016260162601626,
      "y": 0.3708609271523179
    },
    "5": {
      "x": 0.47764227642276424,
      "y": 0.45695364238410596
    },
    "6": {
      "x": 0.5203252032520326,
      "y": 0.25
    },
    "7": {
      "x": 0.556910569105691,
      "y": 0.12086092715231789
    },
    "8": {
      "x": 0.5873983739837398,
      "y": 0.008278145695364239
    },
    "9": {
      "x": 0.6056910569105691,
      "y": 0.48013245033112584
    },
    "10": {
      "x": 0.6565040650406504,
      "y": 0.37251655629139074
    },
    "11": {
      "x": 0.6056910569105691,
      "y": 0.5513245033112583
    },
    "12": {
      "x": 0.5487804878048781,
      "y": 0.640728476821192
    },
    "13": {
      "x": 0.7215447154471545,
      "y": 0.5314569536423841
    },
    "14": {
      "x": 0.7764227642276422,
      "y": 0.44039735099337746
    },
    "15": {
      "x": 0.7113821138211383,
      "y": 0.5993377483443708
    },
    "16": {
      "x": 0.6402439024390244,
      "y": 0.6903973509933775
    },
    "17": {
      "x": 0.8333333333333334,
      "y": 0.6059602649006622
    },
    "18": {
      "x": 0.9166666666666666,
      "y": 0.44039735099337746
    },
    "19": {
      "x": 0.9532520325203252,
      "y": 0.34271523178807944
    },
    "20": {
      "x": 0.9898373983739838,
      "y": 0.2367549668874172
    }
  }
}