{
  "label": "love",
  "dataset": {
    "0": {
      "x": 0.30357142857142855,
      "y": 0.9743589743589743
    },
    "1": {
      "x": 0.49404761904761907,
      "y": 0.9435897435897436
    },
    "2": {
      "x": 0.6785714285714286,
      "y": 0.8153846153846154
    },
    "3": {
      "x": 0.8273809523809523,
      "y": 0.7128205128205128
    },
    "4": {
      "x": 0.9702380952380952,
      "y": 0.6615384615384615
    },
    "5": {
      "x": 0.5476190476190477,
      "y": 0.5692307692307692
    },
    "6": {
      "x": 0.5476190476190477,
      "y": 0.3435897435897436
    },
    "7": {
      "x": 0.5357142857142857,
      "y": 0.17435897435897435
    },
    "8": {
      "x": 0.5119047619047619,
      "y": 0.02564102564102564
    },
    "9": {
      "x": 0.38095238095238093,
      "y": 0.5230769230769231
    },
    "10": {
      "x": 0.3869047619047619,
      "y": 0.6153846153846154
    },
    "11": {
      "x": 0.38095238095238093,
      "y": 0.8256410256410256
    },
    "12": {
      "x": 0.3869047619047619,
      "y": 0.9435897435897436
    },
    "13": {
      "x": 0.2261904761904762,
      "y": 0.5538461538461539
    },
    "14": {
      "x": 0.22023809523809523,
      "y": 0.6410256410256411
    },
    "15": {
      "x": 0.2261904761904762,
      "y": 0.841025641025641
    },
    "16": {
      "x": 0.25,
      "y": 0.9743589743589743
    },
    "17": {
      "x": 0.10119047619047619,
      "y": 0.5948717948717949
    },
    "18": {
      "x": 0.07142857142857142,
      "y": 0.4358974358974359
    },
    "19": {
      "x": 0.041666666666666664,
      "y": 0.31794871794871793
    },
    "20": {
      "x": 0.02976190476190476,
      "y": 0.2
    }
  }
}