{
  "label": "love",
  "dataset": {
    "0": {
      "x": 0.07272727272727272,
      "y": 0.9173553719008265
    },
    "1": {
      "x": 0.2909090909090909,
      "y": 0.9586776859504132
    },
    "2": {
      "x": 0.4727272727272727,
      "y": 0.8347107438016529
    },
    "3": {
      "x": 0.6090909090909091,
      "y": 0.6859504132231405
    },
    "4": {
      "x": 0.7636363636363637,
      "y": 0.6446280991735537
    },
    "5": {
      "x": 0.5272727272727272,
      "y": 0.4793388429752066
    },
    "6": {
      "x": 0.7363636363636363,
      "y": 0.2892561983471074
    },
    "7": {
      "x": 0.8545454545454545,
      "y": 0.15702479338842976
    },
    "8": {
      "x": 0.9545454545454546,
      "y": 0.05785123966942149
    },
    "9": {
      "x": 0.35454545454545455,
      "y": 0.4049586776859504
    },
    "10": {
      "x": 0.34545454545454546,
      "y": 0.2066115702479339
    },
    "11": {
      "x": 0.22727272727272727,
      "y": 0.33884297520661155
    },
    "12": {
      "x": 0.17272727272727273,
      "y": 0.48760330578512395
    },
    "13": {
      "x": 0.20909090909090908,
      "y": 0.38016528925619836
    },
    "14": {
      "x": 0.22727272727272727,
      "y": 0.15702479338842976
    },
    "15": {
      "x": 0.16363636363636364,
      "y": 0.19834710743801653
    },
    "16": {
      "x": 0.15454545454545454,
      "y": 0.2644628099173554
    },
    "17": {
      "x": 0.07272727272727272,
      "y": 0.4049586776859504
    },
    "18": {
      "x": 0.06363636363636363,
      "y": 0.23140495867768596
    },
    "19": {
      "x": 0.045454545454545456,
      "y": 0.12396694214876033
    },
    "20": {
      "x": 0.05454545454545454,
      "y": 0.04132231404958678
    }
  }
}