{
  "label": "love",
  "dataset": {
    "0": {
      "x": 0.05621301775147929,
      "y": 0.972568578553616
    },
    "1": {
      "x": 0.3668639053254438,
      "y": 0.9875311720698254
    },
    "2": {
      "x": 0.6035502958579881,
      "y": 0.9301745635910225
    },
    "3": {
      "x": 0.8224852071005917,
      "y": 0.85785536159601
    },
    "4": {
      "x": 0.985207100591716,
      "y": 0.7955112219451371
    },
    "5": {
      "x": 0.5,
      "y": 0.6059850374064838
    },
    "6": {
      "x": 0.5828402366863905,
      "y": 0.3316708229426434
    },
    "7": {
      "x": 0.6479289940828402,
      "y": 0.14463840399002495
    },
    "8": {
      "x": 0.6863905325443787,
      "y": 0.012468827930174564
    },
    "9": {
      "x": 0.34023668639053256,
      "y": 0.5461346633416458
    },
    "10": {
      "x": 0.3668639053254438,
      "y": 0.43640897755610975
    },
    "11": {
      "x": 0.32840236686390534,
      "y": 0.5461346633416458
    },
    "12": {
      "x": 0.33136094674556216,
      "y": 0.6134663341645885
    },
    "13": {
      "x": 0.17159763313609466,
      "y": 0.5311720698254364
    },
    "14": {
      "x": 0.21301775147928995,
      "y": 0.428927680798005
    },
    "15": {
      "x": 0.19230769230769232,
      "y": 0.516209476309227
    },
    "16": {
      "x": 0.1804733727810651,
      "y": 0.5860349127182045
    },
    "17": {
      "x": 0.014792899408284023,
      "y": 0.5311720698254364
    },
    "18": {
      "x": 0.06804733727810651,
      "y": 0.2942643391521197
    },
    "19": {
      "x": 0.08875739644970414,
      "y": 0.16708229426433915
    },
    "20": {
      "x": 0.12130177514792899,
      "y": 0.06234413965087282
    }
  }
}