{
  "label": "love",
  "dataset": {
    "0": {
      "x": 0.08333333333333333,
      "y": 0.6865671641791045
    },
    "1": {
      "x": 0.21666666666666667,
      "y": 0.7761194029850746
    },
    "2": {
      "x": 0.43333333333333335,
      "y": 0.8059701492537313
    },
    "3": {
      "x": 0.6,
      "y": 0.8507462686567164
    },
    "4": {
      "x": 0.7333333333333333,
      "y": 0.9253731343283582
    },
    "5": {
      "x": 0.5333333333333333,
      "y": 0.5671641791044776
    },
    "6": {
      "x": 0.7,
      "y": 0.4626865671641791
    },
    "7": {
      "x": 0.8333333333333334,
      "y": 0.3880597014925373
    },
    "8": {
      "x": 0.9166666666666666,
      "y": 0.31343283582089554
    },
    "9": {
      "x": 0.45,
      "y": 0.47761194029850745
    },
    "10": {
      "x": 0.48333333333333334,
      "y": 0.40298507462686567
    },
    "11": {
      "x": 0.36666666666666664,
      "y": 0.47761194029850745
    },
    "12": {
      "x": 0.26666666666666666,
      "y": 0.5522388059701493
    },
    "13": {
      "x": 0.35,
      "y": 0.417910447761194
    },
    "14": {
      "x": 0.36666666666666664,
      "y": 0.34328358208955223
    },
    "15": {
      "x": 0.26666666666666666,
      "y": 0.417910447761194
    },
    "16": {
      "x": 0.2,
      "y": 0.4925373134328358
    },
    "17": {
      "x": 0.25,
      "y": 0.373134328358209
    },
    "18": {
      "x": 0.3333333333333333,
      "y": 0.23880597014925373
    },
    "19": {
      "x": 0.36666666666666664,
      "y": 0.16417910447761194
    },
    "20": {
      "x": 0.4166666666666667,
      "y": 0.07462686567164178
    }
  }
}