{
  "label": "love",
  "dataset": {
    "0": {
      "x": 0.41714285714285715,
      "y": 0.9753694581280788
    },
    "1": {
      "x": 0.6171428571428571,
      "y": 0.916256157635468
    },
    "2": {
      "x": 0.76,
      "y": 0.7192118226600985
    },
    "3": {
      "x": 0.8571428571428571,
      "y": 0.5714285714285714
    },
    "4": {
      "x": 0.9714285714285714,
      "y": 0.4975369458128079
    },
    "5": {
      "x": 0.5714285714285714,
      "y": 0.5123152709359606
    },
    "6": {
      "x": 0.5828571428571429,
      "y": 0.29064039408866993
    },
    "7": {
      "x": 0.5771428571428572,
      "y": 0.14285714285714285
    },
    "8": {
      "x": 0.5714285714285714,
      "y": 0.024630541871921183
    },
    "9": {
      "x": 0.42857142857142855,
      "y": 0.5320197044334976
    },
    "10": {
      "x": 0.42857142857142855,
      "y": 0.43349753694581283
    },
    "11": {
      "x": 0.46285714285714286,
      "y": 0.6108374384236454
    },
    "12": {
      "x": 0.49714285714285716,
      "y": 0.7339901477832512
    },
    "13": {
      "x": 0.29714285714285715,
      "y": 0.5665024630541872
    },
    "14": {
      "x": 0.2914285714285714,
      "y": 0.5024630541871922
    },
    "15": {
      "x": 0.36,
      "y": 0.6551724137931034
    },
    "16": {
      "x": 0.4114285714285714,
      "y": 0.7635467980295566
    },
    "17": {
      "x": 0.1657142857142857,
      "y": 0.6059113300492611
    },
    "18": {
      "x": 0.10285714285714286,
      "y": 0.43349753694581283
    },
    "19": {
      "x": 0.06285714285714286,
      "y": 0.33004926108374383
    },
    "20": {
      "x": 0.02857142857142857,
      "y": 0.22167487684729065
    }
  }
}