{
  "label": "love",
  "dataset": {
    "0": {
      "x": 0.6232876712328768,
      "y": 0.9726775956284153
    },
    "1": {
      "x": 0.4383561643835616,
      "y": 0.8524590163934426
    },
    "2": {
      "x": 0.3082191780821918,
      "y": 0.7049180327868853
    },
    "3": {
      "x": 0.17123287671232876,
      "y": 0.5956284153005464
    },
    "4": {
      "x": 0.03424657534246575,
      "y": 0.5409836065573771
    },
    "5": {
      "x": 0.4452054794520548,
      "y": 0.4918032786885246
    },
    "6": {
      "x": 0.5,
      "y": 0.2677595628415301
    },
    "7": {
      "x": 0.5342465753424658,
      "y": 0.13114754098360656
    },
    "8": {
      "x": 0.5547945205479452,
      "y": 0.0273224043715847
    },
    "9": {
      "x": 0.5958904109589042,
      "y": 0.48633879781420764
    },
    "10": {
      "x": 0.7534246575342466,
      "y": 0.39344262295081966
    },
    "11": {
      "x": 0.7602739726027398,
      "y": 0.47540983606557374
    },
    "12": {
      "x": 0.7191780821917808,
      "y": 0.546448087431694
    },
    "13": {
      "x": 0.7534246575342466,
      "y": 0.5191256830601093
    },
    "14": {
      "x": 0.863013698630137,
      "y": 0.45901639344262296
    },
    "15": {
      "x": 0.8698630136986302,
      "y": 0.5300546448087432
    },
    "16": {
      "x": 0.8287671232876712,
      "y": 0.5956284153005464
    },
    "17": {
      "x": 0.8972602739726028,
      "y": 0.5628415300546448
    },
    "18": {
      "x": 0.9657534246575342,
      "y": 0.5191256830601093
    },
    "19": {
      "x": 0.9657534246575342,
      "y": 0.5846994535519126
    },
    "20": {
      "x": 0.9315068493150684,
      "y": 0.639344262295082
    }
  }
}