{
  "label": "love",
  "dataset": {
    "0": {
      "x": 0.7688442211055276,
      "y": 0.9768518518518519
    },
    "1": {
      "x": 0.5376884422110553,
      "y": 0.9166666666666666
    },
    "2": {
      "x": 0.32663316582914576,
      "y": 0.7731481481481481
    },
    "3": {
      "x": 0.16080402010050251,
      "y": 0.6620370370370371
    },
    "4": {
      "x": 0.02512562814070352,
      "y": 0.5972222222222222
    },
    "5": {
      "x": 0.542713567839196,
      "y": 0.5046296296296297
    },
    "6": {
      "x": 0.47738693467336685,
      "y": 0.27314814814814814
    },
    "7": {
      "x": 0.4472361809045226,
      "y": 0.14351851851851852
    },
    "8": {
      "x": 0.4221105527638191,
      "y": 0.023148148148148147
    },
    "9": {
      "x": 0.6683417085427136,
      "y": 0.4861111111111111
    },
    "10": {
      "x": 0.5728643216080402,
      "y": 0.37962962962962965
    },
    "11": {
      "x": 0.5577889447236181,
      "y": 0.5601851851851852
    },
    "12": {
      "x": 0.5728643216080402,
      "y": 0.6944444444444444
    },
    "13": {
      "x": 0.7989949748743719,
      "y": 0.49074074074074076
    },
    "14": {
      "x": 0.7336683417085427,
      "y": 0.33796296296296297
    },
    "15": {
      "x": 0.6934673366834171,
      "y": 0.4861111111111111
    },
    "16": {
      "x": 0.6884422110552764,
      "y": 0.6111111111111112
    },
    "17": {
      "x": 0.9346733668341709,
      "y": 0.5092592592592593
    },
    "18": {
      "x": 0.9748743718592965,
      "y": 0.3287037037037037
    },
    "19": {
      "x": 0.9447236180904522,
      "y": 0.2222222222222222
    },
    "20": {
      "x": 0.8994974874371859,
      "y": 0.125
    }
  }
}