{
  "label": "love",
  "dataset": {
    "0": {
      "x": 0.34901960784313724,
      "y": 0.9823943661971831
    },
    "1": {
      "x": 0.5529411764705883,
      "y": 0.8838028169014085
    },
    "2": {
      "x": 0.7137254901960784,
      "y": 0.7253521126760564
    },
    "3": {
      "x": 0.8509803921568627,
      "y": 0.5950704225352113
    },
    "4": {
      "x": 0.9803921568627451,
      "y": 0.5246478873239436
    },
    "5": {
      "x": 0.5372549019607843,
      "y": 0.5070422535211268
    },
    "6": {
      "x": 0.5450980392156862,
      "y": 0.28169014084507044
    },
    "7": {
      "x": 0.5411764705882353,
      "y": 0.14084507042253522
    },
    "8": {
      "x": 0.5333333333333333,
      "y": 0.017605633802816902
    },
    "9": {
      "x": 0.39215686274509803,
      "y": 0.5140845070422535
    },
    "10": {
      "x": 0.37254901960784315,
      "y": 0.4225352112676056
    },
    "11": {
      "x": 0.403921568627451,
      "y": 0.5985915492957746
    },
    "12": {
      "x": 0.42745098039215684,
      "y": 0.7112676056338029
    },
    "13": {
      "x": 0.2627450980392157,
      "y": 0.5422535211267606
    },
    "14": {
      "x": 0.23137254901960785,
      "y": 0.44014084507042256
    },
    "15": {
      "x": 0.2980392156862745,
      "y": 0.5950704225352113
    },
    "16": {
      "x": 0.34509803921568627,
      "y": 0.7007042253521126
    },
    "17": {
      "x": 0.13725490196078433,
      "y": 0.5774647887323944
    },
    "18": {
      "x": 0.08627450980392157,
      "y": 0.4154929577464789
    },
    "19": {
      "x": 0.047058823529411764,
      "y": 0.3274647887323944
    },
    "20": {
      "x": 0.0196078431372549,
      "y": 0.22183098591549297
    }
  }
}