{
  "label": "ok",
  "dataset": {
    "0": {
      "x": 0.35119047619047616,
      "y": 0.98046875
    },
    "1": {
      "x": 0.5952380952380952,
      "y": 0.8984375
    },
    "2": {
      "x": 0.7678571428571429,
      "y": 0.76953125
    },
    "3": {
      "x": 0.8928571428571429,
      "y": 0.66015625
    },
    "4": {
      "x": 0.9702380952380952,
      "y": 0.55078125
    },
    "5": {
      "x": 0.5297619047619048,
      "y": 0.52734375
    },
    "6": {
      "x": 0.6785714285714286,
      "y": 0.40234375
    },
    "7": {
      "x": 0.8035714285714286,
      "y": 0.4296875
    },
    "8": {
      "x": 0.8869047619047619,
      "y": 0.48828125
    },
    "9": {
      "x": 0.39285714285714285,
      "y": 0.48046875
    },
    "10": {
      "x": 0.44642857142857145,
      "y": 0.27734375
    },
    "11": {
      "x": 0.5119047619047619,
      "y": 0.140625
    },
    "12": {
      "x": 0.5714285714285714,
      "y": 0.01953125
    },
    "13": {
      "x": 0.25,
      "y": 0.484375
    },
    "14": {
      "x": 0.26785714285714285,
      "y": 0.2890625
    },
    "15": {
      "x": 0.30357142857142855,
      "y": 0.15234375
    },
    "16": {
      "x": 0.3392857142857143,
      "y": 0.03515625
    },
    "17": {
      "x": 0.10119047619047619,
      "y": 0.53125
    },
    "18": {
      "x": 0.05952380952380952,
      "y": 0.37890625
    },
    "19": {
      "x": 0.041666666666666664,
      "y": 0.265625
    },
    "20": {
      "x": 0.02976190476190476,
      "y": 0.1640625
    }
  }
}