{
  "label": "ok",
  "dataset": {
    "0": {
      "x": 0.4424778761061947,
      "y": 0.965034965034965
    },
    "1": {
      "x": 0.2743362831858407,
      "y": 0.8531468531468531
    },
    "2": {
      "x": 0.1504424778761062,
      "y": 0.7062937062937062
    },
    "3": {
      "x": 0.04424778761061947,
      "y": 0.5804195804195804
    },
    "4": {
      "x": 0.09734513274336283,
      "y": 0.5034965034965035
    },
    "5": {
      "x": 0.4336283185840708,
      "y": 0.5244755244755245
    },
    "6": {
      "x": 0.36283185840707965,
      "y": 0.38461538461538464
    },
    "7": {
      "x": 0.23893805309734514,
      "y": 0.38461538461538464
    },
    "8": {
      "x": 0.1592920353982301,
      "y": 0.43356643356643354
    },
    "9": {
      "x": 0.5663716814159292,
      "y": 0.48951048951048953
    },
    "10": {
      "x": 0.6637168141592921,
      "y": 0.2867132867132867
    },
    "11": {
      "x": 0.6991150442477876,
      "y": 0.13986013986013987
    },
    "12": {
      "x": 0.7345132743362832,
      "y": 0.03496503496503497
    },
    "13": {
      "x": 0.672566371681416,
      "y": 0.5104895104895105
    },
    "14": {
      "x": 0.8053097345132744,
      "y": 0.32167832167832167
    },
    "15": {
      "x": 0.8761061946902655,
      "y": 0.1958041958041958
    },
    "16": {
      "x": 0.9203539823008849,
      "y": 0.09090909090909091
    },
    "17": {
      "x": 0.7433628318584071,
      "y": 0.5664335664335665
    },
    "18": {
      "x": 0.8584070796460177,
      "y": 0.4195804195804196
    },
    "19": {
      "x": 0.9203539823008849,
      "y": 0.3146853146853147
    },
    "20": {
      "x": 0.9557522123893806,
      "y": 0.22377622377622378
    }
  }
}