{
  "label": "ok",
  "dataset": {
    "0": {
      "x": 0.6548223350253807,
      "y": 0.9854651162790697
    },
    "1": {
      "x": 0.4467005076142132,
      "y": 0.8866279069767442
    },
    "2": {
      "x": 0.30456852791878175,
      "y": 0.7238372093023255
    },
    "3": {
      "x": 0.17766497461928935,
      "y": 0.6162790697674418
    },
    "4": {
      "x": 0.025380710659898477,
      "y": 0.5348837209302325
    },
    "5": {
      "x": 0.4873096446700508,
      "y": 0.49127906976744184
    },
    "6": {
      "x": 0.3401015228426396,
      "y": 0.3488372093023256
    },
    "7": {
      "x": 0.18274111675126903,
      "y": 0.4069767441860465
    },
    "8": {
      "x": 0.07106598984771574,
      "y": 0.48255813953488375
    },
    "9": {
      "x": 0.6395939086294417,
      "y": 0.4796511627906977
    },
    "10": {
      "x": 0.583756345177665,
      "y": 0.26744186046511625
    },
    "11": {
      "x": 0.4873096446700508,
      "y": 0.13372093023255813
    },
    "12": {
      "x": 0.39086294416243655,
      "y": 0.014534883720930232
    },
    "13": {
      "x": 0.7868020304568528,
      "y": 0.5203488372093024
    },
    "14": {
      "x": 0.7766497461928934,
      "y": 0.32848837209302323
    },
    "15": {
      "x": 0.7055837563451777,
      "y": 0.21220930232558138
    },
    "16": {
      "x": 0.6192893401015228,
      "y": 0.10755813953488372
    },
    "17": {
      "x": 0.9289340101522843,
      "y": 0.6017441860465116
    },
    "18": {
      "x": 0.9746192893401016,
      "y": 0.4476744186046512
    },
    "19": {
      "x": 0.949238578680203,
      "y": 0.34593023255813954
    },
    "20": {
      "x": 0.8984771573604061,
      "y": 0.2558139534883721
    }
  }
}