{
  "label": "ok",
  "dataset": {
    "0": {
      "x": 0.3333333333333333,
      "y": 0.9664429530201343
    },
    "1": {
      "x": 0.5614035087719298,
      "y": 0.9194630872483222
    },
    "2": {
      "x": 0.7456140350877193,
      "y": 0.8389261744966443
    },
    "3": {
      "x": 0.8771929824561403,
      "y": 0.7718120805369127
    },
    "4": {
      "x": 0.956140350877193,
      "y": 0.6778523489932886
    },
    "5": {
      "x": 0.5614035087719298,
      "y": 0.5570469798657718
    },
    "6": {
      "x": 0.7456140350877193,
      "y": 0.47651006711409394
    },
    "7": {
      "x": 0.868421052631579,
      "y": 0.5503355704697986
    },
    "8": {
      "x": 0.9385964912280702,
      "y": 0.6442953020134228
    },
    "9": {
      "x": 0.4649122807017544,
      "y": 0.47651006711409394
    },
    "10": {
      "x": 0.5350877192982456,
      "y": 0.28187919463087246
    },
    "11": {
      "x": 0.6754385964912281,
      "y": 0.16778523489932887
    },
    "12": {
      "x": 0.7982456140350878,
      "y": 0.087248322147651
    },
    "13": {
      "x": 0.3508771929824561,
      "y": 0.4563758389261745
    },
    "14": {
      "x": 0.30701754385964913,
      "y": 0.2550335570469799
    },
    "15": {
      "x": 0.35964912280701755,
      "y": 0.12751677852348994
    },
    "16": {
      "x": 0.42105263157894735,
      "y": 0.03355704697986577
    },
    "17": {
      "x": 0.2543859649122807,
      "y": 0.4966442953020134
    },
    "18": {
      "x": 0.14912280701754385,
      "y": 0.3288590604026846
    },
    "19": {
      "x": 0.08771929824561403,
      "y": 0.21476510067114093
    },
    "20": {
      "x": 0.043859649122807015,
      "y": 0.11409395973154363
    }
  }
}