{
  "label": "ok",
  "dataset": {
    "0": {
      "x": 0.3458646616541353,
      "y": 0.9666666666666667
    },
    "1": {
      "x": 0.5037593984962406,
      "y": 0.9133333333333333
    },
    "2": {
      "x": 0.6691729323308271,
      "y": 0.8066666666666666
    },
    "3": {
      "x": 0.8345864661654135,
      "y": 0.7133333333333334
    },
    "4": {
      "x": 0.9624060150375939,
      "y": 0.6466666666666666
    },
    "5": {
      "x": 0.5338345864661654,
      "y": 0.5666666666666667
    },
    "6": {
      "x": 0.706766917293233,
      "y": 0.52
    },
    "7": {
      "x": 0.8270676691729323,
      "y": 0.5466666666666666
    },
    "8": {
      "x": 0.9097744360902256,
      "y": 0.5933333333333334
    },
    "9": {
      "x": 0.45112781954887216,
      "y": 0.5
    },
    "10": {
      "x": 0.5263157894736842,
      "y": 0.29333333333333333
    },
    "11": {
      "x": 0.5789473684210527,
      "y": 0.15333333333333332
    },
    "12": {
      "x": 0.6015037593984962,
      "y": 0.03333333333333333
    },
    "13": {
      "x": 0.3533834586466165,
      "y": 0.48
    },
    "14": {
      "x": 0.3233082706766917,
      "y": 0.28
    },
    "15": {
      "x": 0.3007518796992481,
      "y": 0.16
    },
    "16": {
      "x": 0.2706766917293233,
      "y": 0.06
    },
    "17": {
      "x": 0.2556390977443609,
      "y": 0.5133333333333333
    },
    "18": {
      "x": 0.16541353383458646,
      "y": 0.35333333333333333
    },
    "19": {
      "x": 0.10526315789473684,
      "y": 0.26
    },
    "20": {
      "x": 0.03759398496240601,
      "y": 0.18666666666666668
    }
  }
}