{
  "label": "ok",
  "dataset": {
    "0": {
      "x": 0.6236559139784946,
      "y": 0.9637681159420289
    },
    "1": {
      "x": 0.7956989247311828,
      "y": 0.855072463768116
    },
    "2": {
      "x": 0.9139784946236559,
      "y": 0.717391304347826
    },
    "3": {
      "x": 0.946236559139785,
      "y": 0.6086956521739131
    },
    "4": {
      "x": 0.8494623655913979,
      "y": 0.5362318840579711
    },
    "5": {
      "x": 0.6881720430107527,
      "y": 0.5072463768115942
    },
    "6": {
      "x": 0.7419354838709677,
      "y": 0.3695652173913043
    },
    "7": {
      "x": 0.7849462365591398,
      "y": 0.427536231884058
    },
    "8": {
      "x": 0.7956989247311828,
      "y": 0.5072463768115942
    },
    "9": {
      "x": 0.5268817204301075,
      "y": 0.5
    },
    "10": {
      "x": 0.4731182795698925,
      "y": 0.2753623188405797
    },
    "11": {
      "x": 0.43010752688172044,
      "y": 0.14492753623188406
    },
    "12": {
      "x": 0.3763440860215054,
      "y": 0.036231884057971016
    },
    "13": {
      "x": 0.3870967741935484,
      "y": 0.5434782608695652
    },
    "14": {
      "x": 0.3333333333333333,
      "y": 0.34057971014492755
    },
    "15": {
      "x": 0.3010752688172043,
      "y": 0.21739130434782608
    },
    "16": {
      "x": 0.26881720430107525,
      "y": 0.10869565217391304
    },
    "17": {
      "x": 0.26881720430107525,
      "y": 0.6231884057971014
    },
    "18": {
      "x": 0.17204301075268819,
      "y": 0.4782608695652174
    },
    "19": {
      "x": 0.10752688172043011,
      "y": 0.38405797101449274
    },
    "20": {
      "x": 0.053763440860215055,
      "y": 0.2971014492753623
    }
  }
}