{
  "label": "ok",
  "dataset": {
    "0": {
      "x": 0.3812154696132597,
      "y": 0.9802371541501976
    },
    "1": {
      "x": 0.6187845303867403,
      "y": 0.9288537549407114
    },
    "2": {
      "x": 0.8066298342541437,
      "y": 0.8142292490118577
    },
    "3": {
      "x": 0.9337016574585635,
      "y": 0.7233201581027668
    },
    "4": {
      "x": 0.9723756906077348,
      "y": 0.6245059288537549
    },
    "5": {
      "x": 0.6408839779005525,
      "y": 0.5454545454545454
    },
    "6": {
      "x": 0.7955801104972375,
      "y": 0.4426877470355731
    },
    "7": {
      "x": 0.9060773480662984,
      "y": 0.48616600790513836
    },
    "8": {
      "x": 0.9723756906077348,
      "y": 0.5652173913043478
    },
    "9": {
      "x": 0.5082872928176796,
      "y": 0.4782608695652174
    },
    "10": {
      "x": 0.6022099447513812,
      "y": 0.28063241106719367
    },
    "11": {
      "x": 0.7403314917127072,
      "y": 0.16600790513833993
    },
    "12": {
      "x": 0.8674033149171271,
      "y": 0.07509881422924901
    },
    "13": {
      "x": 0.36464088397790057,
      "y": 0.47035573122529645
    },
    "14": {
      "x": 0.35911602209944754,
      "y": 0.2608695652173913
    },
    "15": {
      "x": 0.425414364640884,
      "y": 0.12648221343873517
    },
    "16": {
      "x": 0.5027624309392266,
      "y": 0.019762845849802372
    },
    "17": {
      "x": 0.22099447513812154,
      "y": 0.5177865612648221
    },
    "18": {
      "x": 0.11049723756906077,
      "y": 0.35968379446640314
    },
    "19": {
      "x": 0.049723756906077346,
      "y": 0.24110671936758893
    },
    "20": {
      "x": 0.027624309392265192,
      "y": 0.13438735177865613
    }
  }
}