{
  "label": "ok",
  "dataset": {
    "0": {
      "x": 0.38461538461538464,
      "y": 0.9624060150375939
    },
    "1": {
      "x": 0.28205128205128205,
      "y": 0.8045112781954887
    },
    "2": {
      "x": 0.21367521367521367,
      "y": 0.6691729323308271
    },
    "3": {
      "x": 0.11965811965811966,
      "y": 0.5714285714285714
    },
    "4": {
      "x": 0.042735042735042736,
      "y": 0.48120300751879697
    },
    "5": {
      "x": 0.4700854700854701,
      "y": 0.5037593984962406
    },
    "6": {
      "x": 0.36752136752136755,
      "y": 0.38345864661654133
    },
    "7": {
      "x": 0.23931623931623933,
      "y": 0.42105263157894735
    },
    "8": {
      "x": 0.15384615384615385,
      "y": 0.48872180451127817
    },
    "9": {
      "x": 0.5555555555555556,
      "y": 0.5037593984962406
    },
    "10": {
      "x": 0.6324786324786325,
      "y": 0.3007518796992481
    },
    "11": {
      "x": 0.6410256410256411,
      "y": 0.15037593984962405
    },
    "12": {
      "x": 0.6410256410256411,
      "y": 0.03759398496240601
    },
    "13": {
      "x": 0.6068376068376068,
      "y": 0.556390977443609
    },
    "14": {
      "x": 0.7777777777777778,
      "y": 0.40601503759398494
    },
    "15": {
      "x": 0.8547008547008547,
      "y": 0.2857142857142857
    },
    "16": {
      "x": 0.905982905982906,
      "y": 0.18045112781954886
    },
    "17": {
      "x": 0.6068376068376068,
      "y": 0.6541353383458647
    },
    "18": {
      "x": 0.7863247863247863,
      "y": 0.5864661654135338
    },
    "19": {
      "x": 0.8803418803418803,
      "y": 0.518796992481203
    },
    "20": {
      "x": 0.9572649572649573,
      "y": 0.44360902255639095
    }
  }
}