{
  "label": "ok",
  "dataset": {
    "0": {
      "x": 0.5568181818181818,
      "y": 0.9568965517241379
    },
    "1": {
      "x": 0.7159090909090909,
      "y": 0.8362068965517241
    },
    "2": {
      "x": 0.8409090909090909,
      "y": 0.6982758620689655
    },
    "3": {
      "x": 0.9204545454545454,
      "y": 0.5948275862068966
    },
    "4": {
      "x": 0.9431818181818182,
      "y": 0.5
    },
    "5": {
      "x": 0.5568181818181818,
      "y": 0.46551724137931033
    },
    "6": {
      "x": 0.6590909090909091,
      "y": 0.33620689655172414
    },
    "7": {
      "x": 0.7840909090909091,
      "y": 0.35344827586206895
    },
    "8": {
      "x": 0.875,
      "y": 0.4224137931034483
    },
    "9": {
      "x": 0.4431818181818182,
      "y": 0.4482758620689655
    },
    "10": {
      "x": 0.4318181818181818,
      "y": 0.2413793103448276
    },
    "11": {
      "x": 0.5340909090909091,
      "y": 0.12931034482758622
    },
    "12": {
      "x": 0.6363636363636364,
      "y": 0.05172413793103448
    },
    "13": {
      "x": 0.32954545454545453,
      "y": 0.47413793103448276
    },
    "14": {
      "x": 0.22727272727272727,
      "y": 0.27586206896551724
    },
    "15": {
      "x": 0.25,
      "y": 0.14655172413793102
    },
    "16": {
      "x": 0.3068181818181818,
      "y": 0.04310344827586207
    },
    "17": {
      "x": 0.25,
      "y": 0.5517241379310345
    },
    "18": {
      "x": 0.11363636363636363,
      "y": 0.4224137931034483
    },
    "19": {
      "x": 0.06818181818181818,
      "y": 0.3103448275862069
    },
    "20": {
      "x": 0.056818181818181816,
      "y": 0.21551724137931033
    }
  }
}