{
  "label": "ok",
  "dataset": {
    "0": {
      "x": 0.26436781609195403,
      "y": 0.9609375
    },
    "1": {
      "x": 0.4827586206896552,
      "y": 0.9140625
    },
    "2": {
      "x": 0.6781609195402298,
      "y": 0.828125
    },
    "3": {
      "x": 0.8390804597701149,
      "y": 0.75
    },
    "4": {
      "x": 0.9425287356321839,
      "y": 0.65625
    },
    "5": {
      "x": 0.5747126436781609,
      "y": 0.5703125
    },
    "6": {
      "x": 0.7586206896551724,
      "y": 0.4921875
    },
    "7": {
      "x": 0.8620689655172413,
      "y": 0.53125
    },
    "8": {
      "x": 0.896551724137931,
      "y": 0.609375
    },
    "9": {
      "x": 0.47126436781609193,
      "y": 0.5
    },
    "10": {
      "x": 0.632183908045977,
      "y": 0.3203125
    },
    "11": {
      "x": 0.7586206896551724,
      "y": 0.1953125
    },
    "12": {
      "x": 0.8390804597701149,
      "y": 0.09375
    },
    "13": {
      "x": 0.3333333333333333,
      "y": 0.484375
    },
    "14": {
      "x": 0.3333333333333333,
      "y": 0.28125
    },
    "15": {
      "x": 0.3333333333333333,
      "y": 0.1484375
    },
    "16": {
      "x": 0.3563218390804598,
      "y": 0.0390625
    },
    "17": {
      "x": 0.1839080459770115,
      "y": 0.53125
    },
    "18": {
      "x": 0.09195402298850575,
      "y": 0.390625
    },
    "19": {
      "x": 0.05747126436781609,
      "y": 0.2890625
    },
    "20": {
      "x": 0.05747126436781609,
      "y": 0.203125
    }
  }
}