{
  "label": "ok",
  "dataset": {
    "0": {
      "x": 0.07142857142857142,
      "y": 0.9583333333333334
    },
    "1": {
      "x": 0.35714285714285715,
      "y": 0.95
    },
    "2": {
      "x": 0.6142857142857143,
      "y": 0.9
    },
    "3": {
      "x": 0.8,
      "y": 0.8583333333333333
    },
    "4": {
      "x": 0.9285714285714286,
      "y": 0.7916666666666666
    },
    "5": {
      "x": 0.5285714285714286,
      "y": 0.6
    },
    "6": {
      "x": 0.7714285714285715,
      "y": 0.5583333333333333
    },
    "7": {
      "x": 0.8428571428571429,
      "y": 0.6416666666666667
    },
    "8": {
      "x": 0.8285714285714286,
      "y": 0.7333333333333333
    },
    "9": {
      "x": 0.42857142857142855,
      "y": 0.5166666666666667
    },
    "10": {
      "x": 0.6285714285714286,
      "y": 0.31666666666666665
    },
    "11": {
      "x": 0.7714285714285715,
      "y": 0.2
    },
    "12": {
      "x": 0.8571428571428571,
      "y": 0.09166666666666666
    },
    "13": {
      "x": 0.2714285714285714,
      "y": 0.49166666666666664
    },
    "14": {
      "x": 0.35714285714285715,
      "y": 0.2833333333333333
    },
    "15": {
      "x": 0.44285714285714284,
      "y": 0.15
    },
    "16": {
      "x": 0.5142857142857142,
      "y": 0.041666666666666664
    },
    "17": {
      "x": 0.1,
      "y": 0.5166666666666667
    },
    "18": {
      "x": 0.1,
      "y": 0.35
    },
    "19": {
      "x": 0.1,
      "y": 0.24166666666666667
    },
    "20": {
      "x": 0.1,
      "y": 0.15
    }
  }
}