{
  "label": "ok",
  "dataset": {
    "0": {
      "x": 0.5034013605442177,
      "y": 0.9787234042553191
    },
    "1": {
      "x": 0.30612244897959184,
      "y": 0.851063829787234
    },
    "2": {
      "x": 0.17006802721088435,
      "y": 0.6893617021276596
    },
    "3": {
      "x": 0.047619047619047616,
      "y": 0.548936170212766
    },
    "4": {
      "x": 0.034013605442176874,
      "y": 0.43829787234042555
    },
    "5": {
      "x": 0.6394557823129252,
      "y": 0.5574468085106383
    },
    "6": {
      "x": 0.4217687074829932,
      "y": 0.37446808510638296
    },
    "7": {
      "x": 0.22448979591836735,
      "y": 0.40425531914893614
    },
    "8": {
      "x": 0.14285714285714285,
      "y": 0.46808510638297873
    },
    "9": {
      "x": 0.7346938775510204,
      "y": 0.5404255319148936
    },
    "10": {
      "x": 0.6938775510204082,
      "y": 0.2978723404255319
    },
    "11": {
      "x": 0.6666666666666666,
      "y": 0.14468085106382977
    },
    "12": {
      "x": 0.673469387755102,
      "y": 0.02127659574468085
    },
    "13": {
      "x": 0.7687074829931972,
      "y": 0.548936170212766
    },
    "14": {
      "x": 0.8163265306122449,
      "y": 0.3446808510638298
    },
    "15": {
      "x": 0.8503401360544217,
      "y": 0.2127659574468085
    },
    "16": {
      "x": 0.8775510204081632,
      "y": 0.11063829787234042
    },
    "17": {
      "x": 0.7551020408163265,
      "y": 0.5787234042553191
    },
    "18": {
      "x": 0.8435374149659864,
      "y": 0.44680851063829785
    },
    "19": {
      "x": 0.9047619047619048,
      "y": 0.3659574468085106
    },
    "20": {
      "x": 0.9659863945578231,
      "y": 0.2978723404255319
    }
  }
}