{
  "label": "ok",
  "dataset": {
    "0": {
      "x": 0.38235294117647056,
      "y": 0.9846625766871165
    },
    "1": {
      "x": 0.5756302521008403,
      "y": 0.8834355828220859
    },
    "2": {
      "x": 0.7058823529411765,
      "y": 0.7730061349693251
    },
    "3": {
      "x": 0.8445378151260504,
      "y": 0.7085889570552147
    },
    "4": {
      "x": 0.9789915966386554,
      "y": 0.6288343558282209
    },
    "5": {
      "x": 0.4579831932773109,
      "y": 0.5061349693251533
    },
    "6": {
      "x": 0.6638655462184874,
      "y": 0.3895705521472393
    },
    "7": {
      "x": 0.8445378151260504,
      "y": 0.4539877300613497
    },
    "8": {
      "x": 0.9789915966386554,
      "y": 0.5521472392638037
    },
    "9": {
      "x": 0.37815126050420167,
      "y": 0.5214723926380368
    },
    "10": {
      "x": 0.3697478991596639,
      "y": 0.2791411042944785
    },
    "11": {
      "x": 0.5084033613445378,
      "y": 0.13496932515337423
    },
    "12": {
      "x": 0.6428571428571429,
      "y": 0.015337423312883436
    },
    "13": {
      "x": 0.31092436974789917,
      "y": 0.6073619631901841
    },
    "14": {
      "x": 0.2184873949579832,
      "y": 0.39570552147239263
    },
    "15": {
      "x": 0.25210084033613445,
      "y": 0.254601226993865
    },
    "16": {
      "x": 0.3025210084033613,
      "y": 0.1196319018404908
    },
    "17": {
      "x": 0.2689075630252101,
      "y": 0.7300613496932515
    },
    "18": {
      "x": 0.13445378151260504,
      "y": 0.6380368098159509
    },
    "19": {
      "x": 0.06722689075630252,
      "y": 0.5368098159509203
    },
    "20": {
      "x": 0.02100840336134454,
      "y": 0.4263803680981595
    }
  }
}