{
  "label": "ok",
  "dataset": {
    "0": {
      "x": 0.6164383561643836,
      "y": 0.9553571428571429
    },
    "1": {
      "x": 0.3972602739726027,
      "y": 0.9107142857142857
    },
    "2": {
      "x": 0.1917808219178082,
      "y": 0.8392857142857143
    },
    "3": {
      "x": 0.0684931506849315,
      "y": 0.7767857142857143
    },
    "4": {
      "x": 0.0821917808219178,
      "y": 0.6964285714285714
    },
    "5": {
      "x": 0.3150684931506849,
      "y": 0.5625
    },
    "6": {
      "x": 0.1643835616438356,
      "y": 0.48214285714285715
    },
    "7": {
      "x": 0.1095890410958904,
      "y": 0.5535714285714286
    },
    "8": {
      "x": 0.136986301369863,
      "y": 0.6428571428571429
    },
    "9": {
      "x": 0.4520547945205479,
      "y": 0.5
    },
    "10": {
      "x": 0.3972602739726027,
      "y": 0.29464285714285715
    },
    "11": {
      "x": 0.3561643835616438,
      "y": 0.16071428571428573
    },
    "12": {
      "x": 0.3424657534246575,
      "y": 0.044642857142857144
    },
    "13": {
      "x": 0.6027397260273972,
      "y": 0.5089285714285714
    },
    "14": {
      "x": 0.6438356164383562,
      "y": 0.30357142857142855
    },
    "15": {
      "x": 0.6712328767123288,
      "y": 0.17857142857142858
    },
    "16": {
      "x": 0.6986301369863014,
      "y": 0.07142857142857142
    },
    "17": {
      "x": 0.7534246575342466,
      "y": 0.5714285714285714
    },
    "18": {
      "x": 0.8493150684931506,
      "y": 0.42857142857142855
    },
    "19": {
      "x": 0.8904109589041096,
      "y": 0.3392857142857143
    },
    "20": {
      "x": 0.9315068493150684,
      "y": 0.25892857142857145
    }
  }
}