{
  "label": "ok",
  "dataset": {
    "0": {
      "x": 0.5337423312883436,
      "y": 0.979253112033195
    },
    "1": {
      "x": 0.7239263803680982,
      "y": 0.8547717842323651
    },
    "2": {
      "x": 0.8588957055214724,
      "y": 0.7095435684647303
    },
    "3": {
      "x": 0.950920245398773,
      "y": 0.6016597510373444
    },
    "4": {
      "x": 0.9693251533742331,
      "y": 0.4896265560165975
    },
    "5": {
      "x": 0.6380368098159509,
      "y": 0.4896265560165975
    },
    "6": {
      "x": 0.7116564417177914,
      "y": 0.34439834024896265
    },
    "7": {
      "x": 0.8220858895705522,
      "y": 0.3775933609958506
    },
    "8": {
      "x": 0.8957055214723927,
      "y": 0.44398340248962653
    },
    "9": {
      "x": 0.50920245398773,
      "y": 0.4730290456431535
    },
    "10": {
      "x": 0.49079754601226994,
      "y": 0.26556016597510373
    },
    "11": {
      "x": 0.5030674846625767,
      "y": 0.13278008298755187
    },
    "12": {
      "x": 0.49693251533742333,
      "y": 0.02074688796680498
    },
    "13": {
      "x": 0.39263803680981596,
      "y": 0.5145228215767634
    },
    "14": {
      "x": 0.3312883435582822,
      "y": 0.3236514522821577
    },
    "15": {
      "x": 0.294478527607362,
      "y": 0.2033195020746888
    },
    "16": {
      "x": 0.27607361963190186,
      "y": 0.08713692946058091
    },
    "17": {
      "x": 0.3006134969325153,
      "y": 0.5975103734439834
    },
    "18": {
      "x": 0.17177914110429449,
      "y": 0.4854771784232365
    },
    "19": {
      "x": 0.09202453987730061,
      "y": 0.4024896265560166
    },
    "20": {
      "x": 0.03067484662576687,
      "y": 0.3153526970954357
    }
  }
}