{
  "label": "ok",
  "dataset": {
    "0": {
      "x": 0.5612244897959183,
      "y": 0.9681528662420382
    },
    "1": {
      "x": 0.7959183673469388,
      "y": 0.8280254777070064
    },
    "2": {
      "x": 0.8979591836734694,
      "y": 0.6687898089171974
    },
    "3": {
      "x": 0.9489795918367347,
      "y": 0.535031847133758
    },
    "4": {
      "x": 0.9081632653061225,
      "y": 0.40764331210191085
    },
    "5": {
      "x": 0.5612244897959183,
      "y": 0.4968152866242038
    },
    "6": {
      "x": 0.6122448979591837,
      "y": 0.34394904458598724
    },
    "7": {
      "x": 0.7448979591836735,
      "y": 0.3248407643312102
    },
    "8": {
      "x": 0.8571428571428571,
      "y": 0.34394904458598724
    },
    "9": {
      "x": 0.41836734693877553,
      "y": 0.4713375796178344
    },
    "10": {
      "x": 0.3877551020408163,
      "y": 0.267515923566879
    },
    "11": {
      "x": 0.45918367346938777,
      "y": 0.14012738853503184
    },
    "12": {
      "x": 0.5510204081632653,
      "y": 0.03184713375796178
    },
    "13": {
      "x": 0.2857142857142857,
      "y": 0.49044585987261147
    },
    "14": {
      "x": 0.22448979591836735,
      "y": 0.29936305732484075
    },
    "15": {
      "x": 0.2653061224489796,
      "y": 0.17197452229299362
    },
    "16": {
      "x": 0.3469387755102041,
      "y": 0.07006369426751592
    },
    "17": {
      "x": 0.14285714285714285,
      "y": 0.5414012738853503
    },
    "18": {
      "x": 0.05102040816326531,
      "y": 0.39490445859872614
    },
    "19": {
      "x": 0.05102040816326531,
      "y": 0.28662420382165604
    },
    "20": {
      "x": 0.09183673469387756,
      "y": 0.1910828025477707
    }
  }
}