{
  "label": "ok",
  "dataset": {
    "0": {
      "x": 0.9064748201438849,
      "y": 0.9603174603174603
    },
    "1": {
      "x": 0.9640287769784173,
      "y": 0.753968253968254
    },
    "2": {
      "x": 0.935251798561151,
      "y": 0.5079365079365079
    },
    "3": {
      "x": 0.8848920863309353,
      "y": 0.3253968253968254
    },
    "4": {
      "x": 0.7985611510791367,
      "y": 0.2222222222222222
    },
    "5": {
      "x": 0.6834532374100719,
      "y": 0.49206349206349204
    },
    "6": {
      "x": 0.6402877697841727,
      "y": 0.3333333333333333
    },
    "7": {
      "x": 0.6762589928057554,
      "y": 0.2222222222222222
    },
    "8": {
      "x": 0.7266187050359713,
      "y": 0.15079365079365079
    },
    "9": {
      "x": 0.5683453237410072,
      "y": 0.5396825396825397
    },
    "10": {
      "x": 0.45323741007194246,
      "y": 0.3333333333333333
    },
    "11": {
      "x": 0.4244604316546763,
      "y": 0.1746031746031746
    },
    "12": {
      "x": 0.4172661870503597,
      "y": 0.03968253968253968
    },
    "13": {
      "x": 0.4892086330935252,
      "y": 0.6428571428571429
    },
    "14": {
      "x": 0.3381294964028777,
      "y": 0.4603174603174603
    },
    "15": {
      "x": 0.2805755395683453,
      "y": 0.31746031746031744
    },
    "16": {
      "x": 0.2589928057553957,
      "y": 0.19047619047619047
    },
    "17": {
      "x": 0.4460431654676259,
      "y": 0.7698412698412699
    },
    "18": {
      "x": 0.2517985611510791,
      "y": 0.7222222222222222
    },
    "19": {
      "x": 0.12949640287769784,
      "y": 0.6825396825396826
    },
    "20": {
      "x": 0.03597122302158273,
      "y": 0.6349206349206349
    }
  }
}