{
  "label": "ok",
  "dataset": {
    "0": {
      "x": 0.25146198830409355,
      "y": 0.9823321554770318
    },
    "1": {
      "x": 0.543859649122807,
      "y": 0.9293286219081273
    },
    "2": {
      "x": 0.7953216374269005,
      "y": 0.833922261484099
    },
    "3": {
      "x": 0.9707602339181286,
      "y": 0.7597173144876325
    },
    "4": {
      "x": 0.9707602339181286,
      "y": 0.6678445229681979
    },
    "5": {
      "x": 0.6081871345029239,
      "y": 0.5300353356890459
    },
    "6": {
      "x": 0.8128654970760234,
      "y": 0.4275618374558304
    },
    "7": {
      "x": 0.9064327485380117,
      "y": 0.508833922261484
    },
    "8": {
      "x": 0.9239766081871345,
      "y": 0.5971731448763251
    },
    "9": {
      "x": 0.4502923976608187,
      "y": 0.46996466431095407
    },
    "10": {
      "x": 0.5847953216374269,
      "y": 0.26148409893992935
    },
    "11": {
      "x": 0.7251461988304093,
      "y": 0.14840989399293286
    },
    "12": {
      "x": 0.8421052631578947,
      "y": 0.053003533568904596
    },
    "13": {
      "x": 0.26900584795321636,
      "y": 0.46996466431095407
    },
    "14": {
      "x": 0.30409356725146197,
      "y": 0.26148409893992935
    },
    "15": {
      "x": 0.3742690058479532,
      "y": 0.127208480565371
    },
    "16": {
      "x": 0.45614035087719296,
      "y": 0.0176678445229682
    },
    "17": {
      "x": 0.08771929824561403,
      "y": 0.5265017667844523
    },
    "18": {
      "x": 0.04093567251461988,
      "y": 0.3568904593639576
    },
    "19": {
      "x": 0.029239766081871343,
      "y": 0.24028268551236748
    },
    "20": {
      "x": 0.03508771929824561,
      "y": 0.13780918727915195
    }
  }
}