{
  "label": "ok",
  "dataset": {
    "0": {
      "x": 0.6972477064220184,
      "y": 0.9845201238390093
    },
    "1": {
      "x": 0.8394495412844036,
      "y": 0.8544891640866873
    },
    "2": {
      "x": 0.908256880733945,
      "y": 0.6780185758513931
    },
    "3": {
      "x": 0.9770642201834863,
      "y": 0.5541795665634675
    },
    "4": {
      "x": 0.8990825688073395,
      "y": 0.47987616099071206
    },
    "5": {
      "x": 0.5,
      "y": 0.5232198142414861
    },
    "6": {
      "x": 0.5963302752293578,
      "y": 0.3684210526315789
    },
    "7": {
      "x": 0.7568807339449541,
      "y": 0.4086687306501548
    },
    "8": {
      "x": 0.8577981651376146,
      "y": 0.48606811145510836
    },
    "9": {
      "x": 0.40825688073394495,
      "y": 0.5046439628482973
    },
    "10": {
      "x": 0.3394495412844037,
      "y": 0.28792569659442724
    },
    "11": {
      "x": 0.3394495412844037,
      "y": 0.13622291021671826
    },
    "12": {
      "x": 0.3256880733944954,
      "y": 0.015479876160990712
    },
    "13": {
      "x": 0.3302752293577982,
      "y": 0.5325077399380805
    },
    "14": {
      "x": 0.1926605504587156,
      "y": 0.34365325077399383
    },
    "15": {
      "x": 0.14220183486238533,
      "y": 0.19814241486068113
    },
    "16": {
      "x": 0.11009174311926606,
      "y": 0.07739938080495357
    },
    "17": {
      "x": 0.2889908256880734,
      "y": 0.5882352941176471
    },
    "18": {
      "x": 0.14678899082568808,
      "y": 0.4520123839009288
    },
    "19": {
      "x": 0.07339449541284404,
      "y": 0.34674922600619196
    },
    "20": {
      "x": 0.022935779816513763,
      "y": 0.24458204334365324
    }
  }
}