{
  "label": "ok",
  "dataset": {
    "0": {
      "x": 0.6506550218340611,
      "y": 0.9852507374631269
    },
    "1": {
      "x": 0.462882096069869,
      "y": 0.8997050147492626
    },
    "2": {
      "x": 0.3318777292576419,
      "y": 0.8200589970501475
    },
    "3": {
      "x": 0.17903930131004367,
      "y": 0.7817109144542773
    },
    "4": {
      "x": 0.039301310043668124,
      "y": 0.7286135693215339
    },
    "5": {
      "x": 0.5327510917030568,
      "y": 0.5663716814159292
    },
    "6": {
      "x": 0.3056768558951965,
      "y": 0.4690265486725664
    },
    "7": {
      "x": 0.13537117903930132,
      "y": 0.56047197640118
    },
    "8": {
      "x": 0.021834061135371178,
      "y": 0.6578171091445427
    },
    "9": {
      "x": 0.6069868995633187,
      "y": 0.584070796460177
    },
    "10": {
      "x": 0.5589519650655022,
      "y": 0.32448377581120946
    },
    "11": {
      "x": 0.4672489082969432,
      "y": 0.1592920353982301
    },
    "12": {
      "x": 0.3930131004366812,
      "y": 0.014749262536873156
    },
    "13": {
      "x": 0.6812227074235808,
      "y": 0.6666666666666666
    },
    "14": {
      "x": 0.7467248908296943,
      "y": 0.4365781710914454
    },
    "15": {
      "x": 0.759825327510917,
      "y": 0.2743362831858407
    },
    "16": {
      "x": 0.7641921397379913,
      "y": 0.12684365781710916
    },
    "17": {
      "x": 0.74235807860262,
      "y": 0.7817109144542773
    },
    "18": {
      "x": 0.8646288209606987,
      "y": 0.6637168141592921
    },
    "19": {
      "x": 0.9301310043668122,
      "y": 0.5693215339233039
    },
    "20": {
      "x": 0.9781659388646288,
      "y": 0.471976401179941
    }
  }
}