{
  "label": "ok",
  "dataset": {
    "0": {
      "x": 0.532871972318339,
      "y": 0.9863387978142076
    },
    "1": {
      "x": 0.7231833910034602,
      "y": 0.8907103825136612
    },
    "2": {
      "x": 0.8754325259515571,
      "y": 0.7131147540983607
    },
    "3": {
      "x": 0.9826989619377162,
      "y": 0.5573770491803278
    },
    "4": {
      "x": 0.9688581314878892,
      "y": 0.4098360655737705
    },
    "5": {
      "x": 0.5916955017301038,
      "y": 0.5109289617486339
    },
    "6": {
      "x": 0.6816608996539792,
      "y": 0.39344262295081966
    },
    "7": {
      "x": 0.7993079584775087,
      "y": 0.34972677595628415
    },
    "8": {
      "x": 0.9134948096885813,
      "y": 0.35792349726775957
    },
    "9": {
      "x": 0.45674740484429066,
      "y": 0.4562841530054645
    },
    "10": {
      "x": 0.4290657439446367,
      "y": 0.24043715846994534
    },
    "11": {
      "x": 0.5121107266435986,
      "y": 0.13114754098360656
    },
    "12": {
      "x": 0.6228373702422145,
      "y": 0.0546448087431694
    },
    "13": {
      "x": 0.328719723183391,
      "y": 0.44808743169398907
    },
    "14": {
      "x": 0.23529411764705882,
      "y": 0.23497267759562843
    },
    "15": {
      "x": 0.28027681660899656,
      "y": 0.10109289617486339
    },
    "16": {
      "x": 0.35986159169550175,
      "y": 0.01366120218579235
    },
    "17": {
      "x": 0.22491349480968859,
      "y": 0.4972677595628415
    },
    "18": {
      "x": 0.09688581314878893,
      "y": 0.34153005464480873
    },
    "19": {
      "x": 0.03806228373702422,
      "y": 0.2103825136612022
    },
    "20": {
      "x": 0.01730103806228374,
      "y": 0.1092896174863388
    }
  }
}