{
  "label": "ok",
  "dataset": {
    "0": {
      "x": 0.33962264150943394,
      "y": 0.9113924050632911
    },
    "1": {
      "x": 0.5660377358490566,
      "y": 0.9367088607594937
    },
    "2": {
      "x": 0.7735849056603774,
      "y": 0.9113924050632911
    },
    "3": {
      "x": 0.8867924528301887,
      "y": 0.8607594936708861
    },
    "4": {
      "x": 0.9056603773584906,
      "y": 0.7848101265822784
    },
    "5": {
      "x": 0.6792452830188679,
      "y": 0.5949367088607594
    },
    "6": {
      "x": 0.8301886792452831,
      "y": 0.5443037974683544
    },
    "7": {
      "x": 0.8490566037735849,
      "y": 0.6455696202531646
    },
    "8": {
      "x": 0.7924528301886793,
      "y": 0.7341772151898734
    },
    "9": {
      "x": 0.5660377358490566,
      "y": 0.5316455696202531
    },
    "10": {
      "x": 0.6226415094339622,
      "y": 0.31645569620253167
    },
    "11": {
      "x": 0.660377358490566,
      "y": 0.189873417721519
    },
    "12": {
      "x": 0.6792452830188679,
      "y": 0.06329113924050633
    },
    "13": {
      "x": 0.39622641509433965,
      "y": 0.5189873417721519
    },
    "14": {
      "x": 0.37735849056603776,
      "y": 0.3291139240506329
    },
    "15": {
      "x": 0.37735849056603776,
      "y": 0.20253164556962025
    },
    "16": {
      "x": 0.3584905660377358,
      "y": 0.08860759493670886
    },
    "17": {
      "x": 0.24528301886792453,
      "y": 0.5569620253164557
    },
    "18": {
      "x": 0.16981132075471697,
      "y": 0.4050632911392405
    },
    "19": {
      "x": 0.11320754716981132,
      "y": 0.2911392405063291
    },
    "20": {
      "x": 0.09433962264150944,
      "y": 0.20253164556962025
    }
  }
}