{
  "label": "ok",
  "dataset": {
    "0": {
      "x": 0.35714285714285715,
      "y": 0.9780701754385965
    },
    "1": {
      "x": 0.6038961038961039,
      "y": 0.9122807017543859
    },
    "2": {
      "x": 0.8051948051948052,
      "y": 0.8070175438596491
    },
    "3": {
      "x": 0.961038961038961,
      "y": 0.7324561403508771
    },
    "4": {
      "x": 0.9675324675324676,
      "y": 0.6578947368421053
    },
    "5": {
      "x": 0.564935064935065,
      "y": 0.543859649122807
    },
    "6": {
      "x": 0.7467532467532467,
      "y": 0.4342105263157895
    },
    "7": {
      "x": 0.8701298701298701,
      "y": 0.5087719298245614
    },
    "8": {
      "x": 0.922077922077922,
      "y": 0.6052631578947368
    },
    "9": {
      "x": 0.42857142857142855,
      "y": 0.5087719298245614
    },
    "10": {
      "x": 0.43506493506493504,
      "y": 0.29385964912280704
    },
    "11": {
      "x": 0.5,
      "y": 0.14473684210526316
    },
    "12": {
      "x": 0.551948051948052,
      "y": 0.021929824561403508
    },
    "13": {
      "x": 0.2987012987012987,
      "y": 0.5394736842105263
    },
    "14": {
      "x": 0.22077922077922077,
      "y": 0.34649122807017546
    },
    "15": {
      "x": 0.24025974025974026,
      "y": 0.2149122807017544
    },
    "16": {
      "x": 0.2727272727272727,
      "y": 0.09649122807017543
    },
    "17": {
      "x": 0.19480519480519481,
      "y": 0.6140350877192983
    },
    "18": {
      "x": 0.08441558441558442,
      "y": 0.4868421052631579
    },
    "19": {
      "x": 0.045454545454545456,
      "y": 0.3815789473684211
    },
    "20": {
      "x": 0.032467532467532464,
      "y": 0.27631578947368424
    }
  }
}