{
  "label": "ok",
  "dataset": {
    "0": {
      "x": 0.5207547169811321,
      "y": 0.984984984984985
    },
    "1": {
      "x": 0.7132075471698113,
      "y": 0.8888888888888888
    },
    "2": {
      "x": 0.8641509433962264,
      "y": 0.7087087087087087
    },
    "3": {
      "x": 0.9811320754716981,
      "y": 0.5525525525525525
    },
    "4": {
      "x": 0.9622641509433962,
      "y": 0.4084084084084084
    },
    "5": {
      "x": 0.5924528301886792,
      "y": 0.5045045045045045
    },
    "6": {
      "x": 0.6867924528301886,
      "y": 0.3933933933933934
    },
    "7": {
      "x": 0.8037735849056604,
      "y": 0.35135135135135137
    },
    "8": {
      "x": 0.909433962264151,
      "y": 0.3633633633633634
    },
    "9": {
      "x": 0.4528301886792453,
      "y": 0.45045045045045046
    },
    "10": {
      "x": 0.42641509433962266,
      "y": 0.23423423423423423
    },
    "11": {
      "x": 0.5018867924528302,
      "y": 0.12912912912912913
    },
    "12": {
      "x": 0.6075471698113207,
      "y": 0.057057057057057055
    },
    "13": {
      "x": 0.3320754716981132,
      "y": 0.44144144144144143
    },
    "14": {
      "x": 0.2339622641509434,
      "y": 0.22822822822822822
    },
    "15": {
      "x": 0.27547169811320754,
      "y": 0.0990990990990991
    },
    "16": {
      "x": 0.35471698113207545,
      "y": 0.015015015015015015
    },
    "17": {
      "x": 0.23018867924528302,
      "y": 0.4894894894894895
    },
    "18": {
      "x": 0.1018867924528302,
      "y": 0.33933933933933935
    },
    "19": {
      "x": 0.04150943396226415,
      "y": 0.2132132132132132
    },
    "20": {
      "x": 0.018867924528301886,
      "y": 0.1111111111111111
    }
  }
}