{
  "label": "ok",
  "dataset": {
    "0": {
      "x": 0.968944099378882,
      "y": 0.4946236559139785
    },
    "1": {
      "x": 0.8633540372670807,
      "y": 0.6774193548387096
    },
    "2": {
      "x": 0.7204968944099379,
      "y": 0.7741935483870968
    },
    "3": {
      "x": 0.577639751552795,
      "y": 0.8817204301075269
    },
    "4": {
      "x": 0.453416149068323,
      "y": 0.946236559139785
    },
    "5": {
      "x": 0.5652173913043478,
      "y": 0.3225806451612903
    },
    "6": {
      "x": 0.36024844720496896,
      "y": 0.5376344086021505
    },
    "7": {
      "x": 0.37267080745341613,
      "y": 0.7741935483870968
    },
    "8": {
      "x": 0.43478260869565216,
      "y": 0.8817204301075269
    },
    "9": {
      "x": 0.5403726708074534,
      "y": 0.25806451612903225
    },
    "10": {
      "x": 0.2981366459627329,
      "y": 0.2903225806451613
    },
    "11": {
      "x": 0.14285714285714285,
      "y": 0.3118279569892473
    },
    "12": {
      "x": 0.031055900621118012,
      "y": 0.27956989247311825
    },
    "13": {
      "x": 0.5403726708074534,
      "y": 0.26881720430107525
    },
    "14": {
      "x": 0.3416149068322981,
      "y": 0.21505376344086022
    },
    "15": {
      "x": 0.2111801242236025,
      "y": 0.1827956989247312
    },
    "16": {
      "x": 0.11180124223602485,
      "y": 0.12903225806451613
    },
    "17": {
      "x": 0.5403726708074534,
      "y": 0.3225806451612903
    },
    "18": {
      "x": 0.4161490683229814,
      "y": 0.23655913978494625
    },
    "19": {
      "x": 0.3416149068322981,
      "y": 0.13978494623655913
    },
    "20": {
      "x": 0.2795031055900621,
      "y": 0.053763440860215055
    }
  }
}