{
  "label": "ok",
  "dataset": {
    "0": {
      "x": 0.4416058394160584,
      "y": 0.9852507374631269
    },
    "1": {
      "x": 0.6204379562043796,
      "y": 0.9174041297935103
    },
    "2": {
      "x": 0.7700729927007299,
      "y": 0.7699115044247787
    },
    "3": {
      "x": 0.8905109489051095,
      "y": 0.6607669616519174
    },
    "4": {
      "x": 0.9817518248175182,
      "y": 0.5781710914454278
    },
    "5": {
      "x": 0.5766423357664233,
      "y": 0.5221238938053098
    },
    "6": {
      "x": 0.708029197080292,
      "y": 0.40707964601769914
    },
    "7": {
      "x": 0.8211678832116789,
      "y": 0.45722713864306785
    },
    "8": {
      "x": 0.8832116788321168,
      "y": 0.5368731563421829
    },
    "9": {
      "x": 0.4744525547445255,
      "y": 0.4778761061946903
    },
    "10": {
      "x": 0.48905109489051096,
      "y": 0.27728613569321536
    },
    "11": {
      "x": 0.5109489051094891,
      "y": 0.13274336283185842
    },
    "12": {
      "x": 0.5072992700729927,
      "y": 0.014749262536873156
    },
    "13": {
      "x": 0.3759124087591241,
      "y": 0.4896755162241888
    },
    "14": {
      "x": 0.2773722627737226,
      "y": 0.30678466076696165
    },
    "15": {
      "x": 0.22262773722627738,
      "y": 0.17994100294985252
    },
    "16": {
      "x": 0.17518248175182483,
      "y": 0.07374631268436578
    },
    "17": {
      "x": 0.291970802919708,
      "y": 0.551622418879056
    },
    "18": {
      "x": 0.16058394160583941,
      "y": 0.4336283185840708
    },
    "19": {
      "x": 0.08029197080291971,
      "y": 0.34513274336283184
    },
    "20": {
      "x": 0.01824817518248175,
      "y": 0.26548672566371684
    }
  }
}