{
  "label": "ok",
  "dataset": {
    "0": {
      "x": 0.6345177664974619,
      "y": 0.9796747967479674
    },
    "1": {
      "x": 0.7715736040609137,
      "y": 0.8536585365853658
    },
    "2": {
      "x": 0.868020304568528,
      "y": 0.7073170731707317
    },
    "3": {
      "x": 0.949238578680203,
      "y": 0.5975609756097561
    },
    "4": {
      "x": 0.9746192893401016,
      "y": 0.4959349593495935
    },
    "5": {
      "x": 0.5685279187817259,
      "y": 0.524390243902439
    },
    "6": {
      "x": 0.6751269035532995,
      "y": 0.3699186991869919
    },
    "7": {
      "x": 0.8020304568527918,
      "y": 0.3902439024390244
    },
    "8": {
      "x": 0.8883248730964467,
      "y": 0.44715447154471544
    },
    "9": {
      "x": 0.4720812182741117,
      "y": 0.5040650406504065
    },
    "10": {
      "x": 0.45685279187817257,
      "y": 0.3008130081300813
    },
    "11": {
      "x": 0.4619289340101523,
      "y": 0.14634146341463414
    },
    "12": {
      "x": 0.4416243654822335,
      "y": 0.02032520325203252
    },
    "13": {
      "x": 0.39593908629441626,
      "y": 0.5365853658536586
    },
    "14": {
      "x": 0.29949238578680204,
      "y": 0.34959349593495936
    },
    "15": {
      "x": 0.25380710659898476,
      "y": 0.21138211382113822
    },
    "16": {
      "x": 0.2182741116751269,
      "y": 0.08943089430894309
    },
    "17": {
      "x": 0.34517766497461927,
      "y": 0.6138211382113821
    },
    "18": {
      "x": 0.19796954314720813,
      "y": 0.5
    },
    "19": {
      "x": 0.10152284263959391,
      "y": 0.4105691056910569
    },
    "20": {
      "x": 0.025380710659898477,
      "y": 0.3252032520325203
    }
  }
}