{
  "label": "ok",
  "dataset": {
    "0": {
      "x": 0.7171717171717171,
      "y": 0.9541284403669725
    },
    "1": {
      "x": 0.8484848484848485,
      "y": 0.8073394495412844
    },
    "2": {
      "x": 0.9191919191919192,
      "y": 0.6422018348623854
    },
    "3": {
      "x": 0.9494949494949495,
      "y": 0.47706422018348627
    },
    "4": {
      "x": 0.8888888888888888,
      "y": 0.3577981651376147
    },
    "5": {
      "x": 0.5959595959595959,
      "y": 0.5229357798165137
    },
    "6": {
      "x": 0.6464646464646465,
      "y": 0.3577981651376147
    },
    "7": {
      "x": 0.7474747474747475,
      "y": 0.3577981651376147
    },
    "8": {
      "x": 0.8181818181818182,
      "y": 0.41284403669724773
    },
    "9": {
      "x": 0.48484848484848486,
      "y": 0.5045871559633027
    },
    "10": {
      "x": 0.40404040404040403,
      "y": 0.29357798165137616
    },
    "11": {
      "x": 0.35353535353535354,
      "y": 0.1559633027522936
    },
    "12": {
      "x": 0.2828282828282828,
      "y": 0.045871559633027525
    },
    "13": {
      "x": 0.3939393939393939,
      "y": 0.5412844036697247
    },
    "14": {
      "x": 0.25252525252525254,
      "y": 0.3944954128440367
    },
    "15": {
      "x": 0.16161616161616163,
      "y": 0.28440366972477066
    },
    "16": {
      "x": 0.09090909090909091,
      "y": 0.1926605504587156
    },
    "17": {
      "x": 0.3333333333333333,
      "y": 0.6238532110091743
    },
    "18": {
      "x": 0.1717171717171717,
      "y": 0.5229357798165137
    },
    "19": {
      "x": 0.09090909090909091,
      "y": 0.44036697247706424
    },
    "20": {
      "x": 0.050505050505050504,
      "y": 0.3669724770642202
    }
  }
}