{
  "label": "ok",
  "dataset": {
    "0": {
      "x": 0.51,
      "y": 0.9655172413793104
    },
    "1": {
      "x": 0.7,
      "y": 0.8413793103448276
    },
    "2": {
      "x": 0.85,
      "y": 0.7103448275862069
    },
    "3": {
      "x": 0.95,
      "y": 0.6
    },
    "4": {
      "x": 0.95,
      "y": 0.5103448275862069
    },
    "5": {
      "x": 0.62,
      "y": 0.5103448275862069
    },
    "6": {
      "x": 0.77,
      "y": 0.36551724137931035
    },
    "7": {
      "x": 0.87,
      "y": 0.4068965517241379
    },
    "8": {
      "x": 0.92,
      "y": 0.4827586206896552
    },
    "9": {
      "x": 0.51,
      "y": 0.4827586206896552
    },
    "10": {
      "x": 0.56,
      "y": 0.2689655172413793
    },
    "11": {
      "x": 0.61,
      "y": 0.13793103448275862
    },
    "12": {
      "x": 0.62,
      "y": 0.034482758620689655
    },
    "13": {
      "x": 0.38,
      "y": 0.503448275862069
    },
    "14": {
      "x": 0.36,
      "y": 0.30344827586206896
    },
    "15": {
      "x": 0.36,
      "y": 0.1793103448275862
    },
    "16": {
      "x": 0.36,
      "y": 0.08275862068965517
    },
    "17": {
      "x": 0.26,
      "y": 0.5655172413793104
    },
    "18": {
      "x": 0.16,
      "y": 0.42758620689655175
    },
    "19": {
      "x": 0.1,
      "y": 0.3310344827586207
    },
    "20": {
      "x": 0.05,
      "y": 0.25517241379310346
    }
  }
}