{
  "label": "ok",
  "dataset": {
    "0": {
      "x": 0.46846846846846846,
      "y": 0.9657534246575342
    },
    "1": {
      "x": 0.26126126126126126,
      "y": 0.8356164383561644
    },
    "2": {
      "x": 0.15315315315315314,
      "y": 0.6438356164383562
    },
    "3": {
      "x": 0.09009009009009009,
      "y": 0.5068493150684932
    },
    "4": {
      "x": 0.04504504504504504,
      "y": 0.410958904109589
    },
    "5": {
      "x": 0.4594594594594595,
      "y": 0.5068493150684932
    },
    "6": {
      "x": 0.32432432432432434,
      "y": 0.3287671232876712
    },
    "7": {
      "x": 0.1981981981981982,
      "y": 0.3219178082191781
    },
    "8": {
      "x": 0.10810810810810811,
      "y": 0.363013698630137
    },
    "9": {
      "x": 0.6216216216216216,
      "y": 0.5205479452054794
    },
    "10": {
      "x": 0.6306306306306306,
      "y": 0.2876712328767123
    },
    "11": {
      "x": 0.6216216216216216,
      "y": 0.14383561643835616
    },
    "12": {
      "x": 0.6036036036036037,
      "y": 0.03424657534246575
    },
    "13": {
      "x": 0.7207207207207207,
      "y": 0.5684931506849316
    },
    "14": {
      "x": 0.8018018018018018,
      "y": 0.363013698630137
    },
    "15": {
      "x": 0.8288288288288288,
      "y": 0.22602739726027396
    },
    "16": {
      "x": 0.8378378378378378,
      "y": 0.11643835616438356
    },
    "17": {
      "x": 0.7657657657657657,
      "y": 0.6438356164383562
    },
    "18": {
      "x": 0.8738738738738738,
      "y": 0.5
    },
    "19": {
      "x": 0.9279279279279279,
      "y": 0.4041095890410959
    },
    "20": {
      "x": 0.954954954954955,
      "y": 0.3287671232876712
    }
  }
}