{
  "label": "ok",
  "dataset": {
    "0": {
      "x": 0.5365853658536586,
      "y": 0.9731182795698925
    },
    "1": {
      "x": 0.7642276422764228,
      "y": 0.8494623655913979
    },
    "2": {
      "x": 0.8943089430894309,
      "y": 0.7096774193548387
    },
    "3": {
      "x": 0.959349593495935,
      "y": 0.6075268817204301
    },
    "4": {
      "x": 0.9512195121951219,
      "y": 0.5053763440860215
    },
    "5": {
      "x": 0.6747967479674797,
      "y": 0.45698924731182794
    },
    "6": {
      "x": 0.7642276422764228,
      "y": 0.3279569892473118
    },
    "7": {
      "x": 0.8617886178861789,
      "y": 0.3817204301075269
    },
    "8": {
      "x": 0.9349593495934959,
      "y": 0.45698924731182794
    },
    "9": {
      "x": 0.5040650406504065,
      "y": 0.44086021505376344
    },
    "10": {
      "x": 0.5365853658536586,
      "y": 0.25268817204301075
    },
    "11": {
      "x": 0.5853658536585366,
      "y": 0.13440860215053763
    },
    "12": {
      "x": 0.6341463414634146,
      "y": 0.026881720430107527
    },
    "13": {
      "x": 0.34959349593495936,
      "y": 0.489247311827957
    },
    "14": {
      "x": 0.3170731707317073,
      "y": 0.2956989247311828
    },
    "15": {
      "x": 0.3333333333333333,
      "y": 0.1827956989247312
    },
    "16": {
      "x": 0.37398373983739835,
      "y": 0.07526881720430108
    },
    "17": {
      "x": 0.2032520325203252,
      "y": 0.5860215053763441
    },
    "18": {
      "x": 0.11382113821138211,
      "y": 0.45161290322580644
    },
    "19": {
      "x": 0.06504065040650407,
      "y": 0.3602150537634409
    },
    "20": {
      "x": 0.04065040650406504,
      "y": 0.26881720430107525
    }
  }
}