{
  "label": "ok",
  "dataset": {
    "0": {
      "x": 0.3333333333333333,
      "y": 0.9666666666666667
    },
    "1": {
      "x": 0.5526315789473685,
      "y": 0.92
    },
    "2": {
      "x": 0.7368421052631579,
      "y": 0.8266666666666667
    },
    "3": {
      "x": 0.8771929824561403,
      "y": 0.76
    },
    "4": {
      "x": 0.956140350877193,
      "y": 0.6666666666666666
    },
    "5": {
      "x": 0.5526315789473685,
      "y": 0.5533333333333333
    },
    "6": {
      "x": 0.7456140350877193,
      "y": 0.47333333333333333
    },
    "7": {
      "x": 0.868421052631579,
      "y": 0.5466666666666666
    },
    "8": {
      "x": 0.9385964912280702,
      "y": 0.64
    },
    "9": {
      "x": 0.45614035087719296,
      "y": 0.47333333333333333
    },
    "10": {
      "x": 0.5350877192982456,
      "y": 0.28
    },
    "11": {
      "x": 0.6754385964912281,
      "y": 0.16666666666666666
    },
    "12": {
      "x": 0.7982456140350878,
      "y": 0.09333333333333334
    },
    "13": {
      "x": 0.3508771929824561,
      "y": 0.4533333333333333
    },
    "14": {
      "x": 0.30701754385964913,
      "y": 0.24666666666666667
    },
    "15": {
      "x": 0.35964912280701755,
      "y": 0.12666666666666668
    },
    "16": {
      "x": 0.42105263157894735,
      "y": 0.03333333333333333
    },
    "17": {
      "x": 0.2631578947368421,
      "y": 0.4866666666666667
    },
    "18": {
      "x": 0.14912280701754385,
      "y": 0.32666666666666666
    },
    "19": {
      "x": 0.07894736842105263,
      "y": 0.21333333333333335
    },
    "20": {
      "x": 0.043859649122807015,
      "y": 0.12
    }
  }
}