{
  "label": "ok",
  "dataset": {
    "0": {
      "x": 0.43842364532019706,
      "y": 0.9864130434782609
    },
    "1": {
      "x": 0.21674876847290642,
      "y": 0.845108695652174
    },
    "2": {
      "x": 0.10837438423645321,
      "y": 0.6902173913043478
    },
    "3": {
      "x": 0.024630541871921183,
      "y": 0.5679347826086957
    },
    "4": {
      "x": 0.034482758620689655,
      "y": 0.45108695652173914
    },
    "5": {
      "x": 0.5566502463054187,
      "y": 0.532608695652174
    },
    "6": {
      "x": 0.46798029556650245,
      "y": 0.3804347826086957
    },
    "7": {
      "x": 0.270935960591133,
      "y": 0.358695652173913
    },
    "8": {
      "x": 0.11330049261083744,
      "y": 0.3858695652173913
    },
    "9": {
      "x": 0.6551724137931034,
      "y": 0.529891304347826
    },
    "10": {
      "x": 0.7093596059113301,
      "y": 0.29891304347826086
    },
    "11": {
      "x": 0.7093596059113301,
      "y": 0.14130434782608695
    },
    "12": {
      "x": 0.7142857142857143,
      "y": 0.01358695652173913
    },
    "13": {
      "x": 0.7487684729064039,
      "y": 0.5597826086956522
    },
    "14": {
      "x": 0.8374384236453202,
      "y": 0.33695652173913043
    },
    "15": {
      "x": 0.8817733990147784,
      "y": 0.19021739130434784
    },
    "16": {
      "x": 0.916256157635468,
      "y": 0.07608695652173914
    },
    "17": {
      "x": 0.812807881773399,
      "y": 0.6086956521739131
    },
    "18": {
      "x": 0.8866995073891626,
      "y": 0.43478260869565216
    },
    "19": {
      "x": 0.9310344827586207,
      "y": 0.31521739130434784
    },
    "20": {
      "x": 0.9753694581280788,
      "y": 0.22010869565217392
    }
  }
}