{
  "label": "ok",
  "dataset": {
    "0": {
      "x": 0.4015151515151515,
      "y": 0.9717514124293786
    },
    "1": {
      "x": 0.2196969696969697,
      "y": 0.8248587570621468
    },
    "2": {
      "x": 0.12121212121212122,
      "y": 0.6497175141242938
    },
    "3": {
      "x": 0.06060606060606061,
      "y": 0.5084745762711864
    },
    "4": {
      "x": 0.03787878787878788,
      "y": 0.3898305084745763
    },
    "5": {
      "x": 0.38636363636363635,
      "y": 0.5028248587570622
    },
    "6": {
      "x": 0.2878787878787879,
      "y": 0.3559322033898305
    },
    "7": {
      "x": 0.16666666666666666,
      "y": 0.3220338983050847
    },
    "8": {
      "x": 0.05303030303030303,
      "y": 0.327683615819209
    },
    "9": {
      "x": 0.5227272727272727,
      "y": 0.4858757062146893
    },
    "10": {
      "x": 0.5378787878787878,
      "y": 0.2711864406779661
    },
    "11": {
      "x": 0.48484848484848486,
      "y": 0.13559322033898305
    },
    "12": {
      "x": 0.42424242424242425,
      "y": 0.02824858757062147
    },
    "13": {
      "x": 0.6515151515151515,
      "y": 0.519774011299435
    },
    "14": {
      "x": 0.696969696969697,
      "y": 0.3163841807909605
    },
    "15": {
      "x": 0.696969696969697,
      "y": 0.1807909604519774
    },
    "16": {
      "x": 0.6742424242424242,
      "y": 0.07344632768361582
    },
    "17": {
      "x": 0.7651515151515151,
      "y": 0.5932203389830508
    },
    "18": {
      "x": 0.8787878787878788,
      "y": 0.4519774011299435
    },
    "19": {
      "x": 0.9318181818181818,
      "y": 0.3559322033898305
    },
    "20": {
      "x": 0.9621212121212122,
      "y": 0.2598870056497175
    }
  }
}