{
  "label": "ok",
  "dataset": {
    "0": {
      "x": 0.6981132075471698,
      "y": 0.9509803921568627
    },
    "1": {
      "x": 0.4528301886792453,
      "y": 0.8921568627450981
    },
    "2": {
      "x": 0.2641509433962264,
      "y": 0.7549019607843137
    },
    "3": {
      "x": 0.18867924528301888,
      "y": 0.6372549019607843
    },
    "4": {
      "x": 0.1509433962264151,
      "y": 0.5294117647058824
    },
    "5": {
      "x": 0.24528301886792453,
      "y": 0.5686274509803921
    },
    "6": {
      "x": 0.09433962264150944,
      "y": 0.46078431372549017
    },
    "7": {
      "x": 0.09433962264150944,
      "y": 0.47058823529411764
    },
    "8": {
      "x": 0.1509433962264151,
      "y": 0.5098039215686274
    },
    "9": {
      "x": 0.3584905660377358,
      "y": 0.5098039215686274
    },
    "10": {
      "x": 0.22641509433962265,
      "y": 0.3235294117647059
    },
    "11": {
      "x": 0.1509433962264151,
      "y": 0.21568627450980393
    },
    "12": {
      "x": 0.09433962264150944,
      "y": 0.12745098039215685
    },
    "13": {
      "x": 0.5471698113207547,
      "y": 0.5
    },
    "14": {
      "x": 0.4528301886792453,
      "y": 0.29411764705882354
    },
    "15": {
      "x": 0.37735849056603776,
      "y": 0.1568627450980392
    },
    "16": {
      "x": 0.32075471698113206,
      "y": 0.049019607843137254
    },
    "17": {
      "x": 0.7547169811320755,
      "y": 0.5196078431372549
    },
    "18": {
      "x": 0.8113207547169812,
      "y": 0.3627450980392157
    },
    "19": {
      "x": 0.8679245283018868,
      "y": 0.2549019607843137
    },
    "20": {
      "x": 0.9056603773584906,
      "y": 0.16666666666666666
    }
  }
}