{
  "label": "ok",
  "dataset": {
    "0": {
      "x": 0.02066115702479339,
      "y": 0.9505813953488372
    },
    "1": {
      "x": 0.3140495867768595,
      "y": 0.9854651162790697
    },
    "2": {
      "x": 0.5661157024793388,
      "y": 0.9622093023255814
    },
    "3": {
      "x": 0.7975206611570248,
      "y": 0.9302325581395349
    },
    "4": {
      "x": 0.9793388429752066,
      "y": 0.8837209302325582
    },
    "5": {
      "x": 0.45041322314049587,
      "y": 0.5813953488372093
    },
    "6": {
      "x": 0.8388429752066116,
      "y": 0.5377906976744186
    },
    "7": {
      "x": 0.9380165289256198,
      "y": 0.6656976744186046
    },
    "8": {
      "x": 0.9214876033057852,
      "y": 0.7819767441860465
    },
    "9": {
      "x": 0.3305785123966942,
      "y": 0.4941860465116279
    },
    "10": {
      "x": 0.6528925619834711,
      "y": 0.29941860465116277
    },
    "11": {
      "x": 0.8388429752066116,
      "y": 0.1569767441860465
    },
    "12": {
      "x": 0.9586776859504132,
      "y": 0.040697674418604654
    },
    "13": {
      "x": 0.21074380165289255,
      "y": 0.4796511627906977
    },
    "14": {
      "x": 0.3760330578512397,
      "y": 0.27325581395348836
    },
    "15": {
      "x": 0.4834710743801653,
      "y": 0.12790697674418605
    },
    "16": {
      "x": 0.5661157024793388,
      "y": 0.014534883720930232
    },
    "17": {
      "x": 0.10743801652892562,
      "y": 0.5116279069767442
    },
    "18": {
      "x": 0.15289256198347106,
      "y": 0.35174418604651164
    },
    "19": {
      "x": 0.16942148760330578,
      "y": 0.23255813953488372
    },
    "20": {
      "x": 0.1859504132231405,
      "y": 0.13372093023255813
    }
  }
}