{
  "label": "ok",
  "dataset": {
    "0": {
      "x": 0.37404580152671757,
      "y": 0.985207100591716
    },
    "1": {
      "x": 0.549618320610687,
      "y": 0.9319526627218935
    },
    "2": {
      "x": 0.7366412213740458,
      "y": 0.8402366863905325
    },
    "3": {
      "x": 0.8969465648854962,
      "y": 0.7751479289940828
    },
    "4": {
      "x": 0.9809160305343512,
      "y": 0.7041420118343196
    },
    "5": {
      "x": 0.5458015267175572,
      "y": 0.5473372781065089
    },
    "6": {
      "x": 0.7442748091603053,
      "y": 0.47041420118343197
    },
    "7": {
      "x": 0.8625954198473282,
      "y": 0.5473372781065089
    },
    "8": {
      "x": 0.9122137404580153,
      "y": 0.6420118343195266
    },
    "9": {
      "x": 0.4732824427480916,
      "y": 0.4940828402366864
    },
    "10": {
      "x": 0.5610687022900763,
      "y": 0.29289940828402367
    },
    "11": {
      "x": 0.6526717557251909,
      "y": 0.15680473372781065
    },
    "12": {
      "x": 0.7099236641221374,
      "y": 0.03550295857988166
    },
    "13": {
      "x": 0.37786259541984735,
      "y": 0.4940828402366864
    },
    "14": {
      "x": 0.36259541984732824,
      "y": 0.28106508875739644
    },
    "15": {
      "x": 0.3549618320610687,
      "y": 0.13313609467455623
    },
    "16": {
      "x": 0.3435114503816794,
      "y": 0.014792899408284023
    },
    "17": {
      "x": 0.2862595419847328,
      "y": 0.5473372781065089
    },
    "18": {
      "x": 0.16030534351145037,
      "y": 0.39349112426035504
    },
    "19": {
      "x": 0.08015267175572519,
      "y": 0.28106508875739644
    },
    "20": {
      "x": 0.019083969465648856,
      "y": 0.17751479289940827
    }
  }
}