{
  "label": "ok",
  "dataset": {
    "0": {
      "x": 0.9081632653061225,
      "y": 0.9732620320855615
    },
    "1": {
      "x": 0.6020408163265306,
      "y": 0.8716577540106952
    },
    "2": {
      "x": 0.37755102040816324,
      "y": 0.7593582887700535
    },
    "3": {
      "x": 0.1836734693877551,
      "y": 0.7112299465240641
    },
    "4": {
      "x": 0.05102040816326531,
      "y": 0.6524064171122995
    },
    "5": {
      "x": 0.6428571428571429,
      "y": 0.47058823529411764
    },
    "6": {
      "x": 0.35714285714285715,
      "y": 0.40106951871657753
    },
    "7": {
      "x": 0.17346938775510204,
      "y": 0.49732620320855614
    },
    "8": {
      "x": 0.08163265306122448,
      "y": 0.5935828877005348
    },
    "9": {
      "x": 0.7653061224489796,
      "y": 0.46524064171123
    },
    "10": {
      "x": 0.6428571428571429,
      "y": 0.24598930481283424
    },
    "11": {
      "x": 0.5,
      "y": 0.12834224598930483
    },
    "12": {
      "x": 0.3673469387755102,
      "y": 0.026737967914438502
    },
    "13": {
      "x": 0.8775510204081632,
      "y": 0.5187165775401069
    },
    "14": {
      "x": 0.8367346938775511,
      "y": 0.3048128342245989
    },
    "15": {
      "x": 0.7142857142857143,
      "y": 0.18716577540106952
    },
    "16": {
      "x": 0.5918367346938775,
      "y": 0.0855614973262032
    },
    "17": {
      "x": 0.9489795918367347,
      "y": 0.6149732620320856
    },
    "18": {
      "x": 0.9489795918367347,
      "y": 0.46524064171123
    },
    "19": {
      "x": 0.8775510204081632,
      "y": 0.3689839572192513
    },
    "20": {
      "x": 0.7755102040816326,
      "y": 0.28342245989304815
    }
  }
}