{
  "label": "ok",
  "dataset": {
    "0": {
      "x": 0.5151515151515151,
      "y": 0.9652777777777778
    },
    "1": {
      "x": 0.696969696969697,
      "y": 0.8402777777777778
    },
    "2": {
      "x": 0.8585858585858586,
      "y": 0.7083333333333334
    },
    "3": {
      "x": 0.9494949494949495,
      "y": 0.5972222222222222
    },
    "4": {
      "x": 0.9191919191919192,
      "y": 0.5069444444444444
    },
    "5": {
      "x": 0.6262626262626263,
      "y": 0.5138888888888888
    },
    "6": {
      "x": 0.7676767676767676,
      "y": 0.3611111111111111
    },
    "7": {
      "x": 0.8686868686868687,
      "y": 0.4027777777777778
    },
    "8": {
      "x": 0.898989898989899,
      "y": 0.4791666666666667
    },
    "9": {
      "x": 0.5050505050505051,
      "y": 0.4861111111111111
    },
    "10": {
      "x": 0.5656565656565656,
      "y": 0.2638888888888889
    },
    "11": {
      "x": 0.5959595959595959,
      "y": 0.13194444444444445
    },
    "12": {
      "x": 0.6060606060606061,
      "y": 0.034722222222222224
    },
    "13": {
      "x": 0.37373737373737376,
      "y": 0.5069444444444444
    },
    "14": {
      "x": 0.35353535353535354,
      "y": 0.3055555555555556
    },
    "15": {
      "x": 0.3434343434343434,
      "y": 0.18055555555555555
    },
    "16": {
      "x": 0.3333333333333333,
      "y": 0.0763888888888889
    },
    "17": {
      "x": 0.24242424242424243,
      "y": 0.5763888888888888
    },
    "18": {
      "x": 0.16161616161616163,
      "y": 0.4305555555555556
    },
    "19": {
      "x": 0.10101010101010101,
      "y": 0.3333333333333333
    },
    "20": {
      "x": 0.050505050505050504,
      "y": 0.25
    }
  }
}