{
  "label": "ok",
  "dataset": {
    "0": {
      "x": 0.42245989304812837,
      "y": 0.9845201238390093
    },
    "1": {
      "x": 0.6363636363636364,
      "y": 0.8854489164086687
    },
    "2": {
      "x": 0.8128342245989305,
      "y": 0.7244582043343654
    },
    "3": {
      "x": 0.9732620320855615,
      "y": 0.6037151702786377
    },
    "4": {
      "x": 0.9732620320855615,
      "y": 0.48297213622291024
    },
    "5": {
      "x": 0.5240641711229946,
      "y": 0.5356037151702786
    },
    "6": {
      "x": 0.6844919786096256,
      "y": 0.4148606811145511
    },
    "7": {
      "x": 0.8235294117647058,
      "y": 0.48606811145510836
    },
    "8": {
      "x": 0.893048128342246,
      "y": 0.5758513931888545
    },
    "9": {
      "x": 0.41711229946524064,
      "y": 0.4984520123839009
    },
    "10": {
      "x": 0.41711229946524064,
      "y": 0.2848297213622291
    },
    "11": {
      "x": 0.46524064171123,
      "y": 0.1393188854489164
    },
    "12": {
      "x": 0.48663101604278075,
      "y": 0.015479876160990712
    },
    "13": {
      "x": 0.3155080213903743,
      "y": 0.5139318885448917
    },
    "14": {
      "x": 0.24064171122994651,
      "y": 0.3065015479876161
    },
    "15": {
      "x": 0.25133689839572193,
      "y": 0.15789473684210525
    },
    "16": {
      "x": 0.25668449197860965,
      "y": 0.02786377708978328
    },
    "17": {
      "x": 0.24064171122994651,
      "y": 0.56656346749226
    },
    "18": {
      "x": 0.12299465240641712,
      "y": 0.4148606811145511
    },
    "19": {
      "x": 0.06951871657754011,
      "y": 0.29721362229102166
    },
    "20": {
      "x": 0.026737967914438502,
      "y": 0.19195046439628483
    }
  }
}