{
  "label": "ok",
  "dataset": {
    "0": {
      "x": 0.0423728813559322,
      "y": 0.9696969696969697
    },
    "1": {
      "x": 0.3220338983050847,
      "y": 0.8848484848484849
    },
    "2": {
      "x": 0.559322033898305,
      "y": 0.7636363636363637
    },
    "3": {
      "x": 0.7796610169491526,
      "y": 0.7272727272727273
    },
    "4": {
      "x": 0.9576271186440678,
      "y": 0.696969696969697
    },
    "5": {
      "x": 0.4152542372881356,
      "y": 0.48484848484848486
    },
    "6": {
      "x": 0.6949152542372882,
      "y": 0.38181818181818183
    },
    "7": {
      "x": 0.8305084745762712,
      "y": 0.503030303030303
    },
    "8": {
      "x": 0.9067796610169492,
      "y": 0.6303030303030303
    },
    "9": {
      "x": 0.3220338983050847,
      "y": 0.503030303030303
    },
    "10": {
      "x": 0.4830508474576271,
      "y": 0.24848484848484848
    },
    "11": {
      "x": 0.652542372881356,
      "y": 0.12727272727272726
    },
    "12": {
      "x": 0.8050847457627118,
      "y": 0.030303030303030304
    },
    "13": {
      "x": 0.211864406779661,
      "y": 0.5878787878787879
    },
    "14": {
      "x": 0.3220338983050847,
      "y": 0.3575757575757576
    },
    "15": {
      "x": 0.423728813559322,
      "y": 0.23030303030303031
    },
    "16": {
      "x": 0.5254237288135594,
      "y": 0.10909090909090909
    },
    "17": {
      "x": 0.11016949152542373,
      "y": 0.703030303030303
    },
    "18": {
      "x": 0.15254237288135594,
      "y": 0.5636363636363636
    },
    "19": {
      "x": 0.19491525423728814,
      "y": 0.44242424242424244
    },
    "20": {
      "x": 0.2457627118644068,
      "y": 0.3212121212121212
    }
  }
}