{
  "label": "ok",
  "dataset": {
    "0": {
      "x": 0.4807692307692308,
      "y": 0.9285714285714286
    },
    "1": {
      "x": 0.6538461538461539,
      "y": 0.8285714285714286
    },
    "2": {
      "x": 0.8076923076923077,
      "y": 0.7
    },
    "3": {
      "x": 0.9038461538461539,
      "y": 0.5857142857142857
    },
    "4": {
      "x": 0.8653846153846154,
      "y": 0.5142857142857142
    },
    "5": {
      "x": 0.5384615384615384,
      "y": 0.4857142857142857
    },
    "6": {
      "x": 0.6153846153846154,
      "y": 0.35714285714285715
    },
    "7": {
      "x": 0.7307692307692307,
      "y": 0.4142857142857143
    },
    "8": {
      "x": 0.7884615384615384,
      "y": 0.4857142857142857
    },
    "9": {
      "x": 0.4230769230769231,
      "y": 0.4714285714285714
    },
    "10": {
      "x": 0.4423076923076923,
      "y": 0.2714285714285714
    },
    "11": {
      "x": 0.4807692307692308,
      "y": 0.15714285714285714
    },
    "12": {
      "x": 0.5,
      "y": 0.07142857142857142
    },
    "13": {
      "x": 0.3269230769230769,
      "y": 0.4857142857142857
    },
    "14": {
      "x": 0.2692307692307692,
      "y": 0.3
    },
    "15": {
      "x": 0.2692307692307692,
      "y": 0.17142857142857143
    },
    "16": {
      "x": 0.2692307692307692,
      "y": 0.07142857142857142
    },
    "17": {
      "x": 0.23076923076923078,
      "y": 0.5428571428571428
    },
    "18": {
      "x": 0.1346153846153846,
      "y": 0.4
    },
    "19": {
      "x": 0.09615384615384616,
      "y": 0.3
    },
    "20": {
      "x": 0.09615384615384616,
      "y": 0.21428571428571427
    }
  }
}