{
  "label": "ok",
  "dataset": {
    "0": {
      "x": 0.5859375,
      "y": 0.9668874172185431
    },
    "1": {
      "x": 0.75,
      "y": 0.8874172185430463
    },
    "2": {
      "x": 0.875,
      "y": 0.7682119205298014
    },
    "3": {
      "x": 0.9609375,
      "y": 0.6622516556291391
    },
    "4": {
      "x": 0.953125,
      "y": 0.5629139072847682
    },
    "5": {
      "x": 0.640625,
      "y": 0.5231788079470199
    },
    "6": {
      "x": 0.7421875,
      "y": 0.37748344370860926
    },
    "7": {
      "x": 0.84375,
      "y": 0.40397350993377484
    },
    "8": {
      "x": 0.9140625,
      "y": 0.4768211920529801
    },
    "9": {
      "x": 0.515625,
      "y": 0.4966887417218543
    },
    "10": {
      "x": 0.5,
      "y": 0.2847682119205298
    },
    "11": {
      "x": 0.5234375,
      "y": 0.1390728476821192
    },
    "12": {
      "x": 0.5390625,
      "y": 0.033112582781456956
    },
    "13": {
      "x": 0.4140625,
      "y": 0.5298013245033113
    },
    "14": {
      "x": 0.3359375,
      "y": 0.3443708609271523
    },
    "15": {
      "x": 0.3125,
      "y": 0.2052980132450331
    },
    "16": {
      "x": 0.3046875,
      "y": 0.09271523178807947
    },
    "17": {
      "x": 0.328125,
      "y": 0.609271523178808
    },
    "18": {
      "x": 0.1796875,
      "y": 0.5033112582781457
    },
    "19": {
      "x": 0.09375,
      "y": 0.4105960264900662
    },
    "20": {
      "x": 0.0390625,
      "y": 0.32450331125827814
    }
  }
}