{
  "label": "ok",
  "dataset": {
    "0": {
      "x": 0.6225165562913907,
      "y": 0.9705882352941176
    },
    "1": {
      "x": 0.8079470198675497,
      "y": 0.8411764705882353
    },
    "2": {
      "x": 0.9072847682119205,
      "y": 0.6823529411764706
    },
    "3": {
      "x": 0.9668874172185431,
      "y": 0.5235294117647059
    },
    "4": {
      "x": 0.9403973509933775,
      "y": 0.40588235294117647
    },
    "5": {
      "x": 0.5960264900662252,
      "y": 0.5647058823529412
    },
    "6": {
      "x": 0.695364238410596,
      "y": 0.36470588235294116
    },
    "7": {
      "x": 0.8079470198675497,
      "y": 0.38823529411764707
    },
    "8": {
      "x": 0.8675496688741722,
      "y": 0.45294117647058824
    },
    "9": {
      "x": 0.4768211920529801,
      "y": 0.5647058823529412
    },
    "10": {
      "x": 0.4900662251655629,
      "y": 0.3176470588235294
    },
    "11": {
      "x": 0.47019867549668876,
      "y": 0.15294117647058825
    },
    "12": {
      "x": 0.423841059602649,
      "y": 0.029411764705882353
    },
    "13": {
      "x": 0.39072847682119205,
      "y": 0.6
    },
    "14": {
      "x": 0.31788079470198677,
      "y": 0.3941176470588235
    },
    "15": {
      "x": 0.24503311258278146,
      "y": 0.27647058823529413
    },
    "16": {
      "x": 0.16556291390728478,
      "y": 0.19411764705882353
    },
    "17": {
      "x": 0.3509933774834437,
      "y": 0.6529411764705882
    },
    "18": {
      "x": 0.2119205298013245,
      "y": 0.5294117647058824
    },
    "19": {
      "x": 0.11920529801324503,
      "y": 0.4588235294117647
    },
    "20": {
      "x": 0.033112582781456956,
      "y": 0.40588235294117647
    }
  }
}