{
  "label": "ok",
  "dataset": {
    "0": {
      "x": 0.373134328358209,
      "y": 0.9744897959183674
    },
    "1": {
      "x": 0.6119402985074627,
      "y": 0.9132653061224489
    },
    "2": {
      "x": 0.8059701492537313,
      "y": 0.8061224489795918
    },
    "3": {
      "x": 0.9552238805970149,
      "y": 0.7346938775510204
    },
    "4": {
      "x": 0.9626865671641791,
      "y": 0.6632653061224489
    },
    "5": {
      "x": 0.5671641791044776,
      "y": 0.5408163265306123
    },
    "6": {
      "x": 0.753731343283582,
      "y": 0.4336734693877551
    },
    "7": {
      "x": 0.8731343283582089,
      "y": 0.5102040816326531
    },
    "8": {
      "x": 0.917910447761194,
      "y": 0.6020408163265306
    },
    "9": {
      "x": 0.44029850746268656,
      "y": 0.5051020408163265
    },
    "10": {
      "x": 0.44029850746268656,
      "y": 0.29081632653061223
    },
    "11": {
      "x": 0.5074626865671642,
      "y": 0.14795918367346939
    },
    "12": {
      "x": 0.5597014925373134,
      "y": 0.025510204081632654
    },
    "13": {
      "x": 0.30597014925373134,
      "y": 0.5357142857142857
    },
    "14": {
      "x": 0.23134328358208955,
      "y": 0.3469387755102041
    },
    "15": {
      "x": 0.2537313432835821,
      "y": 0.20918367346938777
    },
    "16": {
      "x": 0.27611940298507465,
      "y": 0.09183673469387756
    },
    "17": {
      "x": 0.208955223880597,
      "y": 0.6122448979591837
    },
    "18": {
      "x": 0.08955223880597014,
      "y": 0.4846938775510204
    },
    "19": {
      "x": 0.05223880597014925,
      "y": 0.3826530612244898
    },
    "20": {
      "x": 0.03731343283582089,
      "y": 0.28061224489795916
    }
  }
}