{
  "label": "ok",
  "dataset": {
    "0": {
      "x": 0.7682403433476395,
      "y": 0.9823943661971831
    },
    "1": {
      "x": 0.9098712446351931,
      "y": 0.8415492957746479
    },
    "2": {
      "x": 0.9613733905579399,
      "y": 0.6725352112676056
    },
    "3": {
      "x": 0.9785407725321889,
      "y": 0.5246478873239436
    },
    "4": {
      "x": 0.9227467811158798,
      "y": 0.397887323943662
    },
    "5": {
      "x": 0.5708154506437768,
      "y": 0.5422535211267606
    },
    "6": {
      "x": 0.5665236051502146,
      "y": 0.3626760563380282
    },
    "7": {
      "x": 0.6909871244635193,
      "y": 0.3345070422535211
    },
    "8": {
      "x": 0.8111587982832618,
      "y": 0.3626760563380282
    },
    "9": {
      "x": 0.463519313304721,
      "y": 0.545774647887324
    },
    "10": {
      "x": 0.39914163090128757,
      "y": 0.323943661971831
    },
    "11": {
      "x": 0.40772532188841204,
      "y": 0.15492957746478872
    },
    "12": {
      "x": 0.4206008583690987,
      "y": 0.017605633802816902
    },
    "13": {
      "x": 0.37339055793991416,
      "y": 0.5880281690140845
    },
    "14": {
      "x": 0.2532188841201717,
      "y": 0.38380281690140844
    },
    "15": {
      "x": 0.21888412017167383,
      "y": 0.22535211267605634
    },
    "16": {
      "x": 0.20600858369098712,
      "y": 0.09507042253521127
    },
    "17": {
      "x": 0.3090128755364807,
      "y": 0.6725352112676056
    },
    "18": {
      "x": 0.15450643776824036,
      "y": 0.528169014084507
    },
    "19": {
      "x": 0.07296137339055794,
      "y": 0.4084507042253521
    },
    "20": {
      "x": 0.02145922746781116,
      "y": 0.30633802816901406
    }
  }
}