{
  "label": "ok",
  "dataset": {
    "0": {
      "x": 0.02304147465437788,
      "y": 0.9835526315789473
    },
    "1": {
      "x": 0.3271889400921659,
      "y": 0.9769736842105263
    },
    "2": {
      "x": 0.5714285714285714,
      "y": 0.9046052631578947
    },
    "3": {
      "x": 0.815668202764977,
      "y": 0.8453947368421053
    },
    "4": {
      "x": 0.9769585253456221,
      "y": 0.7039473684210527
    },
    "5": {
      "x": 0.3271889400921659,
      "y": 0.5460526315789473
    },
    "6": {
      "x": 0.663594470046083,
      "y": 0.4605263157894737
    },
    "7": {
      "x": 0.8064516129032258,
      "y": 0.5756578947368421
    },
    "8": {
      "x": 0.8387096774193549,
      "y": 0.7006578947368421
    },
    "9": {
      "x": 0.2488479262672811,
      "y": 0.48355263157894735
    },
    "10": {
      "x": 0.5253456221198156,
      "y": 0.2565789473684211
    },
    "11": {
      "x": 0.7741935483870968,
      "y": 0.15460526315789475
    },
    "12": {
      "x": 0.967741935483871,
      "y": 0.05921052631578947
    },
    "13": {
      "x": 0.19815668202764977,
      "y": 0.46710526315789475
    },
    "14": {
      "x": 0.3548387096774194,
      "y": 0.24013157894736842
    },
    "15": {
      "x": 0.5023041474654378,
      "y": 0.1118421052631579
    },
    "16": {
      "x": 0.6175115207373272,
      "y": 0.01644736842105263
    },
    "17": {
      "x": 0.17972350230414746,
      "y": 0.46381578947368424
    },
    "18": {
      "x": 0.1935483870967742,
      "y": 0.29276315789473684
    },
    "19": {
      "x": 0.2119815668202765,
      "y": 0.17105263157894737
    },
    "20": {
      "x": 0.2488479262672811,
      "y": 0.05263157894736842
    }
  }
}