{
  "label": "ok",
  "dataset": {
    "0": {
      "x": 0.22972972972972974,
      "y": 0.9583333333333334
    },
    "1": {
      "x": 0.44594594594594594,
      "y": 0.8916666666666667
    },
    "2": {
      "x": 0.6351351351351351,
      "y": 0.7833333333333333
    },
    "3": {
      "x": 0.8108108108108109,
      "y": 0.7166666666666667
    },
    "4": {
      "x": 0.9324324324324325,
      "y": 0.6416666666666667
    },
    "5": {
      "x": 0.3783783783783784,
      "y": 0.5166666666666667
    },
    "6": {
      "x": 0.581081081081081,
      "y": 0.4166666666666667
    },
    "7": {
      "x": 0.7432432432432432,
      "y": 0.48333333333333334
    },
    "8": {
      "x": 0.8513513513513513,
      "y": 0.5666666666666667
    },
    "9": {
      "x": 0.2972972972972973,
      "y": 0.48333333333333334
    },
    "10": {
      "x": 0.3783783783783784,
      "y": 0.2833333333333333
    },
    "11": {
      "x": 0.5405405405405406,
      "y": 0.16666666666666666
    },
    "12": {
      "x": 0.6621621621621622,
      "y": 0.09166666666666666
    },
    "13": {
      "x": 0.20270270270270271,
      "y": 0.49166666666666664
    },
    "14": {
      "x": 0.16216216216216217,
      "y": 0.2916666666666667
    },
    "15": {
      "x": 0.21621621621621623,
      "y": 0.15
    },
    "16": {
      "x": 0.2702702702702703,
      "y": 0.041666666666666664
    },
    "17": {
      "x": 0.12162162162162163,
      "y": 0.5416666666666666
    },
    "18": {
      "x": 0.06756756756756757,
      "y": 0.38333333333333336
    },
    "19": {
      "x": 0.06756756756756757,
      "y": 0.25833333333333336
    },
    "20": {
      "x": 0.08108108108108109,
      "y": 0.16666666666666666
    }
  }
}