{
  "label": "ok",
  "dataset": {
    "0": {
      "x": 0.6290322580645161,
      "y": 0.9397590361445783
    },
    "1": {
      "x": 0.7741935483870968,
      "y": 0.8192771084337349
    },
    "2": {
      "x": 0.8709677419354839,
      "y": 0.6626506024096386
    },
    "3": {
      "x": 0.9193548387096774,
      "y": 0.5421686746987951
    },
    "4": {
      "x": 0.8709677419354839,
      "y": 0.46987951807228917
    },
    "5": {
      "x": 0.6129032258064516,
      "y": 0.4939759036144578
    },
    "6": {
      "x": 0.6612903225806451,
      "y": 0.3493975903614458
    },
    "7": {
      "x": 0.7580645161290323,
      "y": 0.37349397590361444
    },
    "8": {
      "x": 0.8225806451612904,
      "y": 0.4457831325301205
    },
    "9": {
      "x": 0.4838709677419355,
      "y": 0.4819277108433735
    },
    "10": {
      "x": 0.45161290322580644,
      "y": 0.2891566265060241
    },
    "11": {
      "x": 0.43548387096774194,
      "y": 0.1566265060240964
    },
    "12": {
      "x": 0.4032258064516129,
      "y": 0.060240963855421686
    },
    "13": {
      "x": 0.3870967741935484,
      "y": 0.5180722891566265
    },
    "14": {
      "x": 0.3064516129032258,
      "y": 0.3373493975903614
    },
    "15": {
      "x": 0.25806451612903225,
      "y": 0.2289156626506024
    },
    "16": {
      "x": 0.22580645161290322,
      "y": 0.14457831325301204
    },
    "17": {
      "x": 0.27419354838709675,
      "y": 0.5903614457831325
    },
    "18": {
      "x": 0.1935483870967742,
      "y": 0.46987951807228917
    },
    "19": {
      "x": 0.12903225806451613,
      "y": 0.39759036144578314
    },
    "20": {
      "x": 0.08064516129032258,
      "y": 0.3253012048192771
    }
  }
}