{
  "label": "ok",
  "dataset": {
    "0": {
      "x": 0.8580645161290322,
      "y": 0.9685534591194969
    },
    "1": {
      "x": 0.9354838709677419,
      "y": 0.779874213836478
    },
    "2": {
      "x": 0.9483870967741935,
      "y": 0.5723270440251572
    },
    "3": {
      "x": 0.967741935483871,
      "y": 0.37735849056603776
    },
    "4": {
      "x": 0.896774193548387,
      "y": 0.27044025157232704
    },
    "5": {
      "x": 0.6709677419354839,
      "y": 0.5471698113207547
    },
    "6": {
      "x": 0.6645161290322581,
      "y": 0.3584905660377358
    },
    "7": {
      "x": 0.7354838709677419,
      "y": 0.27672955974842767
    },
    "8": {
      "x": 0.8258064516129032,
      "y": 0.2389937106918239
    },
    "9": {
      "x": 0.5483870967741935,
      "y": 0.559748427672956
    },
    "10": {
      "x": 0.4645161290322581,
      "y": 0.33962264150943394
    },
    "11": {
      "x": 0.45806451612903226,
      "y": 0.1761006289308176
    },
    "12": {
      "x": 0.45161290322580644,
      "y": 0.031446540880503145
    },
    "13": {
      "x": 0.45806451612903226,
      "y": 0.610062893081761
    },
    "14": {
      "x": 0.2903225806451613,
      "y": 0.42138364779874216
    },
    "15": {
      "x": 0.2064516129032258,
      "y": 0.2830188679245283
    },
    "16": {
      "x": 0.15483870967741936,
      "y": 0.16352201257861634
    },
    "17": {
      "x": 0.4064516129032258,
      "y": 0.6918238993710691
    },
    "18": {
      "x": 0.22580645161290322,
      "y": 0.5911949685534591
    },
    "19": {
      "x": 0.11612903225806452,
      "y": 0.5157232704402516
    },
    "20": {
      "x": 0.03225806451612903,
      "y": 0.4339622641509434
    }
  }
}