{
  "label": "ok",
  "dataset": {
    "0": {
      "x": 0.6944444444444444,
      "y": 0.9702380952380952
    },
    "1": {
      "x": 0.8333333333333334,
      "y": 0.8630952380952381
    },
    "2": {
      "x": 0.9027777777777778,
      "y": 0.6904761904761905
    },
    "3": {
      "x": 0.9583333333333334,
      "y": 0.5357142857142857
    },
    "4": {
      "x": 0.9652777777777778,
      "y": 0.4107142857142857
    },
    "5": {
      "x": 0.6875,
      "y": 0.5238095238095238
    },
    "6": {
      "x": 0.7291666666666666,
      "y": 0.34523809523809523
    },
    "7": {
      "x": 0.8055555555555556,
      "y": 0.30952380952380953
    },
    "8": {
      "x": 0.8888888888888888,
      "y": 0.3392857142857143
    },
    "9": {
      "x": 0.5555555555555556,
      "y": 0.5178571428571429
    },
    "10": {
      "x": 0.4930555555555556,
      "y": 0.2916666666666667
    },
    "11": {
      "x": 0.4791666666666667,
      "y": 0.14285714285714285
    },
    "12": {
      "x": 0.4583333333333333,
      "y": 0.02976190476190476
    },
    "13": {
      "x": 0.4444444444444444,
      "y": 0.5535714285714286
    },
    "14": {
      "x": 0.3402777777777778,
      "y": 0.38095238095238093
    },
    "15": {
      "x": 0.2916666666666667,
      "y": 0.24404761904761904
    },
    "16": {
      "x": 0.2569444444444444,
      "y": 0.13690476190476192
    },
    "17": {
      "x": 0.3680555555555556,
      "y": 0.6428571428571429
    },
    "18": {
      "x": 0.20833333333333334,
      "y": 0.5357142857142857
    },
    "19": {
      "x": 0.1111111111111111,
      "y": 0.4523809523809524
    },
    "20": {
      "x": 0.034722222222222224,
      "y": 0.36904761904761907
    }
  }
}