{
  "label": "ok",
  "dataset": {
    "0": {
      "x": 0.7310924369747899,
      "y": 0.957983193277311
    },
    "1": {
      "x": 0.8235294117647058,
      "y": 0.8235294117647058
    },
    "2": {
      "x": 0.8907563025210085,
      "y": 0.6638655462184874
    },
    "3": {
      "x": 0.9495798319327731,
      "y": 0.5294117647058824
    },
    "4": {
      "x": 0.957983193277311,
      "y": 0.40336134453781514
    },
    "5": {
      "x": 0.6386554621848739,
      "y": 0.4789915966386555
    },
    "6": {
      "x": 0.7226890756302521,
      "y": 0.31932773109243695
    },
    "7": {
      "x": 0.8067226890756303,
      "y": 0.31932773109243695
    },
    "8": {
      "x": 0.8823529411764706,
      "y": 0.3865546218487395
    },
    "9": {
      "x": 0.5378151260504201,
      "y": 0.4789915966386555
    },
    "10": {
      "x": 0.453781512605042,
      "y": 0.2689075630252101
    },
    "11": {
      "x": 0.3949579831932773,
      "y": 0.14285714285714285
    },
    "12": {
      "x": 0.3277310924369748,
      "y": 0.04201680672268908
    },
    "13": {
      "x": 0.46218487394957986,
      "y": 0.5294117647058824
    },
    "14": {
      "x": 0.3445378151260504,
      "y": 0.37815126050420167
    },
    "15": {
      "x": 0.25210084033613445,
      "y": 0.2773109243697479
    },
    "16": {
      "x": 0.17647058823529413,
      "y": 0.21008403361344538
    },
    "17": {
      "x": 0.42857142857142855,
      "y": 0.6302521008403361
    },
    "18": {
      "x": 0.25210084033613445,
      "y": 0.6218487394957983
    },
    "19": {
      "x": 0.13445378151260504,
      "y": 0.5966386554621849
    },
    "20": {
      "x": 0.04201680672268908,
      "y": 0.5714285714285714
    }
  }
}