{
  "label": "ok",
  "dataset": {
    "0": {
      "x": 0.5494505494505495,
      "y": 0.9576271186440678
    },
    "1": {
      "x": 0.34065934065934067,
      "y": 0.8983050847457628
    },
    "2": {
      "x": 0.18681318681318682,
      "y": 0.788135593220339
    },
    "3": {
      "x": 0.08791208791208792,
      "y": 0.6949152542372882
    },
    "4": {
      "x": 0.054945054945054944,
      "y": 0.6101694915254238
    },
    "5": {
      "x": 0.42857142857142855,
      "y": 0.5932203389830508
    },
    "6": {
      "x": 0.2857142857142857,
      "y": 0.5
    },
    "7": {
      "x": 0.16483516483516483,
      "y": 0.5084745762711864
    },
    "8": {
      "x": 0.0989010989010989,
      "y": 0.5508474576271186
    },
    "9": {
      "x": 0.5604395604395604,
      "y": 0.559322033898305
    },
    "10": {
      "x": 0.5494505494505495,
      "y": 0.3389830508474576
    },
    "11": {
      "x": 0.5604395604395604,
      "y": 0.17796610169491525
    },
    "12": {
      "x": 0.5824175824175825,
      "y": 0.0423728813559322
    },
    "13": {
      "x": 0.6923076923076923,
      "y": 0.576271186440678
    },
    "14": {
      "x": 0.7252747252747253,
      "y": 0.3644067796610169
    },
    "15": {
      "x": 0.7472527472527473,
      "y": 0.22033898305084745
    },
    "16": {
      "x": 0.7692307692307693,
      "y": 0.09322033898305085
    },
    "17": {
      "x": 0.8131868131868132,
      "y": 0.652542372881356
    },
    "18": {
      "x": 0.8791208791208791,
      "y": 0.4915254237288136
    },
    "19": {
      "x": 0.9120879120879121,
      "y": 0.3813559322033898
    },
    "20": {
      "x": 0.945054945054945,
      "y": 0.288135593220339
    }
  }
}