{
  "label": "ok",
  "dataset": {
    "0": {
      "x": 0.6639344262295082,
      "y": 0.9657534246575342
    },
    "1": {
      "x": 0.7704918032786885,
      "y": 0.8561643835616438
    },
    "2": {
      "x": 0.8360655737704918,
      "y": 0.7054794520547946
    },
    "3": {
      "x": 0.9016393442622951,
      "y": 0.5958904109589042
    },
    "4": {
      "x": 0.9590163934426229,
      "y": 0.4863013698630137
    },
    "5": {
      "x": 0.48360655737704916,
      "y": 0.5547945205479452
    },
    "6": {
      "x": 0.5983606557377049,
      "y": 0.3904109589041096
    },
    "7": {
      "x": 0.7459016393442623,
      "y": 0.4246575342465753
    },
    "8": {
      "x": 0.8360655737704918,
      "y": 0.5
    },
    "9": {
      "x": 0.4098360655737705,
      "y": 0.541095890410959
    },
    "10": {
      "x": 0.3360655737704918,
      "y": 0.3082191780821918
    },
    "11": {
      "x": 0.28688524590163933,
      "y": 0.1506849315068493
    },
    "12": {
      "x": 0.22131147540983606,
      "y": 0.03424657534246575
    },
    "13": {
      "x": 0.36065573770491804,
      "y": 0.5821917808219178
    },
    "14": {
      "x": 0.22131147540983606,
      "y": 0.3835616438356164
    },
    "15": {
      "x": 0.13114754098360656,
      "y": 0.2465753424657534
    },
    "16": {
      "x": 0.040983606557377046,
      "y": 0.136986301369863
    },
    "17": {
      "x": 0.3360655737704918,
      "y": 0.6575342465753424
    },
    "18": {
      "x": 0.20491803278688525,
      "y": 0.5136986301369864
    },
    "19": {
      "x": 0.13114754098360656,
      "y": 0.4041095890410959
    },
    "20": {
      "x": 0.07377049180327869,
      "y": 0.3082191780821918
    }
  }
}