{
  "label": "ok",
  "dataset": {
    "0": {
      "x": 0.5150214592274678,
      "y": 0.9795081967213115
    },
    "1": {
      "x": 0.6566523605150214,
      "y": 0.8934426229508197
    },
    "2": {
      "x": 0.7854077253218884,
      "y": 0.7786885245901639
    },
    "3": {
      "x": 0.8969957081545065,
      "y": 0.7213114754098361
    },
    "4": {
      "x": 0.9785407725321889,
      "y": 0.6639344262295082
    },
    "5": {
      "x": 0.6051502145922747,
      "y": 0.5163934426229508
    },
    "6": {
      "x": 0.7467811158798283,
      "y": 0.430327868852459
    },
    "7": {
      "x": 0.8454935622317596,
      "y": 0.5245901639344263
    },
    "8": {
      "x": 0.8927038626609443,
      "y": 0.6229508196721312
    },
    "9": {
      "x": 0.4978540772532189,
      "y": 0.5
    },
    "10": {
      "x": 0.5364806866952789,
      "y": 0.2827868852459016
    },
    "11": {
      "x": 0.6008583690987125,
      "y": 0.15163934426229508
    },
    "12": {
      "x": 0.648068669527897,
      "y": 0.036885245901639344
    },
    "13": {
      "x": 0.38197424892703863,
      "y": 0.5450819672131147
    },
    "14": {
      "x": 0.33476394849785407,
      "y": 0.3114754098360656
    },
    "15": {
      "x": 0.3261802575107296,
      "y": 0.1557377049180328
    },
    "16": {
      "x": 0.3218884120171674,
      "y": 0.020491803278688523
    },
    "17": {
      "x": 0.27467811158798283,
      "y": 0.6434426229508197
    },
    "18": {
      "x": 0.15021459227467812,
      "y": 0.48770491803278687
    },
    "19": {
      "x": 0.07725321888412018,
      "y": 0.3729508196721312
    },
    "20": {
      "x": 0.02145922746781116,
      "y": 0.2581967213114754
    }
  }
}