{
  "label": "ok",
  "dataset": {
    "0": {
      "x": 0.5047619047619047,
      "y": 0.9615384615384616
    },
    "1": {
      "x": 0.3238095238095238,
      "y": 0.8923076923076924
    },
    "2": {
      "x": 0.17142857142857143,
      "y": 0.8
    },
    "3": {
      "x": 0.047619047619047616,
      "y": 0.7307692307692307
    },
    "4": {
      "x": 0.05714285714285714,
      "y": 0.6692307692307692
    },
    "5": {
      "x": 0.34285714285714286,
      "y": 0.5384615384615384
    },
    "6": {
      "x": 0.19047619047619047,
      "y": 0.46923076923076923
    },
    "7": {
      "x": 0.10476190476190476,
      "y": 0.5384615384615384
    },
    "8": {
      "x": 0.06666666666666667,
      "y": 0.6153846153846154
    },
    "9": {
      "x": 0.4666666666666667,
      "y": 0.4846153846153846
    },
    "10": {
      "x": 0.42857142857142855,
      "y": 0.2846153846153846
    },
    "11": {
      "x": 0.4,
      "y": 0.15384615384615385
    },
    "12": {
      "x": 0.3619047619047619,
      "y": 0.038461538461538464
    },
    "13": {
      "x": 0.6,
      "y": 0.5076923076923077
    },
    "14": {
      "x": 0.6857142857142857,
      "y": 0.3153846153846154
    },
    "15": {
      "x": 0.7428571428571429,
      "y": 0.19230769230769232
    },
    "16": {
      "x": 0.7619047619047619,
      "y": 0.07692307692307693
    },
    "17": {
      "x": 0.7047619047619048,
      "y": 0.6
    },
    "18": {
      "x": 0.819047619047619,
      "y": 0.4846153846153846
    },
    "19": {
      "x": 0.8952380952380953,
      "y": 0.4
    },
    "20": {
      "x": 0.9523809523809523,
      "y": 0.3153846153846154
    }
  }
}