{
  "label": "ok",
  "dataset": {
    "0": {
      "x": 0.9,
      "y": 0.9456521739130435
    },
    "1": {
      "x": 0.95,
      "y": 0.75
    },
    "2": {
      "x": 0.91,
      "y": 0.5217391304347826
    },
    "3": {
      "x": 0.87,
      "y": 0.32608695652173914
    },
    "4": {
      "x": 0.8,
      "y": 0.18478260869565216
    },
    "5": {
      "x": 0.57,
      "y": 0.5108695652173914
    },
    "6": {
      "x": 0.54,
      "y": 0.29347826086956524
    },
    "7": {
      "x": 0.62,
      "y": 0.20652173913043478
    },
    "8": {
      "x": 0.73,
      "y": 0.18478260869565216
    },
    "9": {
      "x": 0.46,
      "y": 0.5652173913043478
    },
    "10": {
      "x": 0.31,
      "y": 0.3695652173913043
    },
    "11": {
      "x": 0.28,
      "y": 0.1956521739130435
    },
    "12": {
      "x": 0.3,
      "y": 0.05434782608695652
    },
    "13": {
      "x": 0.4,
      "y": 0.6630434782608695
    },
    "14": {
      "x": 0.22,
      "y": 0.5217391304347826
    },
    "15": {
      "x": 0.16,
      "y": 0.3695652173913043
    },
    "16": {
      "x": 0.13,
      "y": 0.2391304347826087
    },
    "17": {
      "x": 0.39,
      "y": 0.782608695652174
    },
    "18": {
      "x": 0.22,
      "y": 0.75
    },
    "19": {
      "x": 0.12,
      "y": 0.6739130434782609
    },
    "20": {
      "x": 0.05,
      "y": 0.5869565217391305
    }
  }
}