{
  "label": "ok",
  "dataset": {
    "0": {
      "x": 0.4519774011299435,
      "y": 0.9747474747474747
    },
    "1": {
      "x": 0.2937853107344633,
      "y": 0.8838383838383839
    },
    "2": {
      "x": 0.1638418079096045,
      "y": 0.797979797979798
    },
    "3": {
      "x": 0.02824858757062147,
      "y": 0.7070707070707071
    },
    "4": {
      "x": 0.04519774011299435,
      "y": 0.6212121212121212
    },
    "5": {
      "x": 0.4576271186440678,
      "y": 0.5555555555555556
    },
    "6": {
      "x": 0.2994350282485876,
      "y": 0.43434343434343436
    },
    "7": {
      "x": 0.14689265536723164,
      "y": 0.494949494949495
    },
    "8": {
      "x": 0.05649717514124294,
      "y": 0.5757575757575758
    },
    "9": {
      "x": 0.5423728813559322,
      "y": 0.494949494949495
    },
    "10": {
      "x": 0.5536723163841808,
      "y": 0.29292929292929293
    },
    "11": {
      "x": 0.5254237288135594,
      "y": 0.1414141414141414
    },
    "12": {
      "x": 0.5028248587570622,
      "y": 0.025252525252525252
    },
    "13": {
      "x": 0.5932203389830508,
      "y": 0.5
    },
    "14": {
      "x": 0.7627118644067796,
      "y": 0.3434343434343434
    },
    "15": {
      "x": 0.8587570621468926,
      "y": 0.22727272727272727
    },
    "16": {
      "x": 0.9265536723163842,
      "y": 0.13131313131313133
    },
    "17": {
      "x": 0.615819209039548,
      "y": 0.5404040404040404
    },
    "18": {
      "x": 0.7853107344632768,
      "y": 0.4292929292929293
    },
    "19": {
      "x": 0.8813559322033898,
      "y": 0.3484848484848485
    },
    "20": {
      "x": 0.9717514124293786,
      "y": 0.2777777777777778
    }
  }
}