{
  "label": "ok",
  "dataset": {
    "0": {
      "x": 0.45348837209302323,
      "y": 0.9603174603174603
    },
    "1": {
      "x": 0.6395348837209303,
      "y": 0.8650793650793651
    },
    "2": {
      "x": 0.7906976744186046,
      "y": 0.7301587301587301
    },
    "3": {
      "x": 0.9069767441860465,
      "y": 0.6190476190476191
    },
    "4": {
      "x": 0.9418604651162791,
      "y": 0.5
    },
    "5": {
      "x": 0.5813953488372093,
      "y": 0.5158730158730159
    },
    "6": {
      "x": 0.6976744186046512,
      "y": 0.40476190476190477
    },
    "7": {
      "x": 0.8023255813953488,
      "y": 0.4126984126984127
    },
    "8": {
      "x": 0.872093023255814,
      "y": 0.47619047619047616
    },
    "9": {
      "x": 0.46511627906976744,
      "y": 0.48412698412698413
    },
    "10": {
      "x": 0.46511627906976744,
      "y": 0.2619047619047619
    },
    "11": {
      "x": 0.4883720930232558,
      "y": 0.1349206349206349
    },
    "12": {
      "x": 0.5,
      "y": 0.03968253968253968
    },
    "13": {
      "x": 0.36046511627906974,
      "y": 0.49206349206349204
    },
    "14": {
      "x": 0.29069767441860467,
      "y": 0.30158730158730157
    },
    "15": {
      "x": 0.27906976744186046,
      "y": 0.1746031746031746
    },
    "16": {
      "x": 0.27906976744186046,
      "y": 0.07936507936507936
    },
    "17": {
      "x": 0.2558139534883721,
      "y": 0.5396825396825397
    },
    "18": {
      "x": 0.1511627906976744,
      "y": 0.3968253968253968
    },
    "19": {
      "x": 0.09302325581395349,
      "y": 0.29365079365079366
    },
    "20": {
      "x": 0.05813953488372093,
      "y": 0.20634920634920634
    }
  }
}