{
  "label": "ok",
  "dataset": {
    "0": {
      "x": 0.34,
      "y": 0.968944099378882
    },
    "1": {
      "x": 0.57,
      "y": 0.9130434782608695
    },
    "2": {
      "x": 0.78,
      "y": 0.782608695652174
    },
    "3": {
      "x": 0.92,
      "y": 0.6956521739130435
    },
    "4": {
      "x": 0.93,
      "y": 0.6149068322981367
    },
    "5": {
      "x": 0.68,
      "y": 0.5403726708074534
    },
    "6": {
      "x": 0.89,
      "y": 0.422360248447205
    },
    "7": {
      "x": 0.95,
      "y": 0.5093167701863354
    },
    "8": {
      "x": 0.93,
      "y": 0.6086956521739131
    },
    "9": {
      "x": 0.54,
      "y": 0.4906832298136646
    },
    "10": {
      "x": 0.66,
      "y": 0.2732919254658385
    },
    "11": {
      "x": 0.77,
      "y": 0.14285714285714285
    },
    "12": {
      "x": 0.83,
      "y": 0.031055900621118012
    },
    "13": {
      "x": 0.36,
      "y": 0.5031055900621118
    },
    "14": {
      "x": 0.4,
      "y": 0.2981366459627329
    },
    "15": {
      "x": 0.47,
      "y": 0.16770186335403728
    },
    "16": {
      "x": 0.54,
      "y": 0.055900621118012424
    },
    "17": {
      "x": 0.19,
      "y": 0.5714285714285714
    },
    "18": {
      "x": 0.1,
      "y": 0.42857142857142855
    },
    "19": {
      "x": 0.06,
      "y": 0.32298136645962733
    },
    "20": {
      "x": 0.05,
      "y": 0.21739130434782608
    }
  }
}