{
  "label": "ok",
  "dataset": {
    "0": {
      "x": 0.6741573033707865,
      "y": 0.9640287769784173
    },
    "1": {
      "x": 0.4157303370786517,
      "y": 0.8992805755395683
    },
    "2": {
      "x": 0.20224719101123595,
      "y": 0.7769784172661871
    },
    "3": {
      "x": 0.056179775280898875,
      "y": 0.6762589928057554
    },
    "4": {
      "x": 0.07865168539325842,
      "y": 0.5755395683453237
    },
    "5": {
      "x": 0.449438202247191,
      "y": 0.5251798561151079
    },
    "6": {
      "x": 0.3146067415730337,
      "y": 0.38848920863309355
    },
    "7": {
      "x": 0.21348314606741572,
      "y": 0.4460431654676259
    },
    "8": {
      "x": 0.16853932584269662,
      "y": 0.5323741007194245
    },
    "9": {
      "x": 0.5617977528089888,
      "y": 0.48201438848920863
    },
    "10": {
      "x": 0.48314606741573035,
      "y": 0.2733812949640288
    },
    "11": {
      "x": 0.38202247191011235,
      "y": 0.1510791366906475
    },
    "12": {
      "x": 0.29213483146067415,
      "y": 0.05755395683453238
    },
    "13": {
      "x": 0.7078651685393258,
      "y": 0.4892086330935252
    },
    "14": {
      "x": 0.6741573033707865,
      "y": 0.2805755395683453
    },
    "15": {
      "x": 0.6179775280898876,
      "y": 0.14388489208633093
    },
    "16": {
      "x": 0.5393258426966292,
      "y": 0.03597122302158273
    },
    "17": {
      "x": 0.8651685393258427,
      "y": 0.5611510791366906
    },
    "18": {
      "x": 0.9438202247191011,
      "y": 0.41007194244604317
    },
    "19": {
      "x": 0.9325842696629213,
      "y": 0.31654676258992803
    },
    "20": {
      "x": 0.8876404494382022,
      "y": 0.22302158273381295
    }
  }
}