{
  "label": "ok",
  "dataset": {
    "0": {
      "x": 0.6967213114754098,
      "y": 0.9624060150375939
    },
    "1": {
      "x": 0.8032786885245902,
      "y": 0.8270676691729323
    },
    "2": {
      "x": 0.8770491803278688,
      "y": 0.6842105263157895
    },
    "3": {
      "x": 0.9508196721311475,
      "y": 0.5789473684210527
    },
    "4": {
      "x": 0.9590163934426229,
      "y": 0.48872180451127817
    },
    "5": {
      "x": 0.6475409836065574,
      "y": 0.5112781954887218
    },
    "6": {
      "x": 0.7295081967213115,
      "y": 0.38345864661654133
    },
    "7": {
      "x": 0.8278688524590164,
      "y": 0.42857142857142855
    },
    "8": {
      "x": 0.9016393442622951,
      "y": 0.49624060150375937
    },
    "9": {
      "x": 0.5409836065573771,
      "y": 0.5112781954887218
    },
    "10": {
      "x": 0.5,
      "y": 0.3007518796992481
    },
    "11": {
      "x": 0.48360655737704916,
      "y": 0.15789473684210525
    },
    "12": {
      "x": 0.4672131147540984,
      "y": 0.03759398496240601
    },
    "13": {
      "x": 0.4426229508196721,
      "y": 0.5639097744360902
    },
    "14": {
      "x": 0.3524590163934426,
      "y": 0.37593984962406013
    },
    "15": {
      "x": 0.3114754098360656,
      "y": 0.24060150375939848
    },
    "16": {
      "x": 0.2786885245901639,
      "y": 0.12781954887218044
    },
    "17": {
      "x": 0.3770491803278688,
      "y": 0.6616541353383458
    },
    "18": {
      "x": 0.22950819672131148,
      "y": 0.5789473684210527
    },
    "19": {
      "x": 0.12295081967213115,
      "y": 0.518796992481203
    },
    "20": {
      "x": 0.040983606557377046,
      "y": 0.45864661654135336
    }
  }
}