{
  "label": "ok",
  "dataset": {
    "0": {
      "x": 0.4087301587301587,
      "y": 0.9863760217983651
    },
    "1": {
      "x": 0.6071428571428571,
      "y": 0.9073569482288828
    },
    "2": {
      "x": 0.8055555555555556,
      "y": 0.779291553133515
    },
    "3": {
      "x": 0.9761904761904762,
      "y": 0.6811989100817438
    },
    "4": {
      "x": 0.9801587301587301,
      "y": 0.5803814713896458
    },
    "5": {
      "x": 0.6071428571428571,
      "y": 0.5313351498637602
    },
    "6": {
      "x": 0.7857142857142857,
      "y": 0.4114441416893733
    },
    "7": {
      "x": 0.9047619047619048,
      "y": 0.44141689373297005
    },
    "8": {
      "x": 0.9722222222222222,
      "y": 0.5122615803814714
    },
    "9": {
      "x": 0.49206349206349204,
      "y": 0.49318801089918257
    },
    "10": {
      "x": 0.5595238095238095,
      "y": 0.28065395095367845
    },
    "11": {
      "x": 0.6031746031746031,
      "y": 0.1335149863760218
    },
    "12": {
      "x": 0.6150793650793651,
      "y": 0.013623978201634877
    },
    "13": {
      "x": 0.36507936507936506,
      "y": 0.5068119891008175
    },
    "14": {
      "x": 0.3412698412698413,
      "y": 0.3024523160762943
    },
    "15": {
      "x": 0.3412698412698413,
      "y": 0.16348773841961853
    },
    "16": {
      "x": 0.34523809523809523,
      "y": 0.04632152588555858
    },
    "17": {
      "x": 0.24206349206349206,
      "y": 0.5667574931880109
    },
    "18": {
      "x": 0.13095238095238096,
      "y": 0.4332425068119891
    },
    "19": {
      "x": 0.05952380952380952,
      "y": 0.329700272479564
    },
    "20": {
      "x": 0.01984126984126984,
      "y": 0.23433242506811988
    }
  }
}