{
  "label": "ok",
  "dataset": {
    "0": {
      "x": 0.4235294117647059,
      "y": 0.9494949494949495
    },
    "1": {
      "x": 0.2823529411764706,
      "y": 0.8080808080808081
    },
    "2": {
      "x": 0.2,
      "y": 0.6464646464646465
    },
    "3": {
      "x": 0.11764705882352941,
      "y": 0.5454545454545454
    },
    "4": {
      "x": 0.058823529411764705,
      "y": 0.46464646464646464
    },
    "5": {
      "x": 0.4235294117647059,
      "y": 0.48484848484848486
    },
    "6": {
      "x": 0.3176470588235294,
      "y": 0.36363636363636365
    },
    "7": {
      "x": 0.21176470588235294,
      "y": 0.3939393939393939
    },
    "8": {
      "x": 0.12941176470588237,
      "y": 0.4444444444444444
    },
    "9": {
      "x": 0.5176470588235295,
      "y": 0.47474747474747475
    },
    "10": {
      "x": 0.5294117647058824,
      "y": 0.29292929292929293
    },
    "11": {
      "x": 0.5176470588235295,
      "y": 0.16161616161616163
    },
    "12": {
      "x": 0.49411764705882355,
      "y": 0.050505050505050504
    },
    "13": {
      "x": 0.611764705882353,
      "y": 0.5252525252525253
    },
    "14": {
      "x": 0.6823529411764706,
      "y": 0.35353535353535354
    },
    "15": {
      "x": 0.7176470588235294,
      "y": 0.24242424242424243
    },
    "16": {
      "x": 0.7411764705882353,
      "y": 0.13131313131313133
    },
    "17": {
      "x": 0.6588235294117647,
      "y": 0.6161616161616161
    },
    "18": {
      "x": 0.788235294117647,
      "y": 0.5252525252525253
    },
    "19": {
      "x": 0.8705882352941177,
      "y": 0.4444444444444444
    },
    "20": {
      "x": 0.9411764705882353,
      "y": 0.37373737373737376
    }
  }
}