{
  "label": "ok",
  "dataset": {
    "0": {
      "x": 0.5645161290322581,
      "y": 0.9709302325581395
    },
    "1": {
      "x": 0.31451612903225806,
      "y": 0.8837209302325582
    },
    "2": {
      "x": 0.1532258064516129,
      "y": 0.7558139534883721
    },
    "3": {
      "x": 0.056451612903225805,
      "y": 0.6046511627906976
    },
    "4": {
      "x": 0.04032258064516129,
      "y": 0.4883720930232558
    },
    "5": {
      "x": 0.46774193548387094,
      "y": 0.5872093023255814
    },
    "6": {
      "x": 0.27419354838709675,
      "y": 0.4011627906976744
    },
    "7": {
      "x": 0.14516129032258066,
      "y": 0.42441860465116277
    },
    "8": {
      "x": 0.10483870967741936,
      "y": 0.48255813953488375
    },
    "9": {
      "x": 0.6129032258064516,
      "y": 0.5465116279069767
    },
    "10": {
      "x": 0.5725806451612904,
      "y": 0.3081395348837209
    },
    "11": {
      "x": 0.5483870967741935,
      "y": 0.1569767441860465
    },
    "12": {
      "x": 0.5564516129032258,
      "y": 0.029069767441860465
    },
    "13": {
      "x": 0.7016129032258065,
      "y": 0.5581395348837209
    },
    "14": {
      "x": 0.7580645161290323,
      "y": 0.37209302325581395
    },
    "15": {
      "x": 0.8225806451612904,
      "y": 0.2441860465116279
    },
    "16": {
      "x": 0.8709677419354839,
      "y": 0.1511627906976744
    },
    "17": {
      "x": 0.7338709677419355,
      "y": 0.5930232558139535
    },
    "18": {
      "x": 0.8306451612903226,
      "y": 0.46511627906976744
    },
    "19": {
      "x": 0.9032258064516129,
      "y": 0.38372093023255816
    },
    "20": {
      "x": 0.9596774193548387,
      "y": 0.32558139534883723
    }
  }
}