{
  "label": "ok",
  "dataset": {
    "0": {
      "x": 0.1016949152542373,
      "y": 0.9509803921568627
    },
    "1": {
      "x": 0.3559322033898305,
      "y": 0.9411764705882353
    },
    "2": {
      "x": 0.5932203389830508,
      "y": 0.8921568627450981
    },
    "3": {
      "x": 0.7796610169491526,
      "y": 0.8529411764705882
    },
    "4": {
      "x": 0.9152542372881356,
      "y": 0.7941176470588235
    },
    "5": {
      "x": 0.5254237288135594,
      "y": 0.5980392156862745
    },
    "6": {
      "x": 0.7627118644067796,
      "y": 0.5490196078431373
    },
    "7": {
      "x": 0.847457627118644,
      "y": 0.6372549019607843
    },
    "8": {
      "x": 0.8305084745762712,
      "y": 0.7156862745098039
    },
    "9": {
      "x": 0.4067796610169492,
      "y": 0.5196078431372549
    },
    "10": {
      "x": 0.6101694915254238,
      "y": 0.3235294117647059
    },
    "11": {
      "x": 0.7457627118644068,
      "y": 0.19607843137254902
    },
    "12": {
      "x": 0.847457627118644,
      "y": 0.09803921568627451
    },
    "13": {
      "x": 0.2542372881355932,
      "y": 0.49019607843137253
    },
    "14": {
      "x": 0.3389830508474576,
      "y": 0.28431372549019607
    },
    "15": {
      "x": 0.423728813559322,
      "y": 0.1568627450980392
    },
    "16": {
      "x": 0.4915254237288136,
      "y": 0.049019607843137254
    },
    "17": {
      "x": 0.0847457627118644,
      "y": 0.5196078431372549
    },
    "18": {
      "x": 0.0847457627118644,
      "y": 0.35294117647058826
    },
    "19": {
      "x": 0.0847457627118644,
      "y": 0.24509803921568626
    },
    "20": {
      "x": 0.1016949152542373,
      "y": 0.1568627450980392
    }
  }
}