{
  "label": "ok",
  "dataset": {
    "0": {
      "x": 0.43621399176954734,
      "y": 0.9857549857549858
    },
    "1": {
      "x": 0.6172839506172839,
      "y": 0.8917378917378918
    },
    "2": {
      "x": 0.7818930041152263,
      "y": 0.7635327635327636
    },
    "3": {
      "x": 0.9135802469135802,
      "y": 0.6780626780626781
    },
    "4": {
      "x": 0.9794238683127572,
      "y": 0.5811965811965812
    },
    "5": {
      "x": 0.5637860082304527,
      "y": 0.5185185185185185
    },
    "6": {
      "x": 0.757201646090535,
      "y": 0.4045584045584046
    },
    "7": {
      "x": 0.8888888888888888,
      "y": 0.4472934472934473
    },
    "8": {
      "x": 0.9588477366255144,
      "y": 0.5213675213675214
    },
    "9": {
      "x": 0.4403292181069959,
      "y": 0.48717948717948717
    },
    "10": {
      "x": 0.4567901234567901,
      "y": 0.2706552706552707
    },
    "11": {
      "x": 0.51440329218107,
      "y": 0.1282051282051282
    },
    "12": {
      "x": 0.5473251028806584,
      "y": 0.014245014245014245
    },
    "13": {
      "x": 0.3168724279835391,
      "y": 0.5185185185185185
    },
    "14": {
      "x": 0.25102880658436216,
      "y": 0.3247863247863248
    },
    "15": {
      "x": 0.2716049382716049,
      "y": 0.18803418803418803
    },
    "16": {
      "x": 0.3004115226337449,
      "y": 0.07407407407407407
    },
    "17": {
      "x": 0.2139917695473251,
      "y": 0.6011396011396012
    },
    "18": {
      "x": 0.0823045267489712,
      "y": 0.4757834757834758
    },
    "19": {
      "x": 0.03292181069958848,
      "y": 0.37606837606837606
    },
    "20": {
      "x": 0.0205761316872428,
      "y": 0.2792022792022792
    }
  }
}