{
  "label": "ok",
  "dataset": {
    "0": {
      "x": 0.3854748603351955,
      "y": 0.9806201550387597
    },
    "1": {
      "x": 0.6201117318435754,
      "y": 0.9186046511627907
    },
    "2": {
      "x": 0.8324022346368715,
      "y": 0.7674418604651163
    },
    "3": {
      "x": 0.9720670391061452,
      "y": 0.6356589147286822
    },
    "4": {
      "x": 0.8938547486033519,
      "y": 0.5465116279069767
    },
    "5": {
      "x": 0.6368715083798883,
      "y": 0.5193798449612403
    },
    "6": {
      "x": 0.7374301675977654,
      "y": 0.3875968992248062
    },
    "7": {
      "x": 0.8044692737430168,
      "y": 0.46511627906976744
    },
    "8": {
      "x": 0.8324022346368715,
      "y": 0.562015503875969
    },
    "9": {
      "x": 0.5027932960893855,
      "y": 0.47674418604651164
    },
    "10": {
      "x": 0.5698324022346368,
      "y": 0.26744186046511625
    },
    "11": {
      "x": 0.6368715083798883,
      "y": 0.13565891472868216
    },
    "12": {
      "x": 0.7094972067039106,
      "y": 0.01937984496124031
    },
    "13": {
      "x": 0.3575418994413408,
      "y": 0.47674418604651164
    },
    "14": {
      "x": 0.3743016759776536,
      "y": 0.2713178294573643
    },
    "15": {
      "x": 0.4245810055865922,
      "y": 0.1434108527131783
    },
    "16": {
      "x": 0.48044692737430167,
      "y": 0.03488372093023256
    },
    "17": {
      "x": 0.22346368715083798,
      "y": 0.5232558139534884
    },
    "18": {
      "x": 0.12849162011173185,
      "y": 0.37209302325581395
    },
    "19": {
      "x": 0.0670391061452514,
      "y": 0.26744186046511625
    },
    "20": {
      "x": 0.027932960893854747,
      "y": 0.17054263565891473
    }
  }
}