{
  "label": "ok",
  "dataset": {
    "0": {
      "x": 0.44696969696969696,
      "y": 0.9707602339181286
    },
    "1": {
      "x": 0.6363636363636364,
      "y": 0.9181286549707602
    },
    "2": {
      "x": 0.8106060606060606,
      "y": 0.8187134502923976
    },
    "3": {
      "x": 0.9242424242424242,
      "y": 0.7251461988304093
    },
    "4": {
      "x": 0.9621212121212122,
      "y": 0.6198830409356725
    },
    "5": {
      "x": 0.5833333333333334,
      "y": 0.5614035087719298
    },
    "6": {
      "x": 0.7196969696969697,
      "y": 0.43859649122807015
    },
    "7": {
      "x": 0.8333333333333334,
      "y": 0.47953216374269003
    },
    "8": {
      "x": 0.9090909090909091,
      "y": 0.5497076023391813
    },
    "9": {
      "x": 0.48484848484848486,
      "y": 0.5087719298245614
    },
    "10": {
      "x": 0.5681818181818182,
      "y": 0.2982456140350877
    },
    "11": {
      "x": 0.6439393939393939,
      "y": 0.15789473684210525
    },
    "12": {
      "x": 0.696969696969697,
      "y": 0.03508771929824561
    },
    "13": {
      "x": 0.3712121212121212,
      "y": 0.5029239766081871
    },
    "14": {
      "x": 0.36363636363636365,
      "y": 0.29239766081871343
    },
    "15": {
      "x": 0.3787878787878788,
      "y": 0.14619883040935672
    },
    "16": {
      "x": 0.4015151515151515,
      "y": 0.029239766081871343
    },
    "17": {
      "x": 0.25757575757575757,
      "y": 0.543859649122807
    },
    "18": {
      "x": 0.13636363636363635,
      "y": 0.38596491228070173
    },
    "19": {
      "x": 0.07575757575757576,
      "y": 0.27485380116959063
    },
    "20": {
      "x": 0.03787878787878788,
      "y": 0.17543859649122806
    }
  }
}