{
  "label": "ok",
  "dataset": {
    "0": {
      "x": 0.2976190476190476,
      "y": 0.957983193277311
    },
    "1": {
      "x": 0.5119047619047619,
      "y": 0.9327731092436975
    },
    "2": {
      "x": 0.7380952380952381,
      "y": 0.865546218487395
    },
    "3": {
      "x": 0.9166666666666666,
      "y": 0.8151260504201681
    },
    "4": {
      "x": 0.9285714285714286,
      "y": 0.7478991596638656
    },
    "5": {
      "x": 0.6190476190476191,
      "y": 0.5714285714285714
    },
    "6": {
      "x": 0.8214285714285714,
      "y": 0.5042016806722689
    },
    "7": {
      "x": 0.9166666666666666,
      "y": 0.5882352941176471
    },
    "8": {
      "x": 0.9404761904761905,
      "y": 0.680672268907563
    },
    "9": {
      "x": 0.5119047619047619,
      "y": 0.5042016806722689
    },
    "10": {
      "x": 0.6071428571428571,
      "y": 0.3025210084033613
    },
    "11": {
      "x": 0.7380952380952381,
      "y": 0.18487394957983194
    },
    "12": {
      "x": 0.8452380952380952,
      "y": 0.08403361344537816
    },
    "13": {
      "x": 0.36904761904761907,
      "y": 0.4957983193277311
    },
    "14": {
      "x": 0.40476190476190477,
      "y": 0.2857142857142857
    },
    "15": {
      "x": 0.47619047619047616,
      "y": 0.15126050420168066
    },
    "16": {
      "x": 0.5476190476190477,
      "y": 0.04201680672268908
    },
    "17": {
      "x": 0.2261904761904762,
      "y": 0.5462184873949579
    },
    "18": {
      "x": 0.13095238095238096,
      "y": 0.3949579831932773
    },
    "19": {
      "x": 0.08333333333333333,
      "y": 0.29411764705882354
    },
    "20": {
      "x": 0.05952380952380952,
      "y": 0.19327731092436976
    }
  }
}