{
  "label": "ok",
  "dataset": {
    "0": {
      "x": 0.08247422680412371,
      "y": 0.9704142011834319
    },
    "1": {
      "x": 0.3402061855670103,
      "y": 0.9467455621301775
    },
    "2": {
      "x": 0.6185567010309279,
      "y": 0.8284023668639053
    },
    "3": {
      "x": 0.845360824742268,
      "y": 0.7396449704142012
    },
    "4": {
      "x": 0.9484536082474226,
      "y": 0.6331360946745562
    },
    "5": {
      "x": 0.5670103092783505,
      "y": 0.5621301775147929
    },
    "6": {
      "x": 0.8144329896907216,
      "y": 0.44970414201183434
    },
    "7": {
      "x": 0.865979381443299,
      "y": 0.5207100591715976
    },
    "8": {
      "x": 0.8350515463917526,
      "y": 0.5976331360946746
    },
    "9": {
      "x": 0.422680412371134,
      "y": 0.4911242603550296
    },
    "10": {
      "x": 0.6185567010309279,
      "y": 0.27218934911242604
    },
    "11": {
      "x": 0.7525773195876289,
      "y": 0.14201183431952663
    },
    "12": {
      "x": 0.8350515463917526,
      "y": 0.029585798816568046
    },
    "13": {
      "x": 0.23711340206185566,
      "y": 0.47337278106508873
    },
    "14": {
      "x": 0.29896907216494845,
      "y": 0.26627218934911245
    },
    "15": {
      "x": 0.38144329896907214,
      "y": 0.13609467455621302
    },
    "16": {
      "x": 0.4639175257731959,
      "y": 0.03550295857988166
    },
    "17": {
      "x": 0.05154639175257732,
      "y": 0.5088757396449705
    },
    "18": {
      "x": 0.07216494845360824,
      "y": 0.3431952662721893
    },
    "19": {
      "x": 0.1134020618556701,
      "y": 0.23076923076923078
    },
    "20": {
      "x": 0.16494845360824742,
      "y": 0.13609467455621302
    }
  }
}