{
  "label": "ok",
  "dataset": {
    "0": {
      "x": 0.38311688311688313,
      "y": 0.9882629107981221
    },
    "1": {
      "x": 0.2077922077922078,
      "y": 0.8849765258215962
    },
    "2": {
      "x": 0.11038961038961038,
      "y": 0.7276995305164319
    },
    "3": {
      "x": 0.025974025974025976,
      "y": 0.5563380281690141
    },
    "4": {
      "x": 0.016233766233766232,
      "y": 0.431924882629108
    },
    "5": {
      "x": 0.5811688311688312,
      "y": 0.6150234741784038
    },
    "6": {
      "x": 0.4318181818181818,
      "y": 0.36619718309859156
    },
    "7": {
      "x": 0.2564935064935065,
      "y": 0.3544600938967136
    },
    "8": {
      "x": 0.15584415584415584,
      "y": 0.4107981220657277
    },
    "9": {
      "x": 0.685064935064935,
      "y": 0.5821596244131455
    },
    "10": {
      "x": 0.685064935064935,
      "y": 0.3028169014084507
    },
    "11": {
      "x": 0.6655844155844156,
      "y": 0.13145539906103287
    },
    "12": {
      "x": 0.685064935064935,
      "y": 0.011737089201877934
    },
    "13": {
      "x": 0.7207792207792207,
      "y": 0.5845070422535211
    },
    "14": {
      "x": 0.7922077922077922,
      "y": 0.3591549295774648
    },
    "15": {
      "x": 0.8376623376623377,
      "y": 0.2136150234741784
    },
    "16": {
      "x": 0.8896103896103896,
      "y": 0.107981220657277
    },
    "17": {
      "x": 0.7077922077922078,
      "y": 0.6032863849765259
    },
    "18": {
      "x": 0.8214285714285714,
      "y": 0.45305164319248825
    },
    "19": {
      "x": 0.9058441558441559,
      "y": 0.3685446009389671
    },
    "20": {
      "x": 0.9837662337662337,
      "y": 0.2981220657276995
    }
  }
}