{
  "label": "ok",
  "dataset": {
    "0": {
      "x": 0.18840579710144928,
      "y": 0.9609375
    },
    "1": {
      "x": 0.4492753623188406,
      "y": 0.90625
    },
    "2": {
      "x": 0.6811594202898551,
      "y": 0.796875
    },
    "3": {
      "x": 0.855072463768116,
      "y": 0.703125
    },
    "4": {
      "x": 0.927536231884058,
      "y": 0.6015625
    },
    "5": {
      "x": 0.5072463768115942,
      "y": 0.546875
    },
    "6": {
      "x": 0.6666666666666666,
      "y": 0.4296875
    },
    "7": {
      "x": 0.782608695652174,
      "y": 0.4765625
    },
    "8": {
      "x": 0.8260869565217391,
      "y": 0.5546875
    },
    "9": {
      "x": 0.4057971014492754,
      "y": 0.5078125
    },
    "10": {
      "x": 0.5507246376811594,
      "y": 0.3125
    },
    "11": {
      "x": 0.6521739130434783,
      "y": 0.171875
    },
    "12": {
      "x": 0.7246376811594203,
      "y": 0.0546875
    },
    "13": {
      "x": 0.2753623188405797,
      "y": 0.5
    },
    "14": {
      "x": 0.36231884057971014,
      "y": 0.296875
    },
    "15": {
      "x": 0.42028985507246375,
      "y": 0.15625
    },
    "16": {
      "x": 0.4782608695652174,
      "y": 0.0390625
    },
    "17": {
      "x": 0.11594202898550725,
      "y": 0.546875
    },
    "18": {
      "x": 0.07246376811594203,
      "y": 0.3828125
    },
    "19": {
      "x": 0.07246376811594203,
      "y": 0.2734375
    },
    "20": {
      "x": 0.10144927536231885,
      "y": 0.171875
    }
  }
}