{
  "label": "like",
  "dataset": {
    "0": {
      "x": 0.12195121951219512,
      "y": 0.9253731343283582
    },
    "1": {
      "x": 0.14634146341463414,
      "y": 0.7014925373134329
    },
    "2": {
      "x": 0.2682926829268293,
      "y": 0.417910447761194
    },
    "3": {
      "x": 0.3170731707317073,
      "y": 0.22388059701492538
    },
    "4": {
      "x": 0.21951219512195122,
      "y": 0.07462686567164178
    },
    "5": {
      "x": 0.24390243902439024,
      "y": 0.47761194029850745
    },
    "6": {
      "x": 0.7804878048780488,
      "y": 0.3880597014925373
    },
    "7": {
      "x": 0.6829268292682927,
      "y": 0.4626865671641791
    },
    "8": {
      "x": 0.5121951219512195,
      "y": 0.4925373134328358
    },
    "9": {
      "x": 0.2926829268292683,
      "y": 0.6268656716417911
    },
    "10": {
      "x": 0.8536585365853658,
      "y": 0.5373134328358209
    },
    "11": {
      "x": 0.7317073170731707,
      "y": 0.582089552238806
    },
    "12": {
      "x": 0.5365853658536586,
      "y": 0.6268656716417911
    },
    "13": {
      "x": 0.3902439024390244,
      "y": 0.7761194029850746
    },
    "14": {
      "x": 0.8780487804878049,
      "y": 0.6865671641791045
    },
    "15": {
      "x": 0.7317073170731707,
      "y": 0.7164179104477612
    },
    "16": {
      "x": 0.5609756097560976,
      "y": 0.746268656716418
    },
    "17": {
      "x": 0.4634146341463415,
      "y": 0.9104477611940298
    },
    "18": {
      "x": 0.8536585365853658,
      "y": 0.8059701492537313
    },
    "19": {
      "x": 0.7317073170731707,
      "y": 0.835820895522388
    },
    "20": {
      "x": 0.5853658536585366,
      "y": 0.8805970149253731
    }
  }
}