{
  "label": "like",
  "dataset": {
    "0": {
      "x": 0.5853658536585366,
      "y": 0.9315068493150684
    },
    "1": {
      "x": 0.7560975609756098,
      "y": 0.6712328767123288
    },
    "2": {
      "x": 0.8292682926829268,
      "y": 0.4383561643835616
    },
    "3": {
      "x": 0.8780487804878049,
      "y": 0.273972602739726
    },
    "4": {
      "x": 0.9390243902439024,
      "y": 0.1643835616438356
    },
    "5": {
      "x": 0.47560975609756095,
      "y": 0.0684931506849315
    },
    "6": {
      "x": 0.4878048780487805,
      "y": 0.136986301369863
    },
    "7": {
      "x": 0.5487804878048781,
      "y": 0.2876712328767123
    },
    "8": {
      "x": 0.573170731707317,
      "y": 0.3698630136986301
    },
    "9": {
      "x": 0.3048780487804878,
      "y": 0.1643835616438356
    },
    "10": {
      "x": 0.32926829268292684,
      "y": 0.2465753424657534
    },
    "11": {
      "x": 0.3902439024390244,
      "y": 0.3698630136986301
    },
    "12": {
      "x": 0.4268292682926829,
      "y": 0.4520547945205479
    },
    "13": {
      "x": 0.17073170731707318,
      "y": 0.3150684931506849
    },
    "14": {
      "x": 0.2073170731707317,
      "y": 0.3972602739726027
    },
    "15": {
      "x": 0.2804878048780488,
      "y": 0.4794520547945205
    },
    "16": {
      "x": 0.3170731707317073,
      "y": 0.5616438356164384
    },
    "17": {
      "x": 0.06097560975609756,
      "y": 0.4794520547945205
    },
    "18": {
      "x": 0.10975609756097561,
      "y": 0.5342465753424658
    },
    "19": {
      "x": 0.18292682926829268,
      "y": 0.6027397260273972
    },
    "20": {
      "x": 0.21951219512195122,
      "y": 0.6712328767123288
    }
  }
}