{
  "label": "like",
  "dataset": {
    "0": {
      "x": 0.36363636363636365,
      "y": 0.6967213114754098
    },
    "1": {
      "x": 0.15151515151515152,
      "y": 0.5409836065573771
    },
    "2": {
      "x": 0.15151515151515152,
      "y": 0.3442622950819672
    },
    "3": {
      "x": 0.21212121212121213,
      "y": 0.20491803278688525
    },
    "4": {
      "x": 0.2727272727272727,
      "y": 0.040983606557377046
    },
    "5": {
      "x": 0.5303030303030303,
      "y": 0.4426229508196721
    },
    "6": {
      "x": 0.15151515151515152,
      "y": 0.639344262295082
    },
    "7": {
      "x": 0.07575757575757576,
      "y": 0.6229508196721312
    },
    "8": {
      "x": 0.13636363636363635,
      "y": 0.5573770491803278
    },
    "9": {
      "x": 0.7575757575757576,
      "y": 0.5819672131147541
    },
    "10": {
      "x": 0.19696969696969696,
      "y": 0.819672131147541
    },
    "11": {
      "x": 0.18181818181818182,
      "y": 0.7540983606557377
    },
    "12": {
      "x": 0.2727272727272727,
      "y": 0.6639344262295082
    },
    "13": {
      "x": 0.8787878787878788,
      "y": 0.7213114754098361
    },
    "14": {
      "x": 0.3484848484848485,
      "y": 0.9016393442622951
    },
    "15": {
      "x": 0.3484848484848485,
      "y": 0.8442622950819673
    },
    "16": {
      "x": 0.45454545454545453,
      "y": 0.7704918032786885
    },
    "17": {
      "x": 0.9242424242424242,
      "y": 0.8360655737704918
    },
    "18": {
      "x": 0.5454545454545454,
      "y": 0.9590163934426229
    },
    "19": {
      "x": 0.5454545454545454,
      "y": 0.9180327868852459
    },
    "20": {
      "x": 0.6515151515151515,
      "y": 0.8524590163934426
    }
  }
}