{
  "label": "like",
  "dataset": {
    "0": {
      "x": 0.8431372549019608,
      "y": 0.8085106382978723
    },
    "1": {
      "x": 0.9019607843137255,
      "y": 0.6063829787234043
    },
    "2": {
      "x": 0.7647058823529411,
      "y": 0.3829787234042553
    },
    "3": {
      "x": 0.6862745098039216,
      "y": 0.20212765957446807
    },
    "4": {
      "x": 0.6470588235294118,
      "y": 0.05319148936170213
    },
    "5": {
      "x": 0.17647058823529413,
      "y": 0.48936170212765956
    },
    "6": {
      "x": 0.5098039215686274,
      "y": 0.5
    },
    "7": {
      "x": 0.7450980392156863,
      "y": 0.5425531914893617
    },
    "8": {
      "x": 0.7450980392156863,
      "y": 0.5531914893617021
    },
    "9": {
      "x": 0.09803921568627451,
      "y": 0.648936170212766
    },
    "10": {
      "x": 0.47058823529411764,
      "y": 0.648936170212766
    },
    "11": {
      "x": 0.6862745098039216,
      "y": 0.6808510638297872
    },
    "12": {
      "x": 0.6862745098039216,
      "y": 0.6702127659574468
    },
    "13": {
      "x": 0.09803921568627451,
      "y": 0.7978723404255319
    },
    "14": {
      "x": 0.43137254901960786,
      "y": 0.8085106382978723
    },
    "15": {
      "x": 0.6470588235294118,
      "y": 0.8085106382978723
    },
    "16": {
      "x": 0.6666666666666666,
      "y": 0.7978723404255319
    },
    "17": {
      "x": 0.13725490196078433,
      "y": 0.9361702127659575
    },
    "18": {
      "x": 0.35294117647058826,
      "y": 0.9468085106382979
    },
    "19": {
      "x": 0.5490196078431373,
      "y": 0.9361702127659575
    },
    "20": {
      "x": 0.6078431372549019,
      "y": 0.9148936170212766
    }
  }
}