{
  "label": "like",
  "dataset": {
    "0": {
      "x": 0.37209302325581395,
      "y": 0.9425287356321839
    },
    "1": {
      "x": 0.23255813953488372,
      "y": 0.6666666666666666
    },
    "2": {
      "x": 0.2558139534883721,
      "y": 0.40229885057471265
    },
    "3": {
      "x": 0.37209302325581395,
      "y": 0.20689655172413793
    },
    "4": {
      "x": 0.5116279069767442,
      "y": 0.05747126436781609
    },
    "5": {
      "x": 0.7209302325581395,
      "y": 0.42528735632183906
    },
    "6": {
      "x": 0.11627906976744186,
      "y": 0.4827586206896552
    },
    "7": {
      "x": 0.11627906976744186,
      "y": 0.5747126436781609
    },
    "8": {
      "x": 0.3023255813953488,
      "y": 0.5747126436781609
    },
    "9": {
      "x": 0.8372093023255814,
      "y": 0.5632183908045977
    },
    "10": {
      "x": 0.16279069767441862,
      "y": 0.6206896551724138
    },
    "11": {
      "x": 0.18604651162790697,
      "y": 0.6666666666666666
    },
    "12": {
      "x": 0.3488372093023256,
      "y": 0.6666666666666666
    },
    "13": {
      "x": 0.8837209302325582,
      "y": 0.7126436781609196
    },
    "14": {
      "x": 0.23255813953488372,
      "y": 0.735632183908046
    },
    "15": {
      "x": 0.2558139534883721,
      "y": 0.7816091954022989
    },
    "16": {
      "x": 0.3953488372093023,
      "y": 0.7816091954022989
    },
    "17": {
      "x": 0.8372093023255814,
      "y": 0.8620689655172413
    },
    "18": {
      "x": 0.37209302325581395,
      "y": 0.8620689655172413
    },
    "19": {
      "x": 0.37209302325581395,
      "y": 0.8850574712643678
    },
    "20": {
      "x": 0.4883720930232558,
      "y": 0.896551724137931
    }
  }
}