{
  "label": "like",
  "dataset": {
    "0": {
      "x": 0.07142857142857142,
      "y": 0.7752808988764045
    },
    "1": {
      "x": 0.2,
      "y": 0.5842696629213483
    },
    "2": {
      "x": 0.44285714285714284,
      "y": 0.38202247191011235
    },
    "3": {
      "x": 0.5571428571428572,
      "y": 0.2247191011235955
    },
    "4": {
      "x": 0.5857142857142857,
      "y": 0.056179775280898875
    },
    "5": {
      "x": 0.4857142857142857,
      "y": 0.449438202247191
    },
    "6": {
      "x": 0.9285714285714286,
      "y": 0.5168539325842697
    },
    "7": {
      "x": 0.8285714285714286,
      "y": 0.550561797752809
    },
    "8": {
      "x": 0.6428571428571429,
      "y": 0.5393258426966292
    },
    "9": {
      "x": 0.42857142857142855,
      "y": 0.6067415730337079
    },
    "10": {
      "x": 0.9,
      "y": 0.6853932584269663
    },
    "11": {
      "x": 0.7714285714285715,
      "y": 0.6966292134831461
    },
    "12": {
      "x": 0.5857142857142857,
      "y": 0.6741573033707865
    },
    "13": {
      "x": 0.38571428571428573,
      "y": 0.7752808988764045
    },
    "14": {
      "x": 0.8142857142857143,
      "y": 0.8202247191011236
    },
    "15": {
      "x": 0.6857142857142857,
      "y": 0.8202247191011236
    },
    "16": {
      "x": 0.5285714285714286,
      "y": 0.8089887640449438
    },
    "17": {
      "x": 0.32857142857142857,
      "y": 0.9213483146067416
    },
    "18": {
      "x": 0.6714285714285714,
      "y": 0.9438202247191011
    },
    "19": {
      "x": 0.5857142857142857,
      "y": 0.9325842696629213
    },
    "20": {
      "x": 0.45714285714285713,
      "y": 0.9213483146067416
    }
  }
}