{
  "label": "like",
  "dataset": {
    "0": {
      "x": 0.631578947368421,
      "y": 0.16129032258064516
    },
    "1": {
      "x": 0.47368421052631576,
      "y": 0.22580645161290322
    },
    "2": {
      "x": 0.3157894736842105,
      "y": 0.3225806451612903
    },
    "3": {
      "x": 0.2631578947368421,
      "y": 0.45161290322580644
    },
    "4": {
      "x": 0.2631578947368421,
      "y": 0.5483870967741935
    },
    "5": {
      "x": 0.47368421052631576,
      "y": 0.41935483870967744
    },
    "6": {
      "x": 0.47368421052631576,
      "y": 0.5806451612903226
    },
    "7": {
      "x": 0.47368421052631576,
      "y": 0.6774193548387096
    },
    "8": {
      "x": 0.5263157894736842,
      "y": 0.8064516129032258
    },
    "9": {
      "x": 0.5789473684210527,
      "y": 0.41935483870967744
    },
    "10": {
      "x": 0.5789473684210527,
      "y": 0.5806451612903226
    },
    "11": {
      "x": 0.5789473684210527,
      "y": 0.7096774193548387
    },
    "12": {
      "x": 0.5789473684210527,
      "y": 0.8387096774193549
    },
    "13": {
      "x": 0.631578947368421,
      "y": 0.45161290322580644
    },
    "14": {
      "x": 0.631578947368421,
      "y": 0.5806451612903226
    },
    "15": {
      "x": 0.631578947368421,
      "y": 0.7096774193548387
    },
    "16": {
      "x": 0.6842105263157895,
      "y": 0.8387096774193549
    },
    "17": {
      "x": 0.7368421052631579,
      "y": 0.45161290322580644
    },
    "18": {
      "x": 0.6842105263157895,
      "y": 0.5806451612903226
    },
    "19": {
      "x": 0.6842105263157895,
      "y": 0.6774193548387096
    },
    "20": {
      "x": 0.6842105263157895,
      "y": 0.7741935483870968
    }
  }
}