{
  "label": "like",
  "dataset": {
    "0": {
      "x": 0.08,
      "y": 0.7469135802469136
    },
    "1": {
      "x": 0.06666666666666667,
      "y": 0.5555555555555556
    },
    "2": {
      "x": 0.26666666666666666,
      "y": 0.35185185185185186
    },
    "3": {
      "x": 0.41333333333333333,
      "y": 0.19135802469135801
    },
    "4": {
      "x": 0.5466666666666666,
      "y": 0.030864197530864196
    },
    "5": {
      "x": 0.84,
      "y": 0.5
    },
    "6": {
      "x": 0.30666666666666664,
      "y": 0.6111111111111112
    },
    "7": {
      "x": 0.16,
      "y": 0.5925925925925926
    },
    "8": {
      "x": 0.25333333333333335,
      "y": 0.5555555555555556
    },
    "9": {
      "x": 0.9333333333333333,
      "y": 0.6481481481481481
    },
    "10": {
      "x": 0.28,
      "y": 0.7530864197530864
    },
    "11": {
      "x": 0.17333333333333334,
      "y": 0.6975308641975309
    },
    "12": {
      "x": 0.29333333333333333,
      "y": 0.6604938271604939
    },
    "13": {
      "x": 0.9066666666666666,
      "y": 0.7962962962962963
    },
    "14": {
      "x": 0.3333333333333333,
      "y": 0.8580246913580247
    },
    "15": {
      "x": 0.24,
      "y": 0.7962962962962963
    },
    "16": {
      "x": 0.36,
      "y": 0.7592592592592593
    },
    "17": {
      "x": 0.84,
      "y": 0.9135802469135802
    },
    "18": {
      "x": 0.48,
      "y": 0.9691358024691358
    },
    "19": {
      "x": 0.41333333333333333,
      "y": 0.9135802469135802
    },
    "20": {
      "x": 0.5066666666666667,
      "y": 0.8703703703703703
    }
  }
}