{
  "label": "like",
  "dataset": {
    "0": {
      "x": 0.23214285714285715,
      "y": 0.8627450980392157
    },
    "1": {
      "x": 0.5714285714285714,
      "y": 0.6568627450980392
    },
    "2": {
      "x": 0.6607142857142857,
      "y": 0.4117647058823529
    },
    "3": {
      "x": 0.5892857142857143,
      "y": 0.22549019607843138
    },
    "4": {
      "x": 0.5178571428571429,
      "y": 0.049019607843137254
    },
    "5": {
      "x": 0.4107142857142857,
      "y": 0.5098039215686274
    },
    "6": {
      "x": 0.9107142857142857,
      "y": 0.6470588235294118
    },
    "7": {
      "x": 0.8035714285714286,
      "y": 0.6764705882352942
    },
    "8": {
      "x": 0.625,
      "y": 0.6470588235294118
    },
    "9": {
      "x": 0.21428571428571427,
      "y": 0.6274509803921569
    },
    "10": {
      "x": 0.8035714285714286,
      "y": 0.7647058823529411
    },
    "11": {
      "x": 0.6785714285714286,
      "y": 0.7647058823529411
    },
    "12": {
      "x": 0.5357142857142857,
      "y": 0.7549019607843137
    },
    "13": {
      "x": 0.125,
      "y": 0.7549019607843137
    },
    "14": {
      "x": 0.6785714285714286,
      "y": 0.8725490196078431
    },
    "15": {
      "x": 0.5892857142857143,
      "y": 0.8823529411764706
    },
    "16": {
      "x": 0.44642857142857145,
      "y": 0.8627450980392157
    },
    "17": {
      "x": 0.08928571428571429,
      "y": 0.8725490196078431
    },
    "18": {
      "x": 0.5178571428571429,
      "y": 0.9509803921568627
    },
    "19": {
      "x": 0.44642857142857145,
      "y": 0.9509803921568627
    },
    "20": {
      "x": 0.30357142857142855,
      "y": 0.9411764705882353
    }
  }
}