{
  "label": "like",
  "dataset": {
    "0": {
      "x": 0.9369369369369369,
      "y": 0.96875
    },
    "1": {
      "x": 0.954954954954955,
      "y": 0.7
    },
    "2": {
      "x": 0.7747747747747747,
      "y": 0.4125
    },
    "3": {
      "x": 0.5855855855855856,
      "y": 0.20625
    },
    "4": {
      "x": 0.5765765765765766,
      "y": 0.03125
    },
    "5": {
      "x": 0.5675675675675675,
      "y": 0.40625
    },
    "6": {
      "x": 0.17117117117117117,
      "y": 0.38125
    },
    "7": {
      "x": 0.26126126126126126,
      "y": 0.4625
    },
    "8": {
      "x": 0.42342342342342343,
      "y": 0.48125
    },
    "9": {
      "x": 0.45045045045045046,
      "y": 0.54375
    },
    "10": {
      "x": 0.08108108108108109,
      "y": 0.51875
    },
    "11": {
      "x": 0.1891891891891892,
      "y": 0.58125
    },
    "12": {
      "x": 0.3333333333333333,
      "y": 0.60625
    },
    "13": {
      "x": 0.36936936936936937,
      "y": 0.7
    },
    "14": {
      "x": 0.04504504504504504,
      "y": 0.6625
    },
    "15": {
      "x": 0.15315315315315314,
      "y": 0.71875
    },
    "16": {
      "x": 0.2882882882882883,
      "y": 0.74375
    },
    "17": {
      "x": 0.3153153153153153,
      "y": 0.84375
    },
    "18": {
      "x": 0.05405405405405406,
      "y": 0.79375
    },
    "19": {
      "x": 0.16216216216216217,
      "y": 0.8375
    },
    "20": {
      "x": 0.27927927927927926,
      "y": 0.86875
    }
  }
}