{
  "label": "like",
  "dataset": {
    "0": {
      "x": 0.5081967213114754,
      "y": 0.9080459770114943
    },
    "1": {
      "x": 0.8032786885245902,
      "y": 0.7126436781609196
    },
    "2": {
      "x": 0.9016393442622951,
      "y": 0.47126436781609193
    },
    "3": {
      "x": 0.8360655737704918,
      "y": 0.26436781609195403
    },
    "4": {
      "x": 0.8032786885245902,
      "y": 0.05747126436781609
    },
    "5": {
      "x": 0.5737704918032787,
      "y": 0.42528735632183906
    },
    "6": {
      "x": 0.7213114754098361,
      "y": 0.5632183908045977
    },
    "7": {
      "x": 0.8360655737704918,
      "y": 0.6781609195402298
    },
    "8": {
      "x": 0.9180327868852459,
      "y": 0.735632183908046
    },
    "9": {
      "x": 0.36065573770491804,
      "y": 0.5517241379310345
    },
    "10": {
      "x": 0.5573770491803278,
      "y": 0.7126436781609196
    },
    "11": {
      "x": 0.7049180327868853,
      "y": 0.8160919540229885
    },
    "12": {
      "x": 0.8032786885245902,
      "y": 0.8735632183908046
    },
    "13": {
      "x": 0.19672131147540983,
      "y": 0.6781609195402298
    },
    "14": {
      "x": 0.3770491803278688,
      "y": 0.8160919540229885
    },
    "15": {
      "x": 0.5081967213114754,
      "y": 0.8850574712643678
    },
    "16": {
      "x": 0.5901639344262295,
      "y": 0.9425287356321839
    },
    "17": {
      "x": 0.08196721311475409,
      "y": 0.8045977011494253
    },
    "18": {
      "x": 0.16393442622950818,
      "y": 0.8390804597701149
    },
    "19": {
      "x": 0.2459016393442623,
      "y": 0.8850574712643678
    },
    "20": {
      "x": 0.3114754098360656,
      "y": 0.9195402298850575
    }
  }
}