{
  "label": "like",
  "dataset": {
    "0": {
      "x": 0.04950495049504951,
      "y": 0.8976377952755905
    },
    "1": {
      "x": 0.06930693069306931,
      "y": 0.6614173228346457
    },
    "2": {
      "x": 0.22772277227722773,
      "y": 0.41732283464566927
    },
    "3": {
      "x": 0.3069306930693069,
      "y": 0.2125984251968504
    },
    "4": {
      "x": 0.2871287128712871,
      "y": 0.03937007874015748
    },
    "5": {
      "x": 0.5841584158415841,
      "y": 0.4330708661417323
    },
    "6": {
      "x": 0.8811881188118812,
      "y": 0.5275590551181102
    },
    "7": {
      "x": 0.8118811881188119,
      "y": 0.5905511811023622
    },
    "8": {
      "x": 0.693069306930693,
      "y": 0.5984251968503937
    },
    "9": {
      "x": 0.6534653465346535,
      "y": 0.5826771653543307
    },
    "10": {
      "x": 0.9504950495049505,
      "y": 0.6456692913385826
    },
    "11": {
      "x": 0.8613861386138614,
      "y": 0.7007874015748031
    },
    "12": {
      "x": 0.7326732673267327,
      "y": 0.7086614173228346
    },
    "13": {
      "x": 0.693069306930693,
      "y": 0.7559055118110236
    },
    "14": {
      "x": 0.9504950495049505,
      "y": 0.8031496062992126
    },
    "15": {
      "x": 0.8415841584158416,
      "y": 0.84251968503937
    },
    "16": {
      "x": 0.7128712871287128,
      "y": 0.84251968503937
    },
    "17": {
      "x": 0.6831683168316832,
      "y": 0.9291338582677166
    },
    "18": {
      "x": 0.9207920792079208,
      "y": 0.937007874015748
    },
    "19": {
      "x": 0.8217821782178217,
      "y": 0.9606299212598425
    },
    "20": {
      "x": 0.7029702970297029,
      "y": 0.9606299212598425
    }
  }
}