{
  "label": "like",
  "dataset": {
    "0": {
      "x": 0.4931506849315068,
      "y": 0.7021276595744681
    },
    "1": {
      "x": 0.3287671232876712,
      "y": 0.5531914893617021
    },
    "2": {
      "x": 0.2054794520547945,
      "y": 0.3723404255319149
    },
    "3": {
      "x": 0.1095890410958904,
      "y": 0.2127659574468085
    },
    "4": {
      "x": 0.0684931506849315,
      "y": 0.05319148936170213
    },
    "5": {
      "x": 0.684931506849315,
      "y": 0.40425531914893614
    },
    "6": {
      "x": 0.3150684931506849,
      "y": 0.5957446808510638
    },
    "7": {
      "x": 0.3013698630136986,
      "y": 0.574468085106383
    },
    "8": {
      "x": 0.3972602739726027,
      "y": 0.5106382978723404
    },
    "9": {
      "x": 0.863013698630137,
      "y": 0.5638297872340425
    },
    "10": {
      "x": 0.3972602739726027,
      "y": 0.7446808510638298
    },
    "11": {
      "x": 0.410958904109589,
      "y": 0.7021276595744681
    },
    "12": {
      "x": 0.5342465753424658,
      "y": 0.6382978723404256
    },
    "13": {
      "x": 0.9315068493150684,
      "y": 0.723404255319149
    },
    "14": {
      "x": 0.4931506849315068,
      "y": 0.8723404255319149
    },
    "15": {
      "x": 0.5068493150684932,
      "y": 0.8191489361702128
    },
    "16": {
      "x": 0.6301369863013698,
      "y": 0.7446808510638298
    },
    "17": {
      "x": 0.9315068493150684,
      "y": 0.851063829787234
    },
    "18": {
      "x": 0.6301369863013698,
      "y": 0.9468085106382979
    },
    "19": {
      "x": 0.6164383561643836,
      "y": 0.9042553191489362
    },
    "20": {
      "x": 0.6986301369863014,
      "y": 0.8404255319148937
    }
  }
}