{
  "label": "like",
  "dataset": {
    "0": {
      "x": 0.07352941176470588,
      "y": 0.9565217391304348
    },
    "1": {
      "x": 0.23529411764705882,
      "y": 0.7043478260869566
    },
    "2": {
      "x": 0.39705882352941174,
      "y": 0.40869565217391307
    },
    "3": {
      "x": 0.39705882352941174,
      "y": 0.2
    },
    "4": {
      "x": 0.27941176470588236,
      "y": 0.043478260869565216
    },
    "5": {
      "x": 0.3088235294117647,
      "y": 0.3826086956521739
    },
    "6": {
      "x": 0.8823529411764706,
      "y": 0.4434782608695652
    },
    "7": {
      "x": 0.7794117647058824,
      "y": 0.5217391304347826
    },
    "8": {
      "x": 0.6029411764705882,
      "y": 0.5043478260869565
    },
    "9": {
      "x": 0.25,
      "y": 0.5304347826086957
    },
    "10": {
      "x": 0.9264705882352942,
      "y": 0.6
    },
    "11": {
      "x": 0.75,
      "y": 0.6608695652173913
    },
    "12": {
      "x": 0.5588235294117647,
      "y": 0.6434782608695652
    },
    "13": {
      "x": 0.25,
      "y": 0.6869565217391305
    },
    "14": {
      "x": 0.8676470588235294,
      "y": 0.7391304347826086
    },
    "15": {
      "x": 0.6911764705882353,
      "y": 0.782608695652174
    },
    "16": {
      "x": 0.5294117647058824,
      "y": 0.7652173913043478
    },
    "17": {
      "x": 0.25,
      "y": 0.8434782608695652
    },
    "18": {
      "x": 0.75,
      "y": 0.8695652173913043
    },
    "19": {
      "x": 0.6323529411764706,
      "y": 0.8782608695652174
    },
    "20": {
      "x": 0.47058823529411764,
      "y": 0.8695652173913043
    }
  }
}