{
  "label": "like",
  "dataset": {
    "0": {
      "x": 0.09259259259259259,
      "y": 0.875
    },
    "1": {
      "x": 0.12962962962962962,
      "y": 0.6
    },
    "2": {
      "x": 0.2962962962962963,
      "y": 0.375
    },
    "3": {
      "x": 0.46296296296296297,
      "y": 0.2125
    },
    "4": {
      "x": 0.48148148148148145,
      "y": 0.0625
    },
    "5": {
      "x": 0.8148148148148148,
      "y": 0.5375
    },
    "6": {
      "x": 0.8888888888888888,
      "y": 0.375
    },
    "7": {
      "x": 0.7222222222222222,
      "y": 0.375
    },
    "8": {
      "x": 0.5925925925925926,
      "y": 0.4375
    },
    "9": {
      "x": 0.9074074074074074,
      "y": 0.6875
    },
    "10": {
      "x": 0.8888888888888888,
      "y": 0.5375
    },
    "11": {
      "x": 0.7222222222222222,
      "y": 0.55
    },
    "12": {
      "x": 0.6296296296296297,
      "y": 0.6125
    },
    "13": {
      "x": 0.9074074074074074,
      "y": 0.825
    },
    "14": {
      "x": 0.8703703703703703,
      "y": 0.6875
    },
    "15": {
      "x": 0.7222222222222222,
      "y": 0.6875
    },
    "16": {
      "x": 0.6296296296296297,
      "y": 0.7375
    },
    "17": {
      "x": 0.8518518518518519,
      "y": 0.9375
    },
    "18": {
      "x": 0.8518518518518519,
      "y": 0.8375
    },
    "19": {
      "x": 0.7407407407407407,
      "y": 0.825
    },
    "20": {
      "x": 0.6666666666666666,
      "y": 0.8625
    }
  }
}