{
  "label": "like",
  "dataset": {
    "0": {
      "x": 0.425,
      "y": 0.9113924050632911
    },
    "1": {
      "x": 0.575,
      "y": 0.6582278481012658
    },
    "2": {
      "x": 0.6,
      "y": 0.4177215189873418
    },
    "3": {
      "x": 0.525,
      "y": 0.24050632911392406
    },
    "4": {
      "x": 0.45,
      "y": 0.06329113924050633
    },
    "5": {
      "x": 0.2,
      "y": 0.45569620253164556
    },
    "6": {
      "x": 0.85,
      "y": 0.46835443037974683
    },
    "7": {
      "x": 0.775,
      "y": 0.5569620253164557
    },
    "8": {
      "x": 0.55,
      "y": 0.5569620253164557
    },
    "9": {
      "x": 0.125,
      "y": 0.6075949367088608
    },
    "10": {
      "x": 0.875,
      "y": 0.620253164556962
    },
    "11": {
      "x": 0.725,
      "y": 0.6835443037974683
    },
    "12": {
      "x": 0.525,
      "y": 0.6708860759493671
    },
    "13": {
      "x": 0.175,
      "y": 0.759493670886076
    },
    "14": {
      "x": 0.825,
      "y": 0.7721518987341772
    },
    "15": {
      "x": 0.7,
      "y": 0.8227848101265823
    },
    "16": {
      "x": 0.525,
      "y": 0.810126582278481
    },
    "17": {
      "x": 0.225,
      "y": 0.9113924050632911
    },
    "18": {
      "x": 0.725,
      "y": 0.9240506329113924
    },
    "19": {
      "x": 0.625,
      "y": 0.9367088607594937
    },
    "20": {
      "x": 0.45,
      "y": 0.9367088607594937
    }
  }
}