{
  "label": "like",
  "dataset": {
    "0": {
      "x": 0.21951219512195122,
      "y": 0.8846153846153846
    },
    "1": {
      "x": 0.12195121951219512,
      "y": 0.6923076923076923
    },
    "2": {
      "x": 0.21951219512195122,
      "y": 0.4423076923076923
    },
    "3": {
      "x": 0.2926829268292683,
      "y": 0.25
    },
    "4": {
      "x": 0.2682926829268293,
      "y": 0.09615384615384616
    },
    "5": {
      "x": 0.5609756097560976,
      "y": 0.4423076923076923
    },
    "6": {
      "x": 0.7560975609756098,
      "y": 0.38461538461538464
    },
    "7": {
      "x": 0.6585365853658537,
      "y": 0.4807692307692308
    },
    "8": {
      "x": 0.5121951219512195,
      "y": 0.5576923076923077
    },
    "9": {
      "x": 0.6829268292682927,
      "y": 0.5769230769230769
    },
    "10": {
      "x": 0.8048780487804879,
      "y": 0.5576923076923077
    },
    "11": {
      "x": 0.5609756097560976,
      "y": 0.6923076923076923
    },
    "12": {
      "x": 0.3902439024390244,
      "y": 0.75
    },
    "13": {
      "x": 0.7317073170731707,
      "y": 0.7115384615384616
    },
    "14": {
      "x": 0.8536585365853658,
      "y": 0.6923076923076923
    },
    "15": {
      "x": 0.6097560975609756,
      "y": 0.7884615384615384
    },
    "16": {
      "x": 0.4146341463414634,
      "y": 0.8461538461538461
    },
    "17": {
      "x": 0.7560975609756098,
      "y": 0.8269230769230769
    },
    "18": {
      "x": 0.8780487804878049,
      "y": 0.8269230769230769
    },
    "19": {
      "x": 0.7073170731707317,
      "y": 0.8846153846153846
    },
    "20": {
      "x": 0.5609756097560976,
      "y": 0.9038461538461539
    }
  }
}