{
  "label": "like",
  "dataset": {
    "0": {
      "x": 0.15384615384615385,
      "y": 0.8468468468468469
    },
    "1": {
      "x": 0.3269230769230769,
      "y": 0.5945945945945946
    },
    "2": {
      "x": 0.40384615384615385,
      "y": 0.35135135135135137
    },
    "3": {
      "x": 0.28846153846153844,
      "y": 0.18018018018018017
    },
    "4": {
      "x": 0.11538461538461539,
      "y": 0.04504504504504504
    },
    "5": {
      "x": 0.23076923076923078,
      "y": 0.5135135135135135
    },
    "6": {
      "x": 0.9038461538461539,
      "y": 0.5315315315315315
    },
    "7": {
      "x": 0.8269230769230769,
      "y": 0.5495495495495496
    },
    "8": {
      "x": 0.5961538461538461,
      "y": 0.5225225225225225
    },
    "9": {
      "x": 0.11538461538461539,
      "y": 0.6846846846846847
    },
    "10": {
      "x": 0.8846153846153846,
      "y": 0.6936936936936937
    },
    "11": {
      "x": 0.75,
      "y": 0.6846846846846847
    },
    "12": {
      "x": 0.5384615384615384,
      "y": 0.6756756756756757
    },
    "13": {
      "x": 0.09615384615384616,
      "y": 0.8288288288288288
    },
    "14": {
      "x": 0.7884615384615384,
      "y": 0.8198198198198198
    },
    "15": {
      "x": 0.6923076923076923,
      "y": 0.8108108108108109
    },
    "16": {
      "x": 0.5384615384615384,
      "y": 0.7927927927927928
    },
    "17": {
      "x": 0.11538461538461539,
      "y": 0.954954954954955
    },
    "18": {
      "x": 0.6346153846153846,
      "y": 0.954954954954955
    },
    "19": {
      "x": 0.5769230769230769,
      "y": 0.9369369369369369
    },
    "20": {
      "x": 0.40384615384615385,
      "y": 0.918918918918919
    }
  }
}