{
  "label": "like",
  "dataset": {
    "0": {
      "x": 0.75,
      "y": 0.6419753086419753
    },
    "1": {
      "x": 0.5384615384615384,
      "y": 0.5061728395061729
    },
    "2": {
      "x": 0.36538461538461536,
      "y": 0.35802469135802467
    },
    "3": {
      "x": 0.28846153846153844,
      "y": 0.2222222222222222
    },
    "4": {
      "x": 0.25,
      "y": 0.06172839506172839
    },
    "5": {
      "x": 0.5961538461538461,
      "y": 0.43209876543209874
    },
    "6": {
      "x": 0.15384615384615385,
      "y": 0.5679012345679012
    },
    "7": {
      "x": 0.09615384615384616,
      "y": 0.5925925925925926
    },
    "8": {
      "x": 0.15384615384615385,
      "y": 0.5679012345679012
    },
    "9": {
      "x": 0.7692307692307693,
      "y": 0.5679012345679012
    },
    "10": {
      "x": 0.23076923076923078,
      "y": 0.7283950617283951
    },
    "11": {
      "x": 0.21153846153846154,
      "y": 0.7283950617283951
    },
    "12": {
      "x": 0.2692307692307692,
      "y": 0.691358024691358
    },
    "13": {
      "x": 0.8653846153846154,
      "y": 0.7160493827160493
    },
    "14": {
      "x": 0.38461538461538464,
      "y": 0.8518518518518519
    },
    "15": {
      "x": 0.34615384615384615,
      "y": 0.8518518518518519
    },
    "16": {
      "x": 0.38461538461538464,
      "y": 0.8271604938271605
    },
    "17": {
      "x": 0.9038461538461539,
      "y": 0.8395061728395061
    },
    "18": {
      "x": 0.6153846153846154,
      "y": 0.9382716049382716
    },
    "19": {
      "x": 0.5576923076923077,
      "y": 0.9382716049382716
    },
    "20": {
      "x": 0.5384615384615384,
      "y": 0.9382716049382716
    }
  }
}