{
  "label": "like",
  "dataset": {
    "0": {
      "x": 0.021551724137931036,
      "y": 0.9836601307189542
    },
    "1": {
      "x": 0.08620689655172414,
      "y": 0.6601307189542484
    },
    "2": {
      "x": 0.1724137931034483,
      "y": 0.3954248366013072
    },
    "3": {
      "x": 0.3146551724137931,
      "y": 0.17647058823529413
    },
    "4": {
      "x": 0.33620689655172414,
      "y": 0.016339869281045753
    },
    "5": {
      "x": 0.6336206896551724,
      "y": 0.4738562091503268
    },
    "6": {
      "x": 0.9396551724137931,
      "y": 0.45751633986928103
    },
    "7": {
      "x": 0.7068965517241379,
      "y": 0.5588235294117647
    },
    "8": {
      "x": 0.521551724137931,
      "y": 0.5784313725490197
    },
    "9": {
      "x": 0.7327586206896551,
      "y": 0.6372549019607843
    },
    "10": {
      "x": 0.978448275862069,
      "y": 0.630718954248366
    },
    "11": {
      "x": 0.6681034482758621,
      "y": 0.7156862745098039
    },
    "12": {
      "x": 0.5129310344827587,
      "y": 0.696078431372549
    },
    "13": {
      "x": 0.75,
      "y": 0.7973856209150327
    },
    "14": {
      "x": 0.9741379310344828,
      "y": 0.7941176470588235
    },
    "15": {
      "x": 0.6853448275862069,
      "y": 0.8464052287581699
    },
    "16": {
      "x": 0.5129310344827587,
      "y": 0.8333333333333334
    },
    "17": {
      "x": 0.6982758620689655,
      "y": 0.954248366013072
    },
    "18": {
      "x": 0.9051724137931034,
      "y": 0.9607843137254902
    },
    "19": {
      "x": 0.6853448275862069,
      "y": 0.9673202614379085
    },
    "20": {
      "x": 0.5474137931034483,
      "y": 0.9379084967320261
    }
  }
}