{
  "label": "like",
  "dataset": {
    "0": {
      "x": 0.8958333333333334,
      "y": 0.7843137254901961
    },
    "1": {
      "x": 0.7916666666666666,
      "y": 0.5686274509803921
    },
    "2": {
      "x": 0.6666666666666666,
      "y": 0.3431372549019608
    },
    "3": {
      "x": 0.6041666666666666,
      "y": 0.18627450980392157
    },
    "4": {
      "x": 0.5833333333333334,
      "y": 0.049019607843137254
    },
    "5": {
      "x": 0.875,
      "y": 0.5588235294117647
    },
    "6": {
      "x": 0.22916666666666666,
      "y": 0.5490196078431373
    },
    "7": {
      "x": 0.3125,
      "y": 0.5392156862745098
    },
    "8": {
      "x": 0.5208333333333334,
      "y": 0.5196078431372549
    },
    "9": {
      "x": 0.8541666666666666,
      "y": 0.7254901960784313
    },
    "10": {
      "x": 0.10416666666666667,
      "y": 0.7058823529411765
    },
    "11": {
      "x": 0.2708333333333333,
      "y": 0.6764705882352942
    },
    "12": {
      "x": 0.5208333333333334,
      "y": 0.6470588235294118
    },
    "13": {
      "x": 0.8333333333333334,
      "y": 0.8431372549019608
    },
    "14": {
      "x": 0.125,
      "y": 0.8333333333333334
    },
    "15": {
      "x": 0.2916666666666667,
      "y": 0.7941176470588235
    },
    "16": {
      "x": 0.5208333333333334,
      "y": 0.7745098039215687
    },
    "17": {
      "x": 0.7708333333333334,
      "y": 0.9509803921568627
    },
    "18": {
      "x": 0.20833333333333334,
      "y": 0.9313725490196079
    },
    "19": {
      "x": 0.3541666666666667,
      "y": 0.9019607843137255
    },
    "20": {
      "x": 0.6041666666666666,
      "y": 0.8823529411764706
    }
  }
}