{
  "label": "like",
  "dataset": {
    "0": {
      "x": 0.05747126436781609,
      "y": 0.7927927927927928
    },
    "1": {
      "x": 0.20689655172413793,
      "y": 0.5945945945945946
    },
    "2": {
      "x": 0.39080459770114945,
      "y": 0.3963963963963964
    },
    "3": {
      "x": 0.42528735632183906,
      "y": 0.2072072072072072
    },
    "4": {
      "x": 0.3563218390804598,
      "y": 0.04504504504504504
    },
    "5": {
      "x": 0.6781609195402298,
      "y": 0.5045045045045045
    },
    "6": {
      "x": 0.9425287356321839,
      "y": 0.5855855855855856
    },
    "7": {
      "x": 0.8390804597701149,
      "y": 0.6216216216216216
    },
    "8": {
      "x": 0.7241379310344828,
      "y": 0.6036036036036037
    },
    "9": {
      "x": 0.6551724137931034,
      "y": 0.6576576576576577
    },
    "10": {
      "x": 0.9425287356321839,
      "y": 0.7297297297297297
    },
    "11": {
      "x": 0.8275862068965517,
      "y": 0.7387387387387387
    },
    "12": {
      "x": 0.7011494252873564,
      "y": 0.7117117117117117
    },
    "13": {
      "x": 0.5977011494252874,
      "y": 0.8108108108108109
    },
    "14": {
      "x": 0.8390804597701149,
      "y": 0.8558558558558559
    },
    "15": {
      "x": 0.735632183908046,
      "y": 0.8558558558558559
    },
    "16": {
      "x": 0.6206896551724138,
      "y": 0.8378378378378378
    },
    "17": {
      "x": 0.5172413793103449,
      "y": 0.9459459459459459
    },
    "18": {
      "x": 0.7126436781609196,
      "y": 0.954954954954955
    },
    "19": {
      "x": 0.6206896551724138,
      "y": 0.9459459459459459
    },
    "20": {
      "x": 0.5287356321839081,
      "y": 0.9279279279279279
    }
  }
}