{
  "label": "like",
  "dataset": {
    "0": {
      "x": 0.30392156862745096,
      "y": 0.6779661016949152
    },
    "1": {
      "x": 0.5196078431372549,
      "y": 0.711864406779661
    },
    "2": {
      "x": 0.7156862745098039,
      "y": 0.5423728813559322
    },
    "3": {
      "x": 0.8431372549019608,
      "y": 0.3220338983050847
    },
    "4": {
      "x": 0.9509803921568627,
      "y": 0.0847457627118644
    },
    "5": {
      "x": 0.5196078431372549,
      "y": 0.3220338983050847
    },
    "6": {
      "x": 0.47058823529411764,
      "y": 0.7796610169491526
    },
    "7": {
      "x": 0.5098039215686274,
      "y": 0.8135593220338984
    },
    "8": {
      "x": 0.5490196078431373,
      "y": 0.6610169491525424
    },
    "9": {
      "x": 0.3333333333333333,
      "y": 0.288135593220339
    },
    "10": {
      "x": 0.3235294117647059,
      "y": 0.9152542372881356
    },
    "11": {
      "x": 0.39215686274509803,
      "y": 0.847457627118644
    },
    "12": {
      "x": 0.43137254901960786,
      "y": 0.6440677966101694
    },
    "13": {
      "x": 0.17647058823529413,
      "y": 0.3220338983050847
    },
    "14": {
      "x": 0.17647058823529413,
      "y": 0.8983050847457628
    },
    "15": {
      "x": 0.24509803921568626,
      "y": 0.864406779661017
    },
    "16": {
      "x": 0.27450980392156865,
      "y": 0.6610169491525424
    },
    "17": {
      "x": 0.049019607843137254,
      "y": 0.4067796610169492
    },
    "18": {
      "x": 0.049019607843137254,
      "y": 0.847457627118644
    },
    "19": {
      "x": 0.08823529411764706,
      "y": 0.8305084745762712
    },
    "20": {
      "x": 0.08823529411764706,
      "y": 0.6949152542372882
    }
  }
}