{
  "label": "like",
  "dataset": {
    "0": {
      "x": 0.14035087719298245,
      "y": 0.9484536082474226
    },
    "1": {
      "x": 0.12280701754385964,
      "y": 0.7216494845360825
    },
    "2": {
      "x": 0.21052631578947367,
      "y": 0.41237113402061853
    },
    "3": {
      "x": 0.24561403508771928,
      "y": 0.1958762886597938
    },
    "4": {
      "x": 0.08771929824561403,
      "y": 0.05154639175257732
    },
    "5": {
      "x": 0.12280701754385964,
      "y": 0.4329896907216495
    },
    "6": {
      "x": 0.7017543859649122,
      "y": 0.29896907216494845
    },
    "7": {
      "x": 0.6666666666666666,
      "y": 0.3917525773195876
    },
    "8": {
      "x": 0.5087719298245614,
      "y": 0.4536082474226804
    },
    "9": {
      "x": 0.21052631578947367,
      "y": 0.5773195876288659
    },
    "10": {
      "x": 0.8421052631578947,
      "y": 0.422680412371134
    },
    "11": {
      "x": 0.7543859649122807,
      "y": 0.5051546391752577
    },
    "12": {
      "x": 0.5614035087719298,
      "y": 0.5567010309278351
    },
    "13": {
      "x": 0.3508771929824561,
      "y": 0.711340206185567
    },
    "14": {
      "x": 0.9122807017543859,
      "y": 0.5567010309278351
    },
    "15": {
      "x": 0.7894736842105263,
      "y": 0.6185567010309279
    },
    "16": {
      "x": 0.6140350877192983,
      "y": 0.6597938144329897
    },
    "17": {
      "x": 0.49122807017543857,
      "y": 0.8350515463917526
    },
    "18": {
      "x": 0.8947368421052632,
      "y": 0.6907216494845361
    },
    "19": {
      "x": 0.7894736842105263,
      "y": 0.7422680412371134
    },
    "20": {
      "x": 0.631578947368421,
      "y": 0.7835051546391752
    }
  }
}