{
  "label": "like",
  "dataset": {
    "0": {
      "x": 0.32051282051282054,
      "y": 0.8368794326241135
    },
    "1": {
      "x": 0.5641025641025641,
      "y": 0.6666666666666666
    },
    "2": {
      "x": 0.6410256410256411,
      "y": 0.425531914893617
    },
    "3": {
      "x": 0.6153846153846154,
      "y": 0.23404255319148937
    },
    "4": {
      "x": 0.5,
      "y": 0.03546099290780142
    },
    "5": {
      "x": 0.38461538461538464,
      "y": 0.4326241134751773
    },
    "6": {
      "x": 0.9358974358974359,
      "y": 0.6312056737588653
    },
    "7": {
      "x": 0.8461538461538461,
      "y": 0.6808510638297872
    },
    "8": {
      "x": 0.6666666666666666,
      "y": 0.6524822695035462
    },
    "9": {
      "x": 0.20512820512820512,
      "y": 0.5602836879432624
    },
    "10": {
      "x": 0.8076923076923077,
      "y": 0.7659574468085106
    },
    "11": {
      "x": 0.6923076923076923,
      "y": 0.7801418439716312
    },
    "12": {
      "x": 0.5128205128205128,
      "y": 0.75177304964539
    },
    "13": {
      "x": 0.10256410256410256,
      "y": 0.7092198581560284
    },
    "14": {
      "x": 0.6666666666666666,
      "y": 0.8723404255319149
    },
    "15": {
      "x": 0.5897435897435898,
      "y": 0.8936170212765957
    },
    "16": {
      "x": 0.46153846153846156,
      "y": 0.8581560283687943
    },
    "17": {
      "x": 0.0641025641025641,
      "y": 0.851063829787234
    },
    "18": {
      "x": 0.5128205128205128,
      "y": 0.9574468085106383
    },
    "19": {
      "x": 0.46153846153846156,
      "y": 0.9645390070921985
    },
    "20": {
      "x": 0.34615384615384615,
      "y": 0.950354609929078
    }
  }
}