{
  "label": "like",
  "dataset": {
    "0": {
      "x": 0.7878787878787878,
      "y": 0.7027027027027027
    },
    "1": {
      "x": 0.8484848484848485,
      "y": 0.527027027027027
    },
    "2": {
      "x": 0.7272727272727273,
      "y": 0.35135135135135137
    },
    "3": {
      "x": 0.5757575757575758,
      "y": 0.20270270270270271
    },
    "4": {
      "x": 0.48484848484848486,
      "y": 0.06756756756756757
    },
    "5": {
      "x": 0.24242424242424243,
      "y": 0.5
    },
    "6": {
      "x": 0.8181818181818182,
      "y": 0.6081081081081081
    },
    "7": {
      "x": 0.8484848484848485,
      "y": 0.5540540540540541
    },
    "8": {
      "x": 0.7272727272727273,
      "y": 0.47297297297297297
    },
    "9": {
      "x": 0.15151515151515152,
      "y": 0.6486486486486487
    },
    "10": {
      "x": 0.8484848484848485,
      "y": 0.7432432432432432
    },
    "11": {
      "x": 0.8181818181818182,
      "y": 0.6621621621621622
    },
    "12": {
      "x": 0.6666666666666666,
      "y": 0.581081081081081
    },
    "13": {
      "x": 0.15151515151515152,
      "y": 0.7702702702702703
    },
    "14": {
      "x": 0.7878787878787878,
      "y": 0.8513513513513513
    },
    "15": {
      "x": 0.7878787878787878,
      "y": 0.7702702702702703
    },
    "16": {
      "x": 0.5757575757575758,
      "y": 0.7162162162162162
    },
    "17": {
      "x": 0.21212121212121213,
      "y": 0.8783783783783784
    },
    "18": {
      "x": 0.696969696969697,
      "y": 0.9324324324324325
    },
    "19": {
      "x": 0.696969696969697,
      "y": 0.8783783783783784
    },
    "20": {
      "x": 0.5151515151515151,
      "y": 0.8378378378378378
    }
  }
}