{
  "label": "like",
  "dataset": {
    "0": {
      "x": 0.9624060150375939,
      "y": 0.8556149732620321
    },
    "1": {
      "x": 0.9022556390977443,
      "y": 0.6096256684491979
    },
    "2": {
      "x": 0.7518796992481203,
      "y": 0.37967914438502676
    },
    "3": {
      "x": 0.7142857142857143,
      "y": 0.1925133689839572
    },
    "4": {
      "x": 0.7443609022556391,
      "y": 0.026737967914438502
    },
    "5": {
      "x": 0.49624060150375937,
      "y": 0.4919786096256685
    },
    "6": {
      "x": 0.07518796992481203,
      "y": 0.48663101604278075
    },
    "7": {
      "x": 0.21052631578947367,
      "y": 0.49732620320855614
    },
    "8": {
      "x": 0.3684210526315789,
      "y": 0.5026737967914439
    },
    "9": {
      "x": 0.45864661654135336,
      "y": 0.6684491978609626
    },
    "10": {
      "x": 0.03759398496240601,
      "y": 0.6203208556149733
    },
    "11": {
      "x": 0.18796992481203006,
      "y": 0.6256684491978609
    },
    "12": {
      "x": 0.3533834586466165,
      "y": 0.6417112299465241
    },
    "13": {
      "x": 0.44360902255639095,
      "y": 0.8288770053475936
    },
    "14": {
      "x": 0.07518796992481203,
      "y": 0.7593582887700535
    },
    "15": {
      "x": 0.20300751879699247,
      "y": 0.7593582887700535
    },
    "16": {
      "x": 0.3609022556390977,
      "y": 0.7754010695187166
    },
    "17": {
      "x": 0.45112781954887216,
      "y": 0.9732620320855615
    },
    "18": {
      "x": 0.13533834586466165,
      "y": 0.8823529411764706
    },
    "19": {
      "x": 0.23308270676691728,
      "y": 0.8770053475935828
    },
    "20": {
      "x": 0.3684210526315789,
      "y": 0.9037433155080213
    }
  }
}