{
  "label": "like",
  "dataset": {
    "0": {
      "x": 0.07462686567164178,
      "y": 0.8832116788321168
    },
    "1": {
      "x": 0.16417910447761194,
      "y": 0.656934306569343
    },
    "2": {
      "x": 0.3283582089552239,
      "y": 0.40145985401459855
    },
    "3": {
      "x": 0.40298507462686567,
      "y": 0.20437956204379562
    },
    "4": {
      "x": 0.3283582089552239,
      "y": 0.0364963503649635
    },
    "5": {
      "x": 0.1791044776119403,
      "y": 0.48175182481751827
    },
    "6": {
      "x": 0.8656716417910447,
      "y": 0.48175182481751827
    },
    "7": {
      "x": 0.746268656716418,
      "y": 0.5255474452554745
    },
    "8": {
      "x": 0.5074626865671642,
      "y": 0.5255474452554745
    },
    "9": {
      "x": 0.1791044776119403,
      "y": 0.6642335766423357
    },
    "10": {
      "x": 0.9253731343283582,
      "y": 0.635036496350365
    },
    "11": {
      "x": 0.7611940298507462,
      "y": 0.656934306569343
    },
    "12": {
      "x": 0.5671641791044776,
      "y": 0.6642335766423357
    },
    "13": {
      "x": 0.23880597014925373,
      "y": 0.8248175182481752
    },
    "14": {
      "x": 0.8955223880597015,
      "y": 0.781021897810219
    },
    "15": {
      "x": 0.7761194029850746,
      "y": 0.7883211678832117
    },
    "16": {
      "x": 0.6417910447761194,
      "y": 0.7883211678832117
    },
    "17": {
      "x": 0.31343283582089554,
      "y": 0.9635036496350365
    },
    "18": {
      "x": 0.8208955223880597,
      "y": 0.9416058394160584
    },
    "19": {
      "x": 0.8507462686567164,
      "y": 0.9124087591240876
    },
    "20": {
      "x": 0.8208955223880597,
      "y": 0.8832116788321168
    }
  }
}