{
  "label": "like",
  "dataset": {
    "0": {
      "x": 0.9,
      "y": 0.7301587301587301
    },
    "1": {
      "x": 0.8,
      "y": 0.5079365079365079
    },
    "2": {
      "x": 0.54,
      "y": 0.3333333333333333
    },
    "3": {
      "x": 0.36,
      "y": 0.20634920634920634
    },
    "4": {
      "x": 0.28,
      "y": 0.07936507936507936
    },
    "5": {
      "x": 0.3,
      "y": 0.5079365079365079
    },
    "6": {
      "x": 0.1,
      "y": 0.49206349206349204
    },
    "7": {
      "x": 0.28,
      "y": 0.5079365079365079
    },
    "8": {
      "x": 0.42,
      "y": 0.5238095238095238
    },
    "9": {
      "x": 0.3,
      "y": 0.6507936507936508
    },
    "10": {
      "x": 0.14,
      "y": 0.6349206349206349
    },
    "11": {
      "x": 0.36,
      "y": 0.6349206349206349
    },
    "12": {
      "x": 0.48,
      "y": 0.6349206349206349
    },
    "13": {
      "x": 0.32,
      "y": 0.7777777777777778
    },
    "14": {
      "x": 0.18,
      "y": 0.7619047619047619
    },
    "15": {
      "x": 0.4,
      "y": 0.7619047619047619
    },
    "16": {
      "x": 0.5,
      "y": 0.746031746031746
    },
    "17": {
      "x": 0.36,
      "y": 0.9206349206349206
    },
    "18": {
      "x": 0.22,
      "y": 0.9047619047619048
    },
    "19": {
      "x": 0.36,
      "y": 0.873015873015873
    },
    "20": {
      "x": 0.46,
      "y": 0.8571428571428571
    }
  }
}