{
  "label": "like",
  "dataset": {
    "0": {
      "x": 0.9618320610687023,
      "y": 0.6482758620689655
    },
    "1": {
      "x": 0.732824427480916,
      "y": 0.4206896551724138
    },
    "2": {
      "x": 0.5267175572519084,
      "y": 0.2896551724137931
    },
    "3": {
      "x": 0.3282442748091603,
      "y": 0.15862068965517243
    },
    "4": {
      "x": 0.22137404580152673,
      "y": 0.034482758620689655
    },
    "5": {
      "x": 0.2595419847328244,
      "y": 0.5172413793103449
    },
    "6": {
      "x": 0.03816793893129771,
      "y": 0.5172413793103449
    },
    "7": {
      "x": 0.15267175572519084,
      "y": 0.4827586206896552
    },
    "8": {
      "x": 0.26717557251908397,
      "y": 0.4689655172413793
    },
    "9": {
      "x": 0.29770992366412213,
      "y": 0.696551724137931
    },
    "10": {
      "x": 0.09923664122137404,
      "y": 0.6689655172413793
    },
    "11": {
      "x": 0.19083969465648856,
      "y": 0.6206896551724138
    },
    "12": {
      "x": 0.29770992366412213,
      "y": 0.6068965517241379
    },
    "13": {
      "x": 0.37404580152671757,
      "y": 0.8482758620689655
    },
    "14": {
      "x": 0.21374045801526717,
      "y": 0.8068965517241379
    },
    "15": {
      "x": 0.2824427480916031,
      "y": 0.7655172413793103
    },
    "16": {
      "x": 0.3893129770992366,
      "y": 0.7448275862068966
    },
    "17": {
      "x": 0.4580152671755725,
      "y": 0.9655172413793104
    },
    "18": {
      "x": 0.33587786259541985,
      "y": 0.9241379310344827
    },
    "19": {
      "x": 0.3969465648854962,
      "y": 0.8758620689655172
    },
    "20": {
      "x": 0.4732824427480916,
      "y": 0.8551724137931035
    }
  }
}