{
  "label": "like",
  "dataset": {
    "0": {
      "x": 0.42857142857142855,
      "y": 0.7580645161290323
    },
    "1": {
      "x": 0.6103896103896104,
      "y": 0.6612903225806451
    },
    "2": {
      "x": 0.7402597402597403,
      "y": 0.46774193548387094
    },
    "3": {
      "x": 0.8441558441558441,
      "y": 0.27419354838709675
    },
    "4": {
      "x": 0.935064935064935,
      "y": 0.08064516129032258
    },
    "5": {
      "x": 0.4675324675324675,
      "y": 0.3709677419354839
    },
    "6": {
      "x": 0.5064935064935064,
      "y": 0.7258064516129032
    },
    "7": {
      "x": 0.5584415584415584,
      "y": 0.7096774193548387
    },
    "8": {
      "x": 0.5714285714285714,
      "y": 0.5967741935483871
    },
    "9": {
      "x": 0.2987012987012987,
      "y": 0.43548387096774194
    },
    "10": {
      "x": 0.38961038961038963,
      "y": 0.8709677419354839
    },
    "11": {
      "x": 0.44155844155844154,
      "y": 0.8064516129032258
    },
    "12": {
      "x": 0.44155844155844154,
      "y": 0.6774193548387096
    },
    "13": {
      "x": 0.16883116883116883,
      "y": 0.532258064516129
    },
    "14": {
      "x": 0.2597402597402597,
      "y": 0.9193548387096774
    },
    "15": {
      "x": 0.2857142857142857,
      "y": 0.8548387096774194
    },
    "16": {
      "x": 0.2727272727272727,
      "y": 0.7258064516129032
    },
    "17": {
      "x": 0.06493506493506493,
      "y": 0.6451612903225806
    },
    "18": {
      "x": 0.12987012987012986,
      "y": 0.9193548387096774
    },
    "19": {
      "x": 0.15584415584415584,
      "y": 0.8709677419354839
    },
    "20": {
      "x": 0.14285714285714285,
      "y": 0.7580645161290323
    }
  }
}