{
  "label": "like",
  "dataset": {
    "0": {
      "x": 0.8979591836734694,
      "y": 0.9732620320855615
    },
    "1": {
      "x": 0.9659863945578231,
      "y": 0.7058823529411765
    },
    "2": {
      "x": 0.7619047619047619,
      "y": 0.41711229946524064
    },
    "3": {
      "x": 0.5510204081632653,
      "y": 0.20855614973262032
    },
    "4": {
      "x": 0.5170068027210885,
      "y": 0.026737967914438502
    },
    "5": {
      "x": 0.36054421768707484,
      "y": 0.47593582887700536
    },
    "6": {
      "x": 0.11564625850340136,
      "y": 0.3850267379679144
    },
    "7": {
      "x": 0.3877551020408163,
      "y": 0.48663101604278075
    },
    "8": {
      "x": 0.5238095238095238,
      "y": 0.5294117647058824
    },
    "9": {
      "x": 0.2789115646258503,
      "y": 0.6363636363636364
    },
    "10": {
      "x": 0.05442176870748299,
      "y": 0.5614973262032086
    },
    "11": {
      "x": 0.4013605442176871,
      "y": 0.6577540106951871
    },
    "12": {
      "x": 0.4965986394557823,
      "y": 0.6577540106951871
    },
    "13": {
      "x": 0.23129251700680273,
      "y": 0.7967914438502673
    },
    "14": {
      "x": 0.034013605442176874,
      "y": 0.7379679144385026
    },
    "15": {
      "x": 0.3673469387755102,
      "y": 0.8074866310160428
    },
    "16": {
      "x": 0.46938775510204084,
      "y": 0.8074866310160428
    },
    "17": {
      "x": 0.19727891156462585,
      "y": 0.9572192513368984
    },
    "18": {
      "x": 0.034013605442176874,
      "y": 0.9090909090909091
    },
    "19": {
      "x": 0.272108843537415,
      "y": 0.9411764705882353
    },
    "20": {
      "x": 0.3877551020408163,
      "y": 0.9411764705882353
    }
  }
}