{
  "label": "like",
  "dataset": {
    "0": {
      "x": 0.7368421052631579,
      "y": 0.8472222222222222
    },
    "1": {
      "x": 0.8947368421052632,
      "y": 0.6944444444444444
    },
    "2": {
      "x": 0.8947368421052632,
      "y": 0.4444444444444444
    },
    "3": {
      "x": 0.8596491228070176,
      "y": 0.25
    },
    "4": {
      "x": 0.9122807017543859,
      "y": 0.06944444444444445
    },
    "5": {
      "x": 0.43859649122807015,
      "y": 0.4027777777777778
    },
    "6": {
      "x": 0.49122807017543857,
      "y": 0.6111111111111112
    },
    "7": {
      "x": 0.6491228070175439,
      "y": 0.6944444444444444
    },
    "8": {
      "x": 0.7543859649122807,
      "y": 0.6666666666666666
    },
    "9": {
      "x": 0.24561403508771928,
      "y": 0.5
    },
    "10": {
      "x": 0.3508771929824561,
      "y": 0.7361111111111112
    },
    "11": {
      "x": 0.5614035087719298,
      "y": 0.7916666666666666
    },
    "12": {
      "x": 0.6666666666666666,
      "y": 0.7638888888888888
    },
    "13": {
      "x": 0.14035087719298245,
      "y": 0.625
    },
    "14": {
      "x": 0.22807017543859648,
      "y": 0.8194444444444444
    },
    "15": {
      "x": 0.42105263157894735,
      "y": 0.875
    },
    "16": {
      "x": 0.543859649122807,
      "y": 0.8333333333333334
    },
    "17": {
      "x": 0.08771929824561403,
      "y": 0.75
    },
    "18": {
      "x": 0.08771929824561403,
      "y": 0.875
    },
    "19": {
      "x": 0.2631578947368421,
      "y": 0.9305555555555556
    },
    "20": {
      "x": 0.40350877192982454,
      "y": 0.9305555555555556
    }
  }
}