{
  "label": "like",
  "dataset": {
    "0": {
      "x": 0.1111111111111111,
      "y": 0.8571428571428571
    },
    "1": {
      "x": 0.2,
      "y": 0.625
    },
    "2": {
      "x": 0.35555555555555557,
      "y": 0.39285714285714285
    },
    "3": {
      "x": 0.4222222222222222,
      "y": 0.23214285714285715
    },
    "4": {
      "x": 0.4,
      "y": 0.08928571428571429
    },
    "5": {
      "x": 0.5111111111111111,
      "y": 0.44642857142857145
    },
    "6": {
      "x": 0.8666666666666667,
      "y": 0.44642857142857145
    },
    "7": {
      "x": 0.7777777777777778,
      "y": 0.48214285714285715
    },
    "8": {
      "x": 0.6222222222222222,
      "y": 0.5
    },
    "9": {
      "x": 0.5555555555555556,
      "y": 0.6071428571428571
    },
    "10": {
      "x": 0.8888888888888888,
      "y": 0.5892857142857143
    },
    "11": {
      "x": 0.7777777777777778,
      "y": 0.625
    },
    "12": {
      "x": 0.6444444444444445,
      "y": 0.625
    },
    "13": {
      "x": 0.5777777777777777,
      "y": 0.75
    },
    "14": {
      "x": 0.8888888888888888,
      "y": 0.7321428571428571
    },
    "15": {
      "x": 0.7777777777777778,
      "y": 0.75
    },
    "16": {
      "x": 0.6444444444444445,
      "y": 0.7678571428571429
    },
    "17": {
      "x": 0.5777777777777777,
      "y": 0.9107142857142857
    },
    "18": {
      "x": 0.8222222222222222,
      "y": 0.8571428571428571
    },
    "19": {
      "x": 0.7333333333333333,
      "y": 0.875
    },
    "20": {
      "x": 0.6222222222222222,
      "y": 0.8928571428571429
    }
  }
}