{
  "label": "like",
  "dataset": {
    "0": {
      "x": 0.9647887323943662,
      "y": 0.8902439024390244
    },
    "1": {
      "x": 0.8450704225352113,
      "y": 0.6341463414634146
    },
    "2": {
      "x": 0.6126760563380281,
      "y": 0.40853658536585363
    },
    "3": {
      "x": 0.45774647887323944,
      "y": 0.21341463414634146
    },
    "4": {
      "x": 0.4295774647887324,
      "y": 0.03048780487804878
    },
    "5": {
      "x": 0.38028169014084506,
      "y": 0.4329268292682927
    },
    "6": {
      "x": 0.035211267605633804,
      "y": 0.524390243902439
    },
    "7": {
      "x": 0.14084507042253522,
      "y": 0.5853658536585366
    },
    "8": {
      "x": 0.2746478873239437,
      "y": 0.573170731707317
    },
    "9": {
      "x": 0.36619718309859156,
      "y": 0.5853658536585366
    },
    "10": {
      "x": 0.04225352112676056,
      "y": 0.6890243902439024
    },
    "11": {
      "x": 0.1619718309859155,
      "y": 0.7317073170731707
    },
    "12": {
      "x": 0.2887323943661972,
      "y": 0.7134146341463414
    },
    "13": {
      "x": 0.38028169014084506,
      "y": 0.75
    },
    "14": {
      "x": 0.11971830985915492,
      "y": 0.8353658536585366
    },
    "15": {
      "x": 0.23943661971830985,
      "y": 0.8597560975609756
    },
    "16": {
      "x": 0.352112676056338,
      "y": 0.8292682926829268
    },
    "17": {
      "x": 0.4084507042253521,
      "y": 0.9085365853658537
    },
    "18": {
      "x": 0.18309859154929578,
      "y": 0.9573170731707317
    },
    "19": {
      "x": 0.29577464788732394,
      "y": 0.9695121951219512
    },
    "20": {
      "x": 0.4084507042253521,
      "y": 0.9512195121951219
    }
  }
}