{
  "label": "like",
  "dataset": {
    "0": {
      "x": 0.891566265060241,
      "y": 0.8582677165354331
    },
    "1": {
      "x": 0.9397590361445783,
      "y": 0.6456692913385826
    },
    "2": {
      "x": 0.8192771084337349,
      "y": 0.4015748031496063
    },
    "3": {
      "x": 0.7228915662650602,
      "y": 0.2047244094488189
    },
    "4": {
      "x": 0.7469879518072289,
      "y": 0.03937007874015748
    },
    "5": {
      "x": 0.26506024096385544,
      "y": 0.4645669291338583
    },
    "6": {
      "x": 0.46987951807228917,
      "y": 0.5984251968503937
    },
    "7": {
      "x": 0.6626506024096386,
      "y": 0.6535433070866141
    },
    "8": {
      "x": 0.7228915662650602,
      "y": 0.6299212598425197
    },
    "9": {
      "x": 0.12048192771084337,
      "y": 0.5984251968503937
    },
    "10": {
      "x": 0.39759036144578314,
      "y": 0.7559055118110236
    },
    "11": {
      "x": 0.6265060240963856,
      "y": 0.7716535433070866
    },
    "12": {
      "x": 0.6867469879518072,
      "y": 0.7244094488188977
    },
    "13": {
      "x": 0.07228915662650602,
      "y": 0.7322834645669292
    },
    "14": {
      "x": 0.3253012048192771,
      "y": 0.8740157480314961
    },
    "15": {
      "x": 0.5421686746987951,
      "y": 0.8661417322834646
    },
    "16": {
      "x": 0.6024096385542169,
      "y": 0.8031496062992126
    },
    "17": {
      "x": 0.060240963855421686,
      "y": 0.8582677165354331
    },
    "18": {
      "x": 0.21686746987951808,
      "y": 0.9606299212598425
    },
    "19": {
      "x": 0.39759036144578314,
      "y": 0.952755905511811
    },
    "20": {
      "x": 0.4819277108433735,
      "y": 0.905511811023622
    }
  }
}