{
  "label": "like",
  "dataset": {
    "0": {
      "x": 0.90625,
      "y": 0.46808510638297873
    },
    "1": {
      "x": 0.5625,
      "y": 0.3617021276595745
    },
    "2": {
      "x": 0.28125,
      "y": 0.2872340425531915
    },
    "3": {
      "x": 0.125,
      "y": 0.20212765957446807
    },
    "4": {
      "x": 0.078125,
      "y": 0.05319148936170213
    },
    "5": {
      "x": 0.5625,
      "y": 0.44680851063829785
    },
    "6": {
      "x": 0.1875,
      "y": 0.5957446808510638
    },
    "7": {
      "x": 0.21875,
      "y": 0.5531914893617021
    },
    "8": {
      "x": 0.328125,
      "y": 0.5
    },
    "9": {
      "x": 0.75,
      "y": 0.5957446808510638
    },
    "10": {
      "x": 0.28125,
      "y": 0.7553191489361702
    },
    "11": {
      "x": 0.328125,
      "y": 0.6914893617021277
    },
    "12": {
      "x": 0.4375,
      "y": 0.6382978723404256
    },
    "13": {
      "x": 0.859375,
      "y": 0.723404255319149
    },
    "14": {
      "x": 0.421875,
      "y": 0.8617021276595744
    },
    "15": {
      "x": 0.4375,
      "y": 0.8085106382978723
    },
    "16": {
      "x": 0.53125,
      "y": 0.7553191489361702
    },
    "17": {
      "x": 0.921875,
      "y": 0.8191489361702128
    },
    "18": {
      "x": 0.59375,
      "y": 0.9468085106382979
    },
    "19": {
      "x": 0.578125,
      "y": 0.9148936170212766
    },
    "20": {
      "x": 0.640625,
      "y": 0.8723404255319149
    }
  }
}