{
  "label": "like",
  "dataset": {
    "0": {
      "x": 0.3125,
      "y": 0.9517241379310345
    },
    "1": {
      "x": 0.53125,
      "y": 0.7103448275862069
    },
    "2": {
      "x": 0.609375,
      "y": 0.42758620689655175
    },
    "3": {
      "x": 0.609375,
      "y": 0.2206896551724138
    },
    "4": {
      "x": 0.546875,
      "y": 0.034482758620689655
    },
    "5": {
      "x": 0.234375,
      "y": 0.4689655172413793
    },
    "6": {
      "x": 0.921875,
      "y": 0.5103448275862069
    },
    "7": {
      "x": 0.84375,
      "y": 0.5724137931034483
    },
    "8": {
      "x": 0.59375,
      "y": 0.5793103448275863
    },
    "9": {
      "x": 0.09375,
      "y": 0.6413793103448275
    },
    "10": {
      "x": 0.890625,
      "y": 0.6896551724137931
    },
    "11": {
      "x": 0.75,
      "y": 0.7310344827586207
    },
    "12": {
      "x": 0.5,
      "y": 0.7310344827586207
    },
    "13": {
      "x": 0.078125,
      "y": 0.8137931034482758
    },
    "14": {
      "x": 0.84375,
      "y": 0.8413793103448276
    },
    "15": {
      "x": 0.6875,
      "y": 0.8689655172413793
    },
    "16": {
      "x": 0.46875,
      "y": 0.8551724137931035
    },
    "17": {
      "x": 0.109375,
      "y": 0.9655172413793104
    },
    "18": {
      "x": 0.703125,
      "y": 0.9586206896551724
    },
    "19": {
      "x": 0.609375,
      "y": 0.9655172413793104
    },
    "20": {
      "x": 0.421875,
      "y": 0.9655172413793104
    }
  }
}