{
  "label": "like",
  "dataset": {
    "0": {
      "x": 0.04807692307692308,
      "y": 0.6341463414634146
    },
    "1": {
      "x": 0.2692307692307692,
      "y": 0.4715447154471545
    },
    "2": {
      "x": 0.5769230769230769,
      "y": 0.3252032520325203
    },
    "3": {
      "x": 0.7403846153846154,
      "y": 0.18699186991869918
    },
    "4": {
      "x": 0.7884615384615384,
      "y": 0.04065040650406504
    },
    "5": {
      "x": 0.6442307692307693,
      "y": 0.42276422764227645
    },
    "6": {
      "x": 0.9519230769230769,
      "y": 0.6097560975609756
    },
    "7": {
      "x": 0.8365384615384616,
      "y": 0.6016260162601627
    },
    "8": {
      "x": 0.7211538461538461,
      "y": 0.5365853658536586
    },
    "9": {
      "x": 0.5673076923076923,
      "y": 0.5853658536585366
    },
    "10": {
      "x": 0.9038461538461539,
      "y": 0.7560975609756098
    },
    "11": {
      "x": 0.7884615384615384,
      "y": 0.7235772357723578
    },
    "12": {
      "x": 0.6634615384615384,
      "y": 0.6666666666666666
    },
    "13": {
      "x": 0.49038461538461536,
      "y": 0.7479674796747967
    },
    "14": {
      "x": 0.7980769230769231,
      "y": 0.8699186991869918
    },
    "15": {
      "x": 0.6923076923076923,
      "y": 0.8373983739837398
    },
    "16": {
      "x": 0.5673076923076923,
      "y": 0.7886178861788617
    },
    "17": {
      "x": 0.41346153846153844,
      "y": 0.8861788617886179
    },
    "18": {
      "x": 0.6826923076923077,
      "y": 0.959349593495935
    },
    "19": {
      "x": 0.5961538461538461,
      "y": 0.926829268292683
    },
    "20": {
      "x": 0.4807692307692308,
      "y": 0.8943089430894309
    }
  }
}