{
  "label": "like",
  "dataset": {
    "0": {
      "x": 0.5666666666666667,
      "y": 0.9375
    },
    "1": {
      "x": 0.2833333333333333,
      "y": 0.725
    },
    "2": {
      "x": 0.16666666666666666,
      "y": 0.45
    },
    "3": {
      "x": 0.13333333333333333,
      "y": 0.2375
    },
    "4": {
      "x": 0.08333333333333333,
      "y": 0.0625
    },
    "5": {
      "x": 0.6166666666666667,
      "y": 0.375
    },
    "6": {
      "x": 0.3333333333333333,
      "y": 0.5375
    },
    "7": {
      "x": 0.35,
      "y": 0.6125
    },
    "8": {
      "x": 0.43333333333333335,
      "y": 0.5625
    },
    "9": {
      "x": 0.7833333333333333,
      "y": 0.475
    },
    "10": {
      "x": 0.45,
      "y": 0.6625
    },
    "11": {
      "x": 0.4666666666666667,
      "y": 0.675
    },
    "12": {
      "x": 0.5333333333333333,
      "y": 0.625
    },
    "13": {
      "x": 0.8833333333333333,
      "y": 0.6125
    },
    "14": {
      "x": 0.55,
      "y": 0.7625
    },
    "15": {
      "x": 0.55,
      "y": 0.7625
    },
    "16": {
      "x": 0.6166666666666667,
      "y": 0.725
    },
    "17": {
      "x": 0.9166666666666666,
      "y": 0.75
    },
    "18": {
      "x": 0.6666666666666666,
      "y": 0.8625
    },
    "19": {
      "x": 0.6666666666666666,
      "y": 0.85
    },
    "20": {
      "x": 0.75,
      "y": 0.8125
    }
  }
}