{
  "label": "like",
  "dataset": {
    "0": {
      "x": 0.9519230769230769,
      "y": 0.7103448275862069
    },
    "1": {
      "x": 0.7403846153846154,
      "y": 0.47586206896551725
    },
    "2": {
      "x": 0.4807692307692308,
      "y": 0.32413793103448274
    },
    "3": {
      "x": 0.25,
      "y": 0.19310344827586207
    },
    "4": {
      "x": 0.17307692307692307,
      "y": 0.034482758620689655
    },
    "5": {
      "x": 0.0673076923076923,
      "y": 0.5172413793103449
    },
    "6": {
      "x": 0.04807692307692308,
      "y": 0.4689655172413793
    },
    "7": {
      "x": 0.21153846153846154,
      "y": 0.47586206896551725
    },
    "8": {
      "x": 0.3076923076923077,
      "y": 0.4896551724137931
    },
    "9": {
      "x": 0.0673076923076923,
      "y": 0.6896551724137931
    },
    "10": {
      "x": 0.10576923076923077,
      "y": 0.6206896551724138
    },
    "11": {
      "x": 0.25,
      "y": 0.6068965517241379
    },
    "12": {
      "x": 0.33653846153846156,
      "y": 0.6206896551724138
    },
    "13": {
      "x": 0.14423076923076922,
      "y": 0.8413793103448276
    },
    "14": {
      "x": 0.16346153846153846,
      "y": 0.7517241379310344
    },
    "15": {
      "x": 0.28846153846153844,
      "y": 0.7310344827586207
    },
    "16": {
      "x": 0.3942307692307692,
      "y": 0.7448275862068966
    },
    "17": {
      "x": 0.23076923076923078,
      "y": 0.9655172413793104
    },
    "18": {
      "x": 0.23076923076923078,
      "y": 0.8827586206896552
    },
    "19": {
      "x": 0.33653846153846156,
      "y": 0.8551724137931035
    },
    "20": {
      "x": 0.4230769230769231,
      "y": 0.8551724137931035
    }
  }
}