{
  "label": "like",
  "dataset": {
    "0": {
      "x": 0.2222222222222222,
      "y": 0.58
    },
    "1": {
      "x": 0.4722222222222222,
      "y": 0.44
    },
    "2": {
      "x": 0.6944444444444444,
      "y": 0.34
    },
    "3": {
      "x": 0.7777777777777778,
      "y": 0.24
    },
    "4": {
      "x": 0.8333333333333334,
      "y": 0.1
    },
    "5": {
      "x": 0.5277777777777778,
      "y": 0.36
    },
    "6": {
      "x": 0.8611111111111112,
      "y": 0.58
    },
    "7": {
      "x": 0.8333333333333334,
      "y": 0.58
    },
    "8": {
      "x": 0.7222222222222222,
      "y": 0.52
    },
    "9": {
      "x": 0.3611111111111111,
      "y": 0.46
    },
    "10": {
      "x": 0.75,
      "y": 0.74
    },
    "11": {
      "x": 0.6666666666666666,
      "y": 0.7
    },
    "12": {
      "x": 0.5833333333333334,
      "y": 0.62
    },
    "13": {
      "x": 0.2222222222222222,
      "y": 0.6
    },
    "14": {
      "x": 0.5833333333333334,
      "y": 0.82
    },
    "15": {
      "x": 0.5277777777777778,
      "y": 0.78
    },
    "16": {
      "x": 0.4166666666666667,
      "y": 0.7
    },
    "17": {
      "x": 0.1388888888888889,
      "y": 0.72
    },
    "18": {
      "x": 0.3888888888888889,
      "y": 0.9
    },
    "19": {
      "x": 0.3611111111111111,
      "y": 0.86
    },
    "20": {
      "x": 0.25,
      "y": 0.8
    }
  }
}