{
  "label": "like",
  "dataset": {
    "0": {
      "x": 0.7203389830508474,
      "y": 0.6153846153846154
    },
    "1": {
      "x": 0.9576271186440678,
      "y": 0.3986013986013986
    },
    "2": {
      "x": 0.9152542372881356,
      "y": 0.24475524475524477
    },
    "3": {
      "x": 0.8050847457627118,
      "y": 0.11188811188811189
    },
    "4": {
      "x": 0.6949152542372882,
      "y": 0.017482517482517484
    },
    "5": {
      "x": 0.3474576271186441,
      "y": 0.45104895104895104
    },
    "6": {
      "x": 0.09322033898305085,
      "y": 0.44405594405594406
    },
    "7": {
      "x": 0.3559322033898305,
      "y": 0.5104895104895105
    },
    "8": {
      "x": 0.6440677966101694,
      "y": 0.5629370629370629
    },
    "9": {
      "x": 0.288135593220339,
      "y": 0.6398601398601399
    },
    "10": {
      "x": 0.059322033898305086,
      "y": 0.6783216783216783
    },
    "11": {
      "x": 0.4661016949152542,
      "y": 0.7167832167832168
    },
    "12": {
      "x": 0.8135593220338984,
      "y": 0.7412587412587412
    },
    "13": {
      "x": 0.288135593220339,
      "y": 0.8146853146853147
    },
    "14": {
      "x": 0.0423728813559322,
      "y": 0.8321678321678322
    },
    "15": {
      "x": 0.4152542372881356,
      "y": 0.8426573426573427
    },
    "16": {
      "x": 0.7372881355932204,
      "y": 0.8531468531468531
    },
    "17": {
      "x": 0.3305084745762712,
      "y": 0.951048951048951
    },
    "18": {
      "x": 0.1440677966101695,
      "y": 0.9790209790209791
    },
    "19": {
      "x": 0.3728813559322034,
      "y": 0.9825174825174825
    },
    "20": {
      "x": 0.6440677966101694,
      "y": 0.9685314685314685
    }
  }
}