{
  "label": "like",
  "dataset": {
    "0": {
      "x": 0.9315068493150684,
      "y": 0.9166666666666666
    },
    "1": {
      "x": 0.8493150684931506,
      "y": 0.6979166666666666
    },
    "2": {
      "x": 0.6986301369863014,
      "y": 0.4375
    },
    "3": {
      "x": 0.6438356164383562,
      "y": 0.22916666666666666
    },
    "4": {
      "x": 0.6712328767123288,
      "y": 0.052083333333333336
    },
    "5": {
      "x": 0.547945205479452,
      "y": 0.4479166666666667
    },
    "6": {
      "x": 0.0684931506849315,
      "y": 0.46875
    },
    "7": {
      "x": 0.1506849315068493,
      "y": 0.53125
    },
    "8": {
      "x": 0.3013698630136986,
      "y": 0.5208333333333334
    },
    "9": {
      "x": 0.547945205479452,
      "y": 0.6145833333333334
    },
    "10": {
      "x": 0.0684931506849315,
      "y": 0.625
    },
    "11": {
      "x": 0.1780821917808219,
      "y": 0.6666666666666666
    },
    "12": {
      "x": 0.3150684931506849,
      "y": 0.6666666666666666
    },
    "13": {
      "x": 0.5616438356164384,
      "y": 0.78125
    },
    "14": {
      "x": 0.136986301369863,
      "y": 0.7708333333333334
    },
    "15": {
      "x": 0.2054794520547945,
      "y": 0.7916666666666666
    },
    "16": {
      "x": 0.3424657534246575,
      "y": 0.7916666666666666
    },
    "17": {
      "x": 0.5753424657534246,
      "y": 0.9479166666666666
    },
    "18": {
      "x": 0.2465753424657534,
      "y": 0.9270833333333334
    },
    "19": {
      "x": 0.2876712328767123,
      "y": 0.9270833333333334
    },
    "20": {
      "x": 0.3835616438356164,
      "y": 0.9166666666666666
    }
  }
}