{
  "label": "like",
  "dataset": {
    "0": {
      "x": 0.23076923076923078,
      "y": 0.8641975308641975
    },
    "1": {
      "x": 0.07692307692307693,
      "y": 0.6790123456790124
    },
    "2": {
      "x": 0.12307692307692308,
      "y": 0.41975308641975306
    },
    "3": {
      "x": 0.24615384615384617,
      "y": 0.2345679012345679
    },
    "4": {
      "x": 0.3076923076923077,
      "y": 0.06172839506172839
    },
    "5": {
      "x": 0.6153846153846154,
      "y": 0.35802469135802467
    },
    "6": {
      "x": 0.5538461538461539,
      "y": 0.5185185185185185
    },
    "7": {
      "x": 0.38461538461538464,
      "y": 0.6172839506172839
    },
    "8": {
      "x": 0.35384615384615387,
      "y": 0.5925925925925926
    },
    "9": {
      "x": 0.7846153846153846,
      "y": 0.48148148148148145
    },
    "10": {
      "x": 0.6615384615384615,
      "y": 0.6666666666666666
    },
    "11": {
      "x": 0.46153846153846156,
      "y": 0.7530864197530864
    },
    "12": {
      "x": 0.4461538461538462,
      "y": 0.7037037037037037
    },
    "13": {
      "x": 0.8923076923076924,
      "y": 0.6296296296296297
    },
    "14": {
      "x": 0.7538461538461538,
      "y": 0.8148148148148148
    },
    "15": {
      "x": 0.5538461538461539,
      "y": 0.8518518518518519
    },
    "16": {
      "x": 0.5384615384615384,
      "y": 0.7901234567901234
    },
    "17": {
      "x": 0.9230769230769231,
      "y": 0.7777777777777778
    },
    "18": {
      "x": 0.8461538461538461,
      "y": 0.9012345679012346
    },
    "19": {
      "x": 0.6923076923076923,
      "y": 0.9382716049382716
    },
    "20": {
      "x": 0.6615384615384615,
      "y": 0.8888888888888888
    }
  }
}