{
  "label": "like",
  "dataset": {
    "0": {
      "x": 0.34210526315789475,
      "y": 0.8452380952380952
    },
    "1": {
      "x": 0.5526315789473685,
      "y": 0.6309523809523809
    },
    "2": {
      "x": 0.6842105263157895,
      "y": 0.40476190476190477
    },
    "3": {
      "x": 0.7105263157894737,
      "y": 0.2261904761904762
    },
    "4": {
      "x": 0.7105263157894737,
      "y": 0.05952380952380952
    },
    "5": {
      "x": 0.3157894736842105,
      "y": 0.5
    },
    "6": {
      "x": 0.868421052631579,
      "y": 0.5595238095238095
    },
    "7": {
      "x": 0.7631578947368421,
      "y": 0.5833333333333334
    },
    "8": {
      "x": 0.5526315789473685,
      "y": 0.5476190476190477
    },
    "9": {
      "x": 0.18421052631578946,
      "y": 0.6428571428571429
    },
    "10": {
      "x": 0.8157894736842105,
      "y": 0.7261904761904762
    },
    "11": {
      "x": 0.6842105263157895,
      "y": 0.7142857142857143
    },
    "12": {
      "x": 0.47368421052631576,
      "y": 0.6904761904761905
    },
    "13": {
      "x": 0.13157894736842105,
      "y": 0.7857142857142857
    },
    "14": {
      "x": 0.7105263157894737,
      "y": 0.8452380952380952
    },
    "15": {
      "x": 0.6052631578947368,
      "y": 0.8333333333333334
    },
    "16": {
      "x": 0.42105263157894735,
      "y": 0.8095238095238095
    },
    "17": {
      "x": 0.15789473684210525,
      "y": 0.9047619047619048
    },
    "18": {
      "x": 0.5789473684210527,
      "y": 0.9404761904761905
    },
    "19": {
      "x": 0.47368421052631576,
      "y": 0.9404761904761905
    },
    "20": {
      "x": 0.3157894736842105,
      "y": 0.9285714285714286
    }
  }
}