{
  "label": "like",
  "dataset": {
    "0": {
      "x": 0.875,
      "y": 0.8141592920353983
    },
    "1": {
      "x": 0.921875,
      "y": 0.6017699115044248
    },
    "2": {
      "x": 0.78125,
      "y": 0.3805309734513274
    },
    "3": {
      "x": 0.65625,
      "y": 0.21238938053097345
    },
    "4": {
      "x": 0.578125,
      "y": 0.04424778761061947
    },
    "5": {
      "x": 0.125,
      "y": 0.49557522123893805
    },
    "6": {
      "x": 0.5625,
      "y": 0.5221238938053098
    },
    "7": {
      "x": 0.8125,
      "y": 0.5663716814159292
    },
    "8": {
      "x": 0.828125,
      "y": 0.5752212389380531
    },
    "9": {
      "x": 0.078125,
      "y": 0.672566371681416
    },
    "10": {
      "x": 0.609375,
      "y": 0.6814159292035398
    },
    "11": {
      "x": 0.8125,
      "y": 0.6814159292035398
    },
    "12": {
      "x": 0.8125,
      "y": 0.672566371681416
    },
    "13": {
      "x": 0.125,
      "y": 0.8230088495575221
    },
    "14": {
      "x": 0.609375,
      "y": 0.831858407079646
    },
    "15": {
      "x": 0.78125,
      "y": 0.7964601769911505
    },
    "16": {
      "x": 0.796875,
      "y": 0.7699115044247787
    },
    "17": {
      "x": 0.203125,
      "y": 0.9557522123893806
    },
    "18": {
      "x": 0.578125,
      "y": 0.9557522123893806
    },
    "19": {
      "x": 0.765625,
      "y": 0.911504424778761
    },
    "20": {
      "x": 0.828125,
      "y": 0.8761061946902655
    }
  }
}