{
  "label": "like",
  "dataset": {
    "0": {
      "x": 0.44,
      "y": 0.6782608695652174
    },
    "1": {
      "x": 0.6933333333333334,
      "y": 0.5217391304347826
    },
    "2": {
      "x": 0.8533333333333334,
      "y": 0.3652173913043478
    },
    "3": {
      "x": 0.9333333333333333,
      "y": 0.20869565217391303
    },
    "4": {
      "x": 0.9333333333333333,
      "y": 0.043478260869565216
    },
    "5": {
      "x": 0.4533333333333333,
      "y": 0.3565217391304348
    },
    "6": {
      "x": 0.7733333333333333,
      "y": 0.6
    },
    "7": {
      "x": 0.8666666666666667,
      "y": 0.6347826086956522
    },
    "8": {
      "x": 0.8133333333333334,
      "y": 0.591304347826087
    },
    "9": {
      "x": 0.25333333333333335,
      "y": 0.48695652173913045
    },
    "10": {
      "x": 0.6666666666666666,
      "y": 0.7478260869565218
    },
    "11": {
      "x": 0.72,
      "y": 0.7391304347826086
    },
    "12": {
      "x": 0.6266666666666667,
      "y": 0.6782608695652174
    },
    "13": {
      "x": 0.13333333333333333,
      "y": 0.6434782608695652
    },
    "14": {
      "x": 0.5333333333333333,
      "y": 0.8695652173913043
    },
    "15": {
      "x": 0.5733333333333334,
      "y": 0.8260869565217391
    },
    "16": {
      "x": 0.4666666666666667,
      "y": 0.7478260869565218
    },
    "17": {
      "x": 0.06666666666666667,
      "y": 0.782608695652174
    },
    "18": {
      "x": 0.3466666666666667,
      "y": 0.9565217391304348
    },
    "19": {
      "x": 0.41333333333333333,
      "y": 0.9391304347826087
    },
    "20": {
      "x": 0.36,
      "y": 0.8782608695652174
    }
  }
}