{
  "label": "like",
  "dataset": {
    "0": {
      "x": 0.078125,
      "y": 0.4155844155844156
    },
    "1": {
      "x": 0.1875,
      "y": 0.2077922077922078
    },
    "2": {
      "x": 0.421875,
      "y": 0.11688311688311688
    },
    "3": {
      "x": 0.671875,
      "y": 0.09090909090909091
    },
    "4": {
      "x": 0.921875,
      "y": 0.06493506493506493
    },
    "5": {
      "x": 0.5,
      "y": 0.36363636363636365
    },
    "6": {
      "x": 0.5625,
      "y": 0.5454545454545454
    },
    "7": {
      "x": 0.578125,
      "y": 0.5324675324675324
    },
    "8": {
      "x": 0.578125,
      "y": 0.5064935064935064
    },
    "9": {
      "x": 0.4375,
      "y": 0.5844155844155844
    },
    "10": {
      "x": 0.484375,
      "y": 0.7142857142857143
    },
    "11": {
      "x": 0.515625,
      "y": 0.6493506493506493
    },
    "12": {
      "x": 0.5625,
      "y": 0.5844155844155844
    },
    "13": {
      "x": 0.34375,
      "y": 0.7402597402597403
    },
    "14": {
      "x": 0.390625,
      "y": 0.8441558441558441
    },
    "15": {
      "x": 0.421875,
      "y": 0.7792207792207793
    },
    "16": {
      "x": 0.46875,
      "y": 0.7012987012987013
    },
    "17": {
      "x": 0.234375,
      "y": 0.8311688311688312
    },
    "18": {
      "x": 0.265625,
      "y": 0.935064935064935
    },
    "19": {
      "x": 0.265625,
      "y": 0.8961038961038961
    },
    "20": {
      "x": 0.28125,
      "y": 0.8441558441558441
    }
  }
}