{
  "label": "like",
  "dataset": {
    "0": {
      "x": 0.06097560975609756,
      "y": 0.9632352941176471
    },
    "1": {
      "x": 0.23170731707317074,
      "y": 0.6617647058823529
    },
    "2": {
      "x": 0.3780487804878049,
      "y": 0.375
    },
    "3": {
      "x": 0.2926829268292683,
      "y": 0.17647058823529413
    },
    "4": {
      "x": 0.0975609756097561,
      "y": 0.03676470588235294
    },
    "5": {
      "x": 0.3780487804878049,
      "y": 0.35294117647058826
    },
    "6": {
      "x": 0.9390243902439024,
      "y": 0.4485294117647059
    },
    "7": {
      "x": 0.8414634146341463,
      "y": 0.5220588235294118
    },
    "8": {
      "x": 0.6463414634146342,
      "y": 0.5
    },
    "9": {
      "x": 0.2682926829268293,
      "y": 0.5147058823529411
    },
    "10": {
      "x": 0.8902439024390244,
      "y": 0.6397058823529411
    },
    "11": {
      "x": 0.7317073170731707,
      "y": 0.6985294117647058
    },
    "12": {
      "x": 0.5487804878048781,
      "y": 0.6617647058823529
    },
    "13": {
      "x": 0.1951219512195122,
      "y": 0.6985294117647058
    },
    "14": {
      "x": 0.7560975609756098,
      "y": 0.8014705882352942
    },
    "15": {
      "x": 0.6097560975609756,
      "y": 0.8455882352941176
    },
    "16": {
      "x": 0.45121951219512196,
      "y": 0.8014705882352942
    },
    "17": {
      "x": 0.13414634146341464,
      "y": 0.875
    },
    "18": {
      "x": 0.573170731707317,
      "y": 0.9411764705882353
    },
    "19": {
      "x": 0.4878048780487805,
      "y": 0.9411764705882353
    },
    "20": {
      "x": 0.32926829268292684,
      "y": 0.9117647058823529
    }
  }
}