{
  "label": "like",
  "dataset": {
    "0": {
      "x": 0.85,
      "y": 0.8809523809523809
    },
    "1": {
      "x": 0.6333333333333333,
      "y": 0.8809523809523809
    },
    "2": {
      "x": 0.38333333333333336,
      "y": 0.7380952380952381
    },
    "3": {
      "x": 0.21666666666666667,
      "y": 0.6190476190476191
    },
    "4": {
      "x": 0.08333333333333333,
      "y": 0.5952380952380952
    },
    "5": {
      "x": 0.48333333333333334,
      "y": 0.35714285714285715
    },
    "6": {
      "x": 0.4666666666666667,
      "y": 0.23809523809523808
    },
    "7": {
      "x": 0.5166666666666667,
      "y": 0.42857142857142855
    },
    "8": {
      "x": 0.5166666666666667,
      "y": 0.4523809523809524
    },
    "9": {
      "x": 0.6333333333333333,
      "y": 0.2857142857142857
    },
    "10": {
      "x": 0.6,
      "y": 0.14285714285714285
    },
    "11": {
      "x": 0.6333333333333333,
      "y": 0.40476190476190477
    },
    "12": {
      "x": 0.6333333333333333,
      "y": 0.40476190476190477
    },
    "13": {
      "x": 0.7666666666666667,
      "y": 0.2619047619047619
    },
    "14": {
      "x": 0.75,
      "y": 0.11904761904761904
    },
    "15": {
      "x": 0.7666666666666667,
      "y": 0.35714285714285715
    },
    "16": {
      "x": 0.75,
      "y": 0.35714285714285715
    },
    "17": {
      "x": 0.9166666666666666,
      "y": 0.2619047619047619
    },
    "18": {
      "x": 0.8833333333333333,
      "y": 0.14285714285714285
    },
    "19": {
      "x": 0.8833333333333333,
      "y": 0.30952380952380953
    },
    "20": {
      "x": 0.8833333333333333,
      "y": 0.3333333333333333
    }
  }
}