{
  "label": "like",
  "dataset": {
    "0": {
      "x": 0.21739130434782608,
      "y": 0.8958333333333334
    },
    "1": {
      "x": 0.15217391304347827,
      "y": 0.7083333333333334
    },
    "2": {
      "x": 0.1956521739130435,
      "y": 0.4583333333333333
    },
    "3": {
      "x": 0.1956521739130435,
      "y": 0.25
    },
    "4": {
      "x": 0.10869565217391304,
      "y": 0.10416666666666667
    },
    "5": {
      "x": 0.4782608695652174,
      "y": 0.4375
    },
    "6": {
      "x": 0.6739130434782609,
      "y": 0.5416666666666666
    },
    "7": {
      "x": 0.5217391304347826,
      "y": 0.6666666666666666
    },
    "8": {
      "x": 0.391304347826087,
      "y": 0.6875
    },
    "9": {
      "x": 0.5869565217391305,
      "y": 0.5416666666666666
    },
    "10": {
      "x": 0.7391304347826086,
      "y": 0.625
    },
    "11": {
      "x": 0.5434782608695652,
      "y": 0.75
    },
    "12": {
      "x": 0.43478260869565216,
      "y": 0.7291666666666666
    },
    "13": {
      "x": 0.6739130434782609,
      "y": 0.625
    },
    "14": {
      "x": 0.8260869565217391,
      "y": 0.6875
    },
    "15": {
      "x": 0.6521739130434783,
      "y": 0.7708333333333334
    },
    "16": {
      "x": 0.5434782608695652,
      "y": 0.75
    },
    "17": {
      "x": 0.7391304347826086,
      "y": 0.6875
    },
    "18": {
      "x": 0.8913043478260869,
      "y": 0.7083333333333334
    },
    "19": {
      "x": 0.782608695652174,
      "y": 0.7708333333333334
    },
    "20": {
      "x": 0.717391304347826,
      "y": 0.75
    }
  }
}