{
  "label": "like",
  "dataset": {
    "0": {
      "x": 0.033783783783783786,
      "y": 0.7538461538461538
    },
    "1": {
      "x": 0.18243243243243243,
      "y": 0.49743589743589745
    },
    "2": {
      "x": 0.39864864864864863,
      "y": 0.3230769230769231
    },
    "3": {
      "x": 0.6283783783783784,
      "y": 0.17435897435897435
    },
    "4": {
      "x": 0.7297297297297297,
      "y": 0.02564102564102564
    },
    "5": {
      "x": 0.777027027027027,
      "y": 0.48205128205128206
    },
    "6": {
      "x": 0.9594594594594594,
      "y": 0.517948717948718
    },
    "7": {
      "x": 0.8175675675675675,
      "y": 0.5333333333333333
    },
    "8": {
      "x": 0.6891891891891891,
      "y": 0.5282051282051282
    },
    "9": {
      "x": 0.8108108108108109,
      "y": 0.676923076923077
    },
    "10": {
      "x": 0.9662162162162162,
      "y": 0.6564102564102564
    },
    "11": {
      "x": 0.8445945945945946,
      "y": 0.6564102564102564
    },
    "12": {
      "x": 0.7162162162162162,
      "y": 0.6615384615384615
    },
    "13": {
      "x": 0.7837837837837838,
      "y": 0.841025641025641
    },
    "14": {
      "x": 0.918918918918919,
      "y": 0.8
    },
    "15": {
      "x": 0.8243243243243243,
      "y": 0.7897435897435897
    },
    "16": {
      "x": 0.6959459459459459,
      "y": 0.8051282051282052
    },
    "17": {
      "x": 0.7432432432432432,
      "y": 0.9743589743589743
    },
    "18": {
      "x": 0.8513513513513513,
      "y": 0.9230769230769231
    },
    "19": {
      "x": 0.7567567567567568,
      "y": 0.9128205128205128
    },
    "20": {
      "x": 0.6554054054054054,
      "y": 0.9230769230769231
    }
  }
}