{
  "label": "like",
  "dataset": {
    "0": {
      "x": 0.5,
      "y": 0.6206896551724138
    },
    "1": {
      "x": 0.66,
      "y": 0.47126436781609193
    },
    "2": {
      "x": 0.7,
      "y": 0.3218390804597701
    },
    "3": {
      "x": 0.64,
      "y": 0.19540229885057472
    },
    "4": {
      "x": 0.54,
      "y": 0.05747126436781609
    },
    "5": {
      "x": 0.26,
      "y": 0.41379310344827586
    },
    "6": {
      "x": 0.8,
      "y": 0.5287356321839081
    },
    "7": {
      "x": 0.9,
      "y": 0.5172413793103449
    },
    "8": {
      "x": 0.82,
      "y": 0.4942528735632184
    },
    "9": {
      "x": 0.12,
      "y": 0.5977011494252874
    },
    "10": {
      "x": 0.78,
      "y": 0.6896551724137931
    },
    "11": {
      "x": 0.84,
      "y": 0.6206896551724138
    },
    "12": {
      "x": 0.72,
      "y": 0.5862068965517241
    },
    "13": {
      "x": 0.1,
      "y": 0.7471264367816092
    },
    "14": {
      "x": 0.7,
      "y": 0.8390804597701149
    },
    "15": {
      "x": 0.76,
      "y": 0.7471264367816092
    },
    "16": {
      "x": 0.68,
      "y": 0.7011494252873564
    },
    "17": {
      "x": 0.14,
      "y": 0.8735632183908046
    },
    "18": {
      "x": 0.58,
      "y": 0.9425287356321839
    },
    "19": {
      "x": 0.68,
      "y": 0.8850574712643678
    },
    "20": {
      "x": 0.64,
      "y": 0.8275862068965517
    }
  }
}