{
  "label": "like",
  "dataset": {
    "0": {
      "x": 0.8387096774193549,
      "y": 0.7983870967741935
    },
    "1": {
      "x": 0.5967741935483871,
      "y": 0.6129032258064516
    },
    "2": {
      "x": 0.45161290322580644,
      "y": 0.4032258064516129
    },
    "3": {
      "x": 0.41935483870967744,
      "y": 0.20161290322580644
    },
    "4": {
      "x": 0.43548387096774194,
      "y": 0.04032258064516129
    },
    "5": {
      "x": 0.6451612903225806,
      "y": 0.5
    },
    "6": {
      "x": 0.08064516129032258,
      "y": 0.6370967741935484
    },
    "7": {
      "x": 0.14516129032258066,
      "y": 0.6854838709677419
    },
    "8": {
      "x": 0.3064516129032258,
      "y": 0.6532258064516129
    },
    "9": {
      "x": 0.7741935483870968,
      "y": 0.6532258064516129
    },
    "10": {
      "x": 0.11290322580645161,
      "y": 0.7661290322580645
    },
    "11": {
      "x": 0.22580645161290322,
      "y": 0.7661290322580645
    },
    "12": {
      "x": 0.4032258064516129,
      "y": 0.7338709677419355
    },
    "13": {
      "x": 0.8548387096774194,
      "y": 0.7903225806451613
    },
    "14": {
      "x": 0.22580645161290322,
      "y": 0.8709677419354839
    },
    "15": {
      "x": 0.3709677419354839,
      "y": 0.8629032258064516
    },
    "16": {
      "x": 0.5645161290322581,
      "y": 0.8306451612903226
    },
    "17": {
      "x": 0.9193548387096774,
      "y": 0.9032258064516129
    },
    "18": {
      "x": 0.41935483870967744,
      "y": 0.9596774193548387
    },
    "19": {
      "x": 0.5161290322580645,
      "y": 0.9435483870967742
    },
    "20": {
      "x": 0.7096774193548387,
      "y": 0.9274193548387096
    }
  }
}