{
  "label": "like",
  "dataset": {
    "0": {
      "x": 0.0625,
      "y": 0.8333333333333334
    },
    "1": {
      "x": 0.175,
      "y": 0.6222222222222222
    },
    "2": {
      "x": 0.425,
      "y": 0.4
    },
    "3": {
      "x": 0.6,
      "y": 0.2222222222222222
    },
    "4": {
      "x": 0.625,
      "y": 0.05555555555555555
    },
    "5": {
      "x": 0.5125,
      "y": 0.37777777777777777
    },
    "6": {
      "x": 0.9375,
      "y": 0.4888888888888889
    },
    "7": {
      "x": 0.8375,
      "y": 0.5666666666666667
    },
    "8": {
      "x": 0.7,
      "y": 0.5444444444444444
    },
    "9": {
      "x": 0.5,
      "y": 0.5111111111111111
    },
    "10": {
      "x": 0.9125,
      "y": 0.6333333333333333
    },
    "11": {
      "x": 0.8,
      "y": 0.6888888888888889
    },
    "12": {
      "x": 0.65,
      "y": 0.6666666666666666
    },
    "13": {
      "x": 0.475,
      "y": 0.6777777777777778
    },
    "14": {
      "x": 0.8375,
      "y": 0.7777777777777778
    },
    "15": {
      "x": 0.725,
      "y": 0.8111111111111111
    },
    "16": {
      "x": 0.6,
      "y": 0.7888888888888889
    },
    "17": {
      "x": 0.4375,
      "y": 0.8444444444444444
    },
    "18": {
      "x": 0.75,
      "y": 0.9222222222222223
    },
    "19": {
      "x": 0.6625,
      "y": 0.9444444444444444
    },
    "20": {
      "x": 0.5375,
      "y": 0.9111111111111111
    }
  }
}