{
  "label": "like",
  "dataset": {
    "0": {
      "x": 0.9632352941176471,
      "y": 0.9264705882352942
    },
    "1": {
      "x": 0.8823529411764706,
      "y": 0.7009803921568627
    },
    "2": {
      "x": 0.6985294117647058,
      "y": 0.43137254901960786
    },
    "3": {
      "x": 0.7132352941176471,
      "y": 0.20588235294117646
    },
    "4": {
      "x": 0.8970588235294118,
      "y": 0.024509803921568627
    },
    "5": {
      "x": 0.6176470588235294,
      "y": 0.4362745098039216
    },
    "6": {
      "x": 0.03676470588235294,
      "y": 0.5343137254901961
    },
    "7": {
      "x": 0.16176470588235295,
      "y": 0.6078431372549019
    },
    "8": {
      "x": 0.34558823529411764,
      "y": 0.5980392156862745
    },
    "9": {
      "x": 0.6764705882352942,
      "y": 0.5980392156862745
    },
    "10": {
      "x": 0.0661764705882353,
      "y": 0.7156862745098039
    },
    "11": {
      "x": 0.22058823529411764,
      "y": 0.7549019607843137
    },
    "12": {
      "x": 0.41911764705882354,
      "y": 0.7254901960784313
    },
    "13": {
      "x": 0.7205882352941176,
      "y": 0.7647058823529411
    },
    "14": {
      "x": 0.19852941176470587,
      "y": 0.8529411764705882
    },
    "15": {
      "x": 0.34558823529411764,
      "y": 0.8774509803921569
    },
    "16": {
      "x": 0.5294117647058824,
      "y": 0.8431372549019608
    },
    "17": {
      "x": 0.75,
      "y": 0.9215686274509803
    },
    "18": {
      "x": 0.33088235294117646,
      "y": 0.9656862745098039
    },
    "19": {
      "x": 0.4411764705882353,
      "y": 0.9754901960784313
    },
    "20": {
      "x": 0.6102941176470589,
      "y": 0.9558823529411765
    }
  }
}