{
  "label": "like",
  "dataset": {
    "0": {
      "x": 0.043478260869565216,
      "y": 0.7380952380952381
    },
    "1": {
      "x": 0.21739130434782608,
      "y": 0.5238095238095238
    },
    "2": {
      "x": 0.5043478260869565,
      "y": 0.3333333333333333
    },
    "3": {
      "x": 0.7043478260869566,
      "y": 0.1984126984126984
    },
    "4": {
      "x": 0.7565217391304347,
      "y": 0.03968253968253968
    },
    "5": {
      "x": 0.6173913043478261,
      "y": 0.38095238095238093
    },
    "6": {
      "x": 0.9565217391304348,
      "y": 0.5396825396825397
    },
    "7": {
      "x": 0.8608695652173913,
      "y": 0.5952380952380952
    },
    "8": {
      "x": 0.7391304347826086,
      "y": 0.5634920634920635
    },
    "9": {
      "x": 0.591304347826087,
      "y": 0.5317460317460317
    },
    "10": {
      "x": 0.9217391304347826,
      "y": 0.6904761904761905
    },
    "11": {
      "x": 0.8173913043478261,
      "y": 0.7222222222222222
    },
    "12": {
      "x": 0.6956521739130435,
      "y": 0.6825396825396826
    },
    "13": {
      "x": 0.5478260869565217,
      "y": 0.7063492063492064
    },
    "14": {
      "x": 0.8521739130434782,
      "y": 0.8333333333333334
    },
    "15": {
      "x": 0.7391304347826086,
      "y": 0.8492063492063492
    },
    "16": {
      "x": 0.6260869565217392,
      "y": 0.8015873015873016
    },
    "17": {
      "x": 0.4956521739130435,
      "y": 0.873015873015873
    },
    "18": {
      "x": 0.7478260869565218,
      "y": 0.9523809523809523
    },
    "19": {
      "x": 0.6521739130434783,
      "y": 0.9603174603174603
    },
    "20": {
      "x": 0.5478260869565217,
      "y": 0.9206349206349206
    }
  }
}