{
  "label": "like",
  "dataset": {
    "0": {
      "x": 0.8809523809523809,
      "y": 0.6346153846153846
    },
    "1": {
      "x": 0.7619047619047619,
      "y": 0.4423076923076923
    },
    "2": {
      "x": 0.5476190476190477,
      "y": 0.28846153846153844
    },
    "3": {
      "x": 0.38095238095238093,
      "y": 0.17307692307692307
    },
    "4": {
      "x": 0.23809523809523808,
      "y": 0.09615384615384616
    },
    "5": {
      "x": 0.2857142857142857,
      "y": 0.5
    },
    "6": {
      "x": 0.11904761904761904,
      "y": 0.5
    },
    "7": {
      "x": 0.2857142857142857,
      "y": 0.5
    },
    "8": {
      "x": 0.4523809523809524,
      "y": 0.5
    },
    "9": {
      "x": 0.30952380952380953,
      "y": 0.6538461538461539
    },
    "10": {
      "x": 0.14285714285714285,
      "y": 0.6346153846153846
    },
    "11": {
      "x": 0.35714285714285715,
      "y": 0.6153846153846154
    },
    "12": {
      "x": 0.5,
      "y": 0.6153846153846154
    },
    "13": {
      "x": 0.35714285714285715,
      "y": 0.7884615384615384
    },
    "14": {
      "x": 0.16666666666666666,
      "y": 0.7884615384615384
    },
    "15": {
      "x": 0.38095238095238093,
      "y": 0.7307692307692307
    },
    "16": {
      "x": 0.5238095238095238,
      "y": 0.7307692307692307
    },
    "17": {
      "x": 0.4523809523809524,
      "y": 0.9038461538461539
    },
    "18": {
      "x": 0.2857142857142857,
      "y": 0.9038461538461539
    },
    "19": {
      "x": 0.42857142857142855,
      "y": 0.8653846153846154
    },
    "20": {
      "x": 0.5476190476190477,
      "y": 0.8269230769230769
    }
  }
}