{
  "label": "like",
  "dataset": {
    "0": {
      "x": 0.14130434782608695,
      "y": 0.8552631578947368
    },
    "1": {
      "x": 0.358695652173913,
      "y": 0.6381578947368421
    },
    "2": {
      "x": 0.5,
      "y": 0.40789473684210525
    },
    "3": {
      "x": 0.5543478260869565,
      "y": 0.21710526315789475
    },
    "4": {
      "x": 0.5434782608695652,
      "y": 0.03289473684210526
    },
    "5": {
      "x": 0.14130434782608695,
      "y": 0.5
    },
    "6": {
      "x": 0.42391304347826086,
      "y": 0.5
    },
    "7": {
      "x": 0.6739130434782609,
      "y": 0.5460526315789473
    },
    "8": {
      "x": 0.8478260869565217,
      "y": 0.5986842105263158
    },
    "9": {
      "x": 0.06521739130434782,
      "y": 0.6644736842105263
    },
    "10": {
      "x": 0.43478260869565216,
      "y": 0.6842105263157895
    },
    "11": {
      "x": 0.7391304347826086,
      "y": 0.6907894736842105
    },
    "12": {
      "x": 0.9456521739130435,
      "y": 0.7105263157894737
    },
    "13": {
      "x": 0.05434782608695652,
      "y": 0.8223684210526315
    },
    "14": {
      "x": 0.45652173913043476,
      "y": 0.8289473684210527
    },
    "15": {
      "x": 0.7282608695652174,
      "y": 0.8157894736842105
    },
    "16": {
      "x": 0.9021739130434783,
      "y": 0.8092105263157895
    },
    "17": {
      "x": 0.10869565217391304,
      "y": 0.9605263157894737
    },
    "18": {
      "x": 0.43478260869565216,
      "y": 0.9671052631578947
    },
    "19": {
      "x": 0.6413043478260869,
      "y": 0.9407894736842105
    },
    "20": {
      "x": 0.7608695652173914,
      "y": 0.9276315789473685
    }
  }
}