{
  "label": "like",
  "dataset": {
    "0": {
      "x": 0.05,
      "y": 0.8814814814814815
    },
    "1": {
      "x": 0.16,
      "y": 0.6370370370370371
    },
    "2": {
      "x": 0.32,
      "y": 0.3925925925925926
    },
    "3": {
      "x": 0.37,
      "y": 0.1925925925925926
    },
    "4": {
      "x": 0.3,
      "y": 0.037037037037037035
    },
    "5": {
      "x": 0.62,
      "y": 0.45185185185185184
    },
    "6": {
      "x": 0.95,
      "y": 0.5333333333333333
    },
    "7": {
      "x": 0.83,
      "y": 0.5777777777777777
    },
    "8": {
      "x": 0.68,
      "y": 0.562962962962963
    },
    "9": {
      "x": 0.65,
      "y": 0.6148148148148148
    },
    "10": {
      "x": 0.95,
      "y": 0.6814814814814815
    },
    "11": {
      "x": 0.82,
      "y": 0.7111111111111111
    },
    "12": {
      "x": 0.69,
      "y": 0.7037037037037037
    },
    "13": {
      "x": 0.66,
      "y": 0.7851851851851852
    },
    "14": {
      "x": 0.92,
      "y": 0.8222222222222222
    },
    "15": {
      "x": 0.8,
      "y": 0.8444444444444444
    },
    "16": {
      "x": 0.66,
      "y": 0.8444444444444444
    },
    "17": {
      "x": 0.64,
      "y": 0.9407407407407408
    },
    "18": {
      "x": 0.83,
      "y": 0.9555555555555556
    },
    "19": {
      "x": 0.71,
      "y": 0.9629629629629629
    },
    "20": {
      "x": 0.6,
      "y": 0.9555555555555556
    }
  }
}