{
  "label": "like",
  "dataset": {
    "0": {
      "x": 0.5692307692307692,
      "y": 0.7378640776699029
    },
    "1": {
      "x": 0.7846153846153846,
      "y": 0.5922330097087378
    },
    "2": {
      "x": 0.8615384615384616,
      "y": 0.3883495145631068
    },
    "3": {
      "x": 0.9076923076923077,
      "y": 0.21359223300970873
    },
    "4": {
      "x": 0.9230769230769231,
      "y": 0.04854368932038835
    },
    "5": {
      "x": 0.5076923076923077,
      "y": 0.32038834951456313
    },
    "6": {
      "x": 0.9076923076923077,
      "y": 0.5728155339805825
    },
    "7": {
      "x": 0.9076923076923077,
      "y": 0.6116504854368932
    },
    "8": {
      "x": 0.8153846153846154,
      "y": 0.5728155339805825
    },
    "9": {
      "x": 0.3076923076923077,
      "y": 0.47572815533980584
    },
    "10": {
      "x": 0.8,
      "y": 0.7475728155339806
    },
    "11": {
      "x": 0.7538461538461538,
      "y": 0.7281553398058253
    },
    "12": {
      "x": 0.6,
      "y": 0.6796116504854369
    },
    "13": {
      "x": 0.16923076923076924,
      "y": 0.6407766990291263
    },
    "14": {
      "x": 0.6153846153846154,
      "y": 0.8737864077669902
    },
    "15": {
      "x": 0.5538461538461539,
      "y": 0.8446601941747572
    },
    "16": {
      "x": 0.4153846153846154,
      "y": 0.7864077669902912
    },
    "17": {
      "x": 0.07692307692307693,
      "y": 0.8058252427184466
    },
    "18": {
      "x": 0.4,
      "y": 0.9514563106796117
    },
    "19": {
      "x": 0.38461538461538464,
      "y": 0.9320388349514563
    },
    "20": {
      "x": 0.27692307692307694,
      "y": 0.883495145631068
    }
  }
}