{
  "label": "like",
  "dataset": {
    "0": {
      "x": 0.09803921568627451,
      "y": 0.6896551724137931
    },
    "1": {
      "x": 0.27450980392156865,
      "y": 0.46551724137931033
    },
    "2": {
      "x": 0.5294117647058824,
      "y": 0.3103448275862069
    },
    "3": {
      "x": 0.7058823529411765,
      "y": 0.20689655172413793
    },
    "4": {
      "x": 0.7843137254901961,
      "y": 0.08620689655172414
    },
    "5": {
      "x": 0.7058823529411765,
      "y": 0.5344827586206896
    },
    "6": {
      "x": 0.9019607843137255,
      "y": 0.5172413793103449
    },
    "7": {
      "x": 0.7450980392156863,
      "y": 0.5172413793103449
    },
    "8": {
      "x": 0.5882352941176471,
      "y": 0.5172413793103449
    },
    "9": {
      "x": 0.6862745098039216,
      "y": 0.6724137931034483
    },
    "10": {
      "x": 0.803921568627451,
      "y": 0.6379310344827587
    },
    "11": {
      "x": 0.6078431372549019,
      "y": 0.6206896551724138
    },
    "12": {
      "x": 0.45098039215686275,
      "y": 0.603448275862069
    },
    "13": {
      "x": 0.6470588235294118,
      "y": 0.7931034482758621
    },
    "14": {
      "x": 0.7450980392156863,
      "y": 0.7413793103448276
    },
    "15": {
      "x": 0.5686274509803921,
      "y": 0.7068965517241379
    },
    "16": {
      "x": 0.4117647058823529,
      "y": 0.6896551724137931
    },
    "17": {
      "x": 0.5686274509803921,
      "y": 0.9137931034482759
    },
    "18": {
      "x": 0.6862745098039216,
      "y": 0.8793103448275862
    },
    "19": {
      "x": 0.5686274509803921,
      "y": 0.8275862068965517
    },
    "20": {
      "x": 0.47058823529411764,
      "y": 0.8103448275862069
    }
  }
}