{
  "label": "like",
  "dataset": {
    "0": {
      "x": 0.029411764705882353,
      "y": 0.8473282442748091
    },
    "1": {
      "x": 0.09411764705882353,
      "y": 0.5610687022900763
    },
    "2": {
      "x": 0.31176470588235294,
      "y": 0.3320610687022901
    },
    "3": {
      "x": 0.4647058823529412,
      "y": 0.16030534351145037
    },
    "4": {
      "x": 0.4294117647058823,
      "y": 0.019083969465648856
    },
    "5": {
      "x": 0.6411764705882353,
      "y": 0.5190839694656488
    },
    "6": {
      "x": 0.9235294117647059,
      "y": 0.5152671755725191
    },
    "7": {
      "x": 0.6882352941176471,
      "y": 0.549618320610687
    },
    "8": {
      "x": 0.47058823529411764,
      "y": 0.5648854961832062
    },
    "9": {
      "x": 0.6764705882352942,
      "y": 0.6793893129770993
    },
    "10": {
      "x": 0.9705882352941176,
      "y": 0.6755725190839694
    },
    "11": {
      "x": 0.6705882352941176,
      "y": 0.6908396946564885
    },
    "12": {
      "x": 0.4294117647058823,
      "y": 0.6946564885496184
    },
    "13": {
      "x": 0.6764705882352942,
      "y": 0.8320610687022901
    },
    "14": {
      "x": 0.9529411764705882,
      "y": 0.8282442748091603
    },
    "15": {
      "x": 0.6529411764705882,
      "y": 0.816793893129771
    },
    "16": {
      "x": 0.4117647058823529,
      "y": 0.8053435114503816
    },
    "17": {
      "x": 0.6294117647058823,
      "y": 0.9809160305343512
    },
    "18": {
      "x": 0.8470588235294118,
      "y": 0.9732824427480916
    },
    "19": {
      "x": 0.6647058823529411,
      "y": 0.9465648854961832
    },
    "20": {
      "x": 0.49411764705882355,
      "y": 0.9274809160305344
    }
  }
}