{
  "label": "like",
  "dataset": {
    "0": {
      "x": 0.8809523809523809,
      "y": 0.734375
    },
    "1": {
      "x": 0.8809523809523809,
      "y": 0.546875
    },
    "2": {
      "x": 0.6666666666666666,
      "y": 0.375
    },
    "3": {
      "x": 0.5,
      "y": 0.234375
    },
    "4": {
      "x": 0.42857142857142855,
      "y": 0.078125
    },
    "5": {
      "x": 0.23809523809523808,
      "y": 0.40625
    },
    "6": {
      "x": 0.14285714285714285,
      "y": 0.5
    },
    "7": {
      "x": 0.40476190476190477,
      "y": 0.578125
    },
    "8": {
      "x": 0.5476190476190477,
      "y": 0.5625
    },
    "9": {
      "x": 0.14285714285714285,
      "y": 0.5625
    },
    "10": {
      "x": 0.11904761904761904,
      "y": 0.65625
    },
    "11": {
      "x": 0.40476190476190477,
      "y": 0.703125
    },
    "12": {
      "x": 0.5238095238095238,
      "y": 0.65625
    },
    "13": {
      "x": 0.11904761904761904,
      "y": 0.703125
    },
    "14": {
      "x": 0.14285714285714285,
      "y": 0.796875
    },
    "15": {
      "x": 0.40476190476190477,
      "y": 0.8125
    },
    "16": {
      "x": 0.47619047619047616,
      "y": 0.734375
    },
    "17": {
      "x": 0.11904761904761904,
      "y": 0.84375
    },
    "18": {
      "x": 0.14285714285714285,
      "y": 0.921875
    },
    "19": {
      "x": 0.38095238095238093,
      "y": 0.90625
    },
    "20": {
      "x": 0.4523809523809524,
      "y": 0.859375
    }
  }
}