{
  "label": "like",
  "dataset": {
    "0": {
      "x": 0.38461538461538464,
      "y": 0.8888888888888888
    },
    "1": {
      "x": 0.5384615384615384,
      "y": 0.6666666666666666
    },
    "2": {
      "x": 0.5641025641025641,
      "y": 0.43209876543209874
    },
    "3": {
      "x": 0.5384615384615384,
      "y": 0.2345679012345679
    },
    "4": {
      "x": 0.46153846153846156,
      "y": 0.06172839506172839
    },
    "5": {
      "x": 0.1794871794871795,
      "y": 0.4567901234567901
    },
    "6": {
      "x": 0.8717948717948718,
      "y": 0.4691358024691358
    },
    "7": {
      "x": 0.7948717948717948,
      "y": 0.5555555555555556
    },
    "8": {
      "x": 0.5641025641025641,
      "y": 0.5555555555555556
    },
    "9": {
      "x": 0.1282051282051282,
      "y": 0.6172839506172839
    },
    "10": {
      "x": 0.8717948717948718,
      "y": 0.6172839506172839
    },
    "11": {
      "x": 0.717948717948718,
      "y": 0.6666666666666666
    },
    "12": {
      "x": 0.48717948717948717,
      "y": 0.6666666666666666
    },
    "13": {
      "x": 0.15384615384615385,
      "y": 0.7777777777777778
    },
    "14": {
      "x": 0.8461538461538461,
      "y": 0.7777777777777778
    },
    "15": {
      "x": 0.6923076923076923,
      "y": 0.8148148148148148
    },
    "16": {
      "x": 0.5128205128205128,
      "y": 0.8148148148148148
    },
    "17": {
      "x": 0.20512820512820512,
      "y": 0.9135802469135802
    },
    "18": {
      "x": 0.7435897435897436,
      "y": 0.9135802469135802
    },
    "19": {
      "x": 0.6410256410256411,
      "y": 0.9259259259259259
    },
    "20": {
      "x": 0.46153846153846156,
      "y": 0.9382716049382716
    }
  }
}