{
  "label": "like",
  "dataset": {
    "0": {
      "x": 0.5882352941176471,
      "y": 0.7391304347826086
    },
    "1": {
      "x": 0.4588235294117647,
      "y": 0.8043478260869565
    },
    "2": {
      "x": 0.32941176470588235,
      "y": 0.717391304347826
    },
    "3": {
      "x": 0.2,
      "y": 0.5869565217391305
    },
    "4": {
      "x": 0.058823529411764705,
      "y": 0.5217391304347826
    },
    "5": {
      "x": 0.5176470588235295,
      "y": 0.2391304347826087
    },
    "6": {
      "x": 0.6941176470588235,
      "y": 0.6739130434782609
    },
    "7": {
      "x": 0.6352941176470588,
      "y": 0.8913043478260869
    },
    "8": {
      "x": 0.5764705882352941,
      "y": 0.8913043478260869
    },
    "9": {
      "x": 0.6705882352941176,
      "y": 0.13043478260869565
    },
    "10": {
      "x": 0.8117647058823529,
      "y": 0.6739130434782609
    },
    "11": {
      "x": 0.7294117647058823,
      "y": 0.8478260869565217
    },
    "12": {
      "x": 0.6588235294117647,
      "y": 0.7608695652173914
    },
    "13": {
      "x": 0.7764705882352941,
      "y": 0.10869565217391304
    },
    "14": {
      "x": 0.8941176470588236,
      "y": 0.6086956521739131
    },
    "15": {
      "x": 0.8117647058823529,
      "y": 0.7608695652173914
    },
    "16": {
      "x": 0.7411764705882353,
      "y": 0.6739130434782609
    },
    "17": {
      "x": 0.8705882352941177,
      "y": 0.13043478260869565
    },
    "18": {
      "x": 0.9411764705882353,
      "y": 0.45652173913043476
    },
    "19": {
      "x": 0.8823529411764706,
      "y": 0.5652173913043478
    },
    "20": {
      "x": 0.8352941176470589,
      "y": 0.5434782608695652
    }
  }
}