{
  "label": "like",
  "dataset": {
    "0": {
      "x": 0.053763440860215055,
      "y": 0.9635036496350365
    },
    "1": {
      "x": 0.0967741935483871,
      "y": 0.7445255474452555
    },
    "2": {
      "x": 0.3225806451612903,
      "y": 0.45255474452554745
    },
    "3": {
      "x": 0.4731182795698925,
      "y": 0.23357664233576642
    },
    "4": {
      "x": 0.4731182795698925,
      "y": 0.0364963503649635
    },
    "5": {
      "x": 0.2903225806451613,
      "y": 0.40875912408759124
    },
    "6": {
      "x": 0.8817204301075269,
      "y": 0.4233576642335766
    },
    "7": {
      "x": 0.7956989247311828,
      "y": 0.5109489051094891
    },
    "8": {
      "x": 0.6129032258064516,
      "y": 0.5328467153284672
    },
    "9": {
      "x": 0.3118279569892473,
      "y": 0.5693430656934306
    },
    "10": {
      "x": 0.9354838709677419,
      "y": 0.5766423357664233
    },
    "11": {
      "x": 0.8172043010752689,
      "y": 0.6496350364963503
    },
    "12": {
      "x": 0.6236559139784946,
      "y": 0.6642335766423357
    },
    "13": {
      "x": 0.3655913978494624,
      "y": 0.7445255474452555
    },
    "14": {
      "x": 0.946236559139785,
      "y": 0.7299270072992701
    },
    "15": {
      "x": 0.8064516129032258,
      "y": 0.7883211678832117
    },
    "16": {
      "x": 0.6344086021505376,
      "y": 0.8029197080291971
    },
    "17": {
      "x": 0.41935483870967744,
      "y": 0.9124087591240876
    },
    "18": {
      "x": 0.8817204301075269,
      "y": 0.8905109489051095
    },
    "19": {
      "x": 0.7741935483870968,
      "y": 0.9343065693430657
    },
    "20": {
      "x": 0.6129032258064516,
      "y": 0.948905109489051
    }
  }
}