{
  "label": "like",
  "dataset": {
    "0": {
      "x": 0.5573770491803278,
      "y": 0.8651685393258427
    },
    "1": {
      "x": 0.819672131147541,
      "y": 0.6741573033707865
    },
    "2": {
      "x": 0.9016393442622951,
      "y": 0.4606741573033708
    },
    "3": {
      "x": 0.8524590163934426,
      "y": 0.24719101123595505
    },
    "4": {
      "x": 0.8360655737704918,
      "y": 0.056179775280898875
    },
    "5": {
      "x": 0.5573770491803278,
      "y": 0.4157303370786517
    },
    "6": {
      "x": 0.7213114754098361,
      "y": 0.5617977528089888
    },
    "7": {
      "x": 0.8360655737704918,
      "y": 0.6741573033707865
    },
    "8": {
      "x": 0.9180327868852459,
      "y": 0.7078651685393258
    },
    "9": {
      "x": 0.3442622950819672,
      "y": 0.550561797752809
    },
    "10": {
      "x": 0.5573770491803278,
      "y": 0.7191011235955056
    },
    "11": {
      "x": 0.6885245901639344,
      "y": 0.797752808988764
    },
    "12": {
      "x": 0.7868852459016393,
      "y": 0.8426966292134831
    },
    "13": {
      "x": 0.19672131147540983,
      "y": 0.6853932584269663
    },
    "14": {
      "x": 0.3442622950819672,
      "y": 0.8202247191011236
    },
    "15": {
      "x": 0.45901639344262296,
      "y": 0.898876404494382
    },
    "16": {
      "x": 0.5245901639344263,
      "y": 0.9438202247191011
    },
    "17": {
      "x": 0.08196721311475409,
      "y": 0.8202247191011236
    },
    "18": {
      "x": 0.11475409836065574,
      "y": 0.8651685393258427
    },
    "19": {
      "x": 0.16393442622950818,
      "y": 0.898876404494382
    },
    "20": {
      "x": 0.19672131147540983,
      "y": 0.9213483146067416
    }
  }
}