{
  "label": "like",
  "dataset": {
    "0": {
      "x": 0.4375,
      "y": 0.8035714285714286
    },
    "1": {
      "x": 0.671875,
      "y": 0.6071428571428571
    },
    "2": {
      "x": 0.703125,
      "y": 0.38392857142857145
    },
    "3": {
      "x": 0.65625,
      "y": 0.22321428571428573
    },
    "4": {
      "x": 0.59375,
      "y": 0.044642857142857144
    },
    "5": {
      "x": 0.390625,
      "y": 0.4732142857142857
    },
    "6": {
      "x": 0.78125,
      "y": 0.6428571428571429
    },
    "7": {
      "x": 0.90625,
      "y": 0.6696428571428571
    },
    "8": {
      "x": 0.921875,
      "y": 0.6428571428571429
    },
    "9": {
      "x": 0.1875,
      "y": 0.6071428571428571
    },
    "10": {
      "x": 0.71875,
      "y": 0.7946428571428571
    },
    "11": {
      "x": 0.828125,
      "y": 0.7767857142857143
    },
    "12": {
      "x": 0.78125,
      "y": 0.7410714285714286
    },
    "13": {
      "x": 0.09375,
      "y": 0.75
    },
    "14": {
      "x": 0.578125,
      "y": 0.8839285714285714
    },
    "15": {
      "x": 0.6875,
      "y": 0.8571428571428571
    },
    "16": {
      "x": 0.640625,
      "y": 0.8125
    },
    "17": {
      "x": 0.078125,
      "y": 0.8660714285714286
    },
    "18": {
      "x": 0.421875,
      "y": 0.9553571428571429
    },
    "19": {
      "x": 0.484375,
      "y": 0.9196428571428571
    },
    "20": {
      "x": 0.4375,
      "y": 0.8839285714285714
    }
  }
}