{
  "label": "like",
  "dataset": {
    "0": {
      "x": 0.14084507042253522,
      "y": 0.9532710280373832
    },
    "1": {
      "x": 0.1267605633802817,
      "y": 0.719626168224299
    },
    "2": {
      "x": 0.22535211267605634,
      "y": 0.40186915887850466
    },
    "3": {
      "x": 0.22535211267605634,
      "y": 0.18691588785046728
    },
    "4": {
      "x": 0.07042253521126761,
      "y": 0.04672897196261682
    },
    "5": {
      "x": 0.28169014084507044,
      "y": 0.35514018691588783
    },
    "6": {
      "x": 0.8450704225352113,
      "y": 0.29906542056074764
    },
    "7": {
      "x": 0.7746478873239436,
      "y": 0.40186915887850466
    },
    "8": {
      "x": 0.5774647887323944,
      "y": 0.42990654205607476
    },
    "9": {
      "x": 0.352112676056338,
      "y": 0.48598130841121495
    },
    "10": {
      "x": 0.9295774647887324,
      "y": 0.4485981308411215
    },
    "11": {
      "x": 0.8169014084507042,
      "y": 0.5327102803738317
    },
    "12": {
      "x": 0.6197183098591549,
      "y": 0.5514018691588785
    },
    "13": {
      "x": 0.4507042253521127,
      "y": 0.6355140186915887
    },
    "14": {
      "x": 0.9295774647887324,
      "y": 0.6074766355140186
    },
    "15": {
      "x": 0.7887323943661971,
      "y": 0.6728971962616822
    },
    "16": {
      "x": 0.6197183098591549,
      "y": 0.6915887850467289
    },
    "17": {
      "x": 0.5352112676056338,
      "y": 0.7850467289719626
    },
    "18": {
      "x": 0.8873239436619719,
      "y": 0.7476635514018691
    },
    "19": {
      "x": 0.7605633802816901,
      "y": 0.8037383177570093
    },
    "20": {
      "x": 0.6197183098591549,
      "y": 0.8130841121495327
    }
  }
}