{
  "label": "like",
  "dataset": {
    "0": {
      "x": 0.9754901960784313,
      "y": 0.7884615384615384
    },
    "1": {
      "x": 0.7794117647058824,
      "y": 0.5038461538461538
    },
    "2": {
      "x": 0.5980392156862745,
      "y": 0.31153846153846154
    },
    "3": {
      "x": 0.4068627450980392,
      "y": 0.15384615384615385
    },
    "4": {
      "x": 0.30392156862745096,
      "y": 0.019230769230769232
    },
    "5": {
      "x": 0.23039215686274508,
      "y": 0.5423076923076923
    },
    "6": {
      "x": 0.024509803921568627,
      "y": 0.55
    },
    "7": {
      "x": 0.23039215686274508,
      "y": 0.5153846153846153
    },
    "8": {
      "x": 0.39215686274509803,
      "y": 0.49615384615384617
    },
    "9": {
      "x": 0.24019607843137256,
      "y": 0.6884615384615385
    },
    "10": {
      "x": 0.05392156862745098,
      "y": 0.6884615384615385
    },
    "11": {
      "x": 0.3431372549019608,
      "y": 0.6538461538461539
    },
    "12": {
      "x": 0.49019607843137253,
      "y": 0.6346153846153846
    },
    "13": {
      "x": 0.29901960784313725,
      "y": 0.8307692307692308
    },
    "14": {
      "x": 0.1323529411764706,
      "y": 0.8346153846153846
    },
    "15": {
      "x": 0.38235294117647056,
      "y": 0.7923076923076923
    },
    "16": {
      "x": 0.5245098039215687,
      "y": 0.7653846153846153
    },
    "17": {
      "x": 0.4068627450980392,
      "y": 0.9692307692307692
    },
    "18": {
      "x": 0.21568627450980393,
      "y": 0.9807692307692307
    },
    "19": {
      "x": 0.3872549019607843,
      "y": 0.9115384615384615
    },
    "20": {
      "x": 0.5,
      "y": 0.8653846153846154
    }
  }
}