{
  "label": "like",
  "dataset": {
    "0": {
      "x": 0.8115942028985508,
      "y": 0.6778523489932886
    },
    "1": {
      "x": 0.5362318840579711,
      "y": 0.48322147651006714
    },
    "2": {
      "x": 0.3333333333333333,
      "y": 0.3221476510067114
    },
    "3": {
      "x": 0.2898550724637681,
      "y": 0.174496644295302
    },
    "4": {
      "x": 0.37681159420289856,
      "y": 0.03355704697986577
    },
    "5": {
      "x": 0.6666666666666666,
      "y": 0.5369127516778524
    },
    "6": {
      "x": 0.10144927536231885,
      "y": 0.6644295302013423
    },
    "7": {
      "x": 0.15942028985507245,
      "y": 0.6040268456375839
    },
    "8": {
      "x": 0.3333333333333333,
      "y": 0.5637583892617449
    },
    "9": {
      "x": 0.8260869565217391,
      "y": 0.697986577181208
    },
    "10": {
      "x": 0.07246376811594203,
      "y": 0.7919463087248322
    },
    "11": {
      "x": 0.14492753623188406,
      "y": 0.697986577181208
    },
    "12": {
      "x": 0.34782608695652173,
      "y": 0.6442953020134228
    },
    "13": {
      "x": 0.8985507246376812,
      "y": 0.825503355704698
    },
    "14": {
      "x": 0.18840579710144928,
      "y": 0.8993288590604027
    },
    "15": {
      "x": 0.2608695652173913,
      "y": 0.8053691275167785
    },
    "16": {
      "x": 0.4492753623188406,
      "y": 0.7651006711409396
    },
    "17": {
      "x": 0.927536231884058,
      "y": 0.9194630872483222
    },
    "18": {
      "x": 0.36231884057971014,
      "y": 0.9664429530201343
    },
    "19": {
      "x": 0.391304347826087,
      "y": 0.8993288590604027
    },
    "20": {
      "x": 0.5652173913043478,
      "y": 0.8590604026845637
    }
  }
}