{
  "label": "like",
  "dataset": {
    "0": {
      "x": 0.9576271186440678,
      "y": 0.7419354838709677
    },
    "1": {
      "x": 0.7966101694915254,
      "y": 0.5403225806451613
    },
    "2": {
      "x": 0.5338983050847458,
      "y": 0.3709677419354839
    },
    "3": {
      "x": 0.3474576271186441,
      "y": 0.21774193548387097
    },
    "4": {
      "x": 0.288135593220339,
      "y": 0.04032258064516129
    },
    "5": {
      "x": 0.4406779661016949,
      "y": 0.41935483870967744
    },
    "6": {
      "x": 0.0423728813559322,
      "y": 0.5403225806451613
    },
    "7": {
      "x": 0.1440677966101695,
      "y": 0.5887096774193549
    },
    "8": {
      "x": 0.288135593220339,
      "y": 0.5564516129032258
    },
    "9": {
      "x": 0.4830508474576271,
      "y": 0.5887096774193549
    },
    "10": {
      "x": 0.059322033898305086,
      "y": 0.7096774193548387
    },
    "11": {
      "x": 0.17796610169491525,
      "y": 0.7338709677419355
    },
    "12": {
      "x": 0.3135593220338983,
      "y": 0.6854838709677419
    },
    "13": {
      "x": 0.5254237288135594,
      "y": 0.7580645161290323
    },
    "14": {
      "x": 0.16101694915254236,
      "y": 0.8387096774193549
    },
    "15": {
      "x": 0.2796610169491525,
      "y": 0.8467741935483871
    },
    "16": {
      "x": 0.4067796610169492,
      "y": 0.7983870967741935
    },
    "17": {
      "x": 0.5847457627118644,
      "y": 0.9193548387096774
    },
    "18": {
      "x": 0.3050847457627119,
      "y": 0.9596774193548387
    },
    "19": {
      "x": 0.3898305084745763,
      "y": 0.9435483870967742
    },
    "20": {
      "x": 0.5,
      "y": 0.9193548387096774
    }
  }
}