{
  "label": "like",
  "dataset": {
    "0": {
      "x": 0.09271523178807947,
      "y": 0.9748743718592965
    },
    "1": {
      "x": 0.09271523178807947,
      "y": 0.7035175879396985
    },
    "2": {
      "x": 0.1456953642384106,
      "y": 0.40703517587939697
    },
    "3": {
      "x": 0.13245033112582782,
      "y": 0.18090452261306533
    },
    "4": {
      "x": 0.033112582781456956,
      "y": 0.02512562814070352
    },
    "5": {
      "x": 0.48344370860927155,
      "y": 0.4120603015075377
    },
    "6": {
      "x": 0.8807947019867549,
      "y": 0.38190954773869346
    },
    "7": {
      "x": 0.7814569536423841,
      "y": 0.46733668341708545
    },
    "8": {
      "x": 0.6291390728476821,
      "y": 0.49246231155778897
    },
    "9": {
      "x": 0.5827814569536424,
      "y": 0.5678391959798995
    },
    "10": {
      "x": 0.9403973509933775,
      "y": 0.5326633165829145
    },
    "11": {
      "x": 0.8278145695364238,
      "y": 0.6030150753768844
    },
    "12": {
      "x": 0.6821192052980133,
      "y": 0.628140703517588
    },
    "13": {
      "x": 0.6556291390728477,
      "y": 0.7386934673366834
    },
    "14": {
      "x": 0.9668874172185431,
      "y": 0.6834170854271356
    },
    "15": {
      "x": 0.847682119205298,
      "y": 0.7437185929648241
    },
    "16": {
      "x": 0.7019867549668874,
      "y": 0.7788944723618091
    },
    "17": {
      "x": 0.695364238410596,
      "y": 0.9045226130653267
    },
    "18": {
      "x": 0.9139072847682119,
      "y": 0.8442211055276382
    },
    "19": {
      "x": 0.7947019867549668,
      "y": 0.8844221105527639
    },
    "20": {
      "x": 0.6754966887417219,
      "y": 0.8994974874371859
    }
  }
}