{
  "label": "like",
  "dataset": {
    "0": {
      "x": 0.5531914893617021,
      "y": 0.8666666666666667
    },
    "1": {
      "x": 0.3829787234042553,
      "y": 0.75
    },
    "2": {
      "x": 0.2553191489361702,
      "y": 0.4666666666666667
    },
    "3": {
      "x": 0.1595744680851064,
      "y": 0.26666666666666666
    },
    "4": {
      "x": 0.05319148936170213,
      "y": 0.08333333333333333
    },
    "5": {
      "x": 0.5638297872340425,
      "y": 0.21666666666666667
    },
    "6": {
      "x": 0.48936170212765956,
      "y": 0.5833333333333334
    },
    "7": {
      "x": 0.43617021276595747,
      "y": 0.6833333333333333
    },
    "8": {
      "x": 0.44680851063829785,
      "y": 0.6
    },
    "9": {
      "x": 0.723404255319149,
      "y": 0.2833333333333333
    },
    "10": {
      "x": 0.6063829787234043,
      "y": 0.75
    },
    "11": {
      "x": 0.5531914893617021,
      "y": 0.7833333333333333
    },
    "12": {
      "x": 0.5638297872340425,
      "y": 0.6833333333333333
    },
    "13": {
      "x": 0.851063829787234,
      "y": 0.43333333333333335
    },
    "14": {
      "x": 0.723404255319149,
      "y": 0.8333333333333334
    },
    "15": {
      "x": 0.6702127659574468,
      "y": 0.8666666666666667
    },
    "16": {
      "x": 0.6808510638297872,
      "y": 0.7666666666666667
    },
    "17": {
      "x": 0.9468085106382979,
      "y": 0.6
    },
    "18": {
      "x": 0.8617021276595744,
      "y": 0.8833333333333333
    },
    "19": {
      "x": 0.7978723404255319,
      "y": 0.9166666666666666
    },
    "20": {
      "x": 0.7978723404255319,
      "y": 0.8333333333333334
    }
  }
}