{
  "label": "like",
  "dataset": {
    "0": {
      "x": 0.05263157894736842,
      "y": 0.734375
    },
    "1": {
      "x": 0.21052631578947367,
      "y": 0.5625
    },
    "2": {
      "x": 0.5052631578947369,
      "y": 0.3671875
    },
    "3": {
      "x": 0.6421052631578947,
      "y": 0.203125
    },
    "4": {
      "x": 0.6736842105263158,
      "y": 0.0390625
    },
    "5": {
      "x": 0.5368421052631579,
      "y": 0.5078125
    },
    "6": {
      "x": 0.9473684210526315,
      "y": 0.6328125
    },
    "7": {
      "x": 0.8210526315789474,
      "y": 0.625
    },
    "8": {
      "x": 0.6631578947368421,
      "y": 0.578125
    },
    "9": {
      "x": 0.4631578947368421,
      "y": 0.65625
    },
    "10": {
      "x": 0.8736842105263158,
      "y": 0.7578125
    },
    "11": {
      "x": 0.7473684210526316,
      "y": 0.7265625
    },
    "12": {
      "x": 0.6,
      "y": 0.6953125
    },
    "13": {
      "x": 0.4,
      "y": 0.8046875
    },
    "14": {
      "x": 0.7789473684210526,
      "y": 0.8671875
    },
    "15": {
      "x": 0.6631578947368421,
      "y": 0.828125
    },
    "16": {
      "x": 0.5157894736842106,
      "y": 0.8046875
    },
    "17": {
      "x": 0.3473684210526316,
      "y": 0.9296875
    },
    "18": {
      "x": 0.6631578947368421,
      "y": 0.9609375
    },
    "19": {
      "x": 0.5789473684210527,
      "y": 0.921875
    },
    "20": {
      "x": 0.4631578947368421,
      "y": 0.90625
    }
  }
}