{
  "label": "like",
  "dataset": {
    "0": {
      "x": 0.18032786885245902,
      "y": 0.7865168539325843
    },
    "1": {
      "x": 0.08196721311475409,
      "y": 0.5955056179775281
    },
    "2": {
      "x": 0.14754098360655737,
      "y": 0.39325842696629215
    },
    "3": {
      "x": 0.21311475409836064,
      "y": 0.2247191011235955
    },
    "4": {
      "x": 0.2459016393442623,
      "y": 0.056179775280898875
    },
    "5": {
      "x": 0.639344262295082,
      "y": 0.449438202247191
    },
    "6": {
      "x": 0.4262295081967213,
      "y": 0.6404494382022472
    },
    "7": {
      "x": 0.26229508196721313,
      "y": 0.6629213483146067
    },
    "8": {
      "x": 0.26229508196721313,
      "y": 0.6067415730337079
    },
    "9": {
      "x": 0.819672131147541,
      "y": 0.5842696629213483
    },
    "10": {
      "x": 0.5081967213114754,
      "y": 0.7752808988764045
    },
    "11": {
      "x": 0.3114754098360656,
      "y": 0.7752808988764045
    },
    "12": {
      "x": 0.3770491803278688,
      "y": 0.7191011235955056
    },
    "13": {
      "x": 0.9016393442622951,
      "y": 0.7191011235955056
    },
    "14": {
      "x": 0.6065573770491803,
      "y": 0.8764044943820225
    },
    "15": {
      "x": 0.4426229508196721,
      "y": 0.8651685393258427
    },
    "16": {
      "x": 0.4918032786885246,
      "y": 0.8089887640449438
    },
    "17": {
      "x": 0.9180327868852459,
      "y": 0.8426966292134831
    },
    "18": {
      "x": 0.7377049180327869,
      "y": 0.9438202247191011
    },
    "19": {
      "x": 0.6065573770491803,
      "y": 0.9325842696629213
    },
    "20": {
      "x": 0.6229508196721312,
      "y": 0.8876404494382022
    }
  }
}