{
  "label": "like",
  "dataset": {
    "0": {
      "x": 0.040983606557377046,
      "y": 0.7116564417177914
    },
    "1": {
      "x": 0.21311475409836064,
      "y": 0.50920245398773
    },
    "2": {
      "x": 0.4016393442622951,
      "y": 0.3374233128834356
    },
    "3": {
      "x": 0.4918032786885246,
      "y": 0.17791411042944785
    },
    "4": {
      "x": 0.5,
      "y": 0.03067484662576687
    },
    "5": {
      "x": 0.47540983606557374,
      "y": 0.49693251533742333
    },
    "6": {
      "x": 0.9590163934426229,
      "y": 0.5153374233128835
    },
    "7": {
      "x": 0.8278688524590164,
      "y": 0.5030674846625767
    },
    "8": {
      "x": 0.6639344262295082,
      "y": 0.49079754601226994
    },
    "9": {
      "x": 0.45081967213114754,
      "y": 0.6871165644171779
    },
    "10": {
      "x": 0.9590163934426229,
      "y": 0.6687116564417178
    },
    "11": {
      "x": 0.8524590163934426,
      "y": 0.6319018404907976
    },
    "12": {
      "x": 0.6885245901639344,
      "y": 0.6319018404907976
    },
    "13": {
      "x": 0.4344262295081967,
      "y": 0.8404907975460123
    },
    "14": {
      "x": 0.9016393442622951,
      "y": 0.8159509202453987
    },
    "15": {
      "x": 0.7868852459016393,
      "y": 0.7791411042944786
    },
    "16": {
      "x": 0.6475409836065574,
      "y": 0.7730061349693251
    },
    "17": {
      "x": 0.4180327868852459,
      "y": 0.9693251533742331
    },
    "18": {
      "x": 0.7704918032786885,
      "y": 0.950920245398773
    },
    "19": {
      "x": 0.7049180327868853,
      "y": 0.901840490797546
    },
    "20": {
      "x": 0.5819672131147541,
      "y": 0.8895705521472392
    }
  }
}