{
  "label": "like",
  "dataset": {
    "0": {
      "x": 0.034482758620689655,
      "y": 0.7219512195121951
    },
    "1": {
      "x": 0.2206896551724138,
      "y": 0.5463414634146342
    },
    "2": {
      "x": 0.4896551724137931,
      "y": 0.36585365853658536
    },
    "3": {
      "x": 0.5586206896551724,
      "y": 0.18536585365853658
    },
    "4": {
      "x": 0.5379310344827586,
      "y": 0.024390243902439025
    },
    "5": {
      "x": 0.5448275862068965,
      "y": 0.4975609756097561
    },
    "6": {
      "x": 0.9655172413793104,
      "y": 0.6390243902439025
    },
    "7": {
      "x": 0.8482758620689655,
      "y": 0.624390243902439
    },
    "8": {
      "x": 0.696551724137931,
      "y": 0.5707317073170731
    },
    "9": {
      "x": 0.46206896551724136,
      "y": 0.6585365853658537
    },
    "10": {
      "x": 0.9103448275862069,
      "y": 0.775609756097561
    },
    "11": {
      "x": 0.7862068965517242,
      "y": 0.7317073170731707
    },
    "12": {
      "x": 0.6275862068965518,
      "y": 0.6829268292682927
    },
    "13": {
      "x": 0.3931034482758621,
      "y": 0.8048780487804879
    },
    "14": {
      "x": 0.8206896551724138,
      "y": 0.8926829268292683
    },
    "15": {
      "x": 0.7034482758620689,
      "y": 0.8439024390243902
    },
    "16": {
      "x": 0.5448275862068965,
      "y": 0.8
    },
    "17": {
      "x": 0.3310344827586207,
      "y": 0.926829268292683
    },
    "18": {
      "x": 0.6620689655172414,
      "y": 0.975609756097561
    },
    "19": {
      "x": 0.5655172413793104,
      "y": 0.9317073170731708
    },
    "20": {
      "x": 0.43448275862068964,
      "y": 0.8926829268292683
    }
  }
}