{
  "label": "like",
  "dataset": {
    "0": {
      "x": 0.07142857142857142,
      "y": 0.6612903225806451
    },
    "1": {
      "x": 0.3,
      "y": 0.46774193548387094
    },
    "2": {
      "x": 0.6571428571428571,
      "y": 0.29838709677419356
    },
    "3": {
      "x": 0.8714285714285714,
      "y": 0.1774193548387097
    },
    "4": {
      "x": 0.9142857142857143,
      "y": 0.04032258064516129
    },
    "5": {
      "x": 0.2571428571428571,
      "y": 0.45161290322580644
    },
    "6": {
      "x": 0.9285714285714286,
      "y": 0.5161290322580645
    },
    "7": {
      "x": 0.8571428571428571,
      "y": 0.5
    },
    "8": {
      "x": 0.6142857142857143,
      "y": 0.46774193548387094
    },
    "9": {
      "x": 0.14285714285714285,
      "y": 0.6451612903225806
    },
    "10": {
      "x": 0.9,
      "y": 0.6854838709677419
    },
    "11": {
      "x": 0.7857142857142857,
      "y": 0.6451612903225806
    },
    "12": {
      "x": 0.5571428571428572,
      "y": 0.6209677419354839
    },
    "13": {
      "x": 0.14285714285714285,
      "y": 0.8145161290322581
    },
    "14": {
      "x": 0.8714285714285714,
      "y": 0.8387096774193549
    },
    "15": {
      "x": 0.7571428571428571,
      "y": 0.782258064516129
    },
    "16": {
      "x": 0.5714285714285714,
      "y": 0.7580645161290323
    },
    "17": {
      "x": 0.18571428571428572,
      "y": 0.9435483870967742
    },
    "18": {
      "x": 0.7857142857142857,
      "y": 0.9596774193548387
    },
    "19": {
      "x": 0.7428571428571429,
      "y": 0.9032258064516129
    },
    "20": {
      "x": 0.6,
      "y": 0.8629032258064516
    }
  }
}