{
  "label": "like",
  "dataset": {
    "0": {
      "x": 0.3493975903614458,
      "y": 0.6358695652173914
    },
    "1": {
      "x": 0.5662650602409639,
      "y": 0.4891304347826087
    },
    "2": {
      "x": 0.7710843373493976,
      "y": 0.33152173913043476
    },
    "3": {
      "x": 0.7228915662650602,
      "y": 0.17391304347826086
    },
    "4": {
      "x": 0.5903614457831325,
      "y": 0.02717391304347826
    },
    "5": {
      "x": 0.30120481927710846,
      "y": 0.41847826086956524
    },
    "6": {
      "x": 0.9397590361445783,
      "y": 0.5
    },
    "7": {
      "x": 0.7108433734939759,
      "y": 0.483695652173913
    },
    "8": {
      "x": 0.3855421686746988,
      "y": 0.44565217391304346
    },
    "9": {
      "x": 0.13253012048192772,
      "y": 0.6032608695652174
    },
    "10": {
      "x": 0.927710843373494,
      "y": 0.7010869565217391
    },
    "11": {
      "x": 0.7349397590361446,
      "y": 0.6630434782608695
    },
    "12": {
      "x": 0.42168674698795183,
      "y": 0.6141304347826086
    },
    "13": {
      "x": 0.07228915662650602,
      "y": 0.7663043478260869
    },
    "14": {
      "x": 0.8192771084337349,
      "y": 0.8586956521739131
    },
    "15": {
      "x": 0.6506024096385542,
      "y": 0.8097826086956522
    },
    "16": {
      "x": 0.37349397590361444,
      "y": 0.7554347826086957
    },
    "17": {
      "x": 0.060240963855421686,
      "y": 0.8913043478260869
    },
    "18": {
      "x": 0.5783132530120482,
      "y": 0.9728260869565217
    },
    "19": {
      "x": 0.4819277108433735,
      "y": 0.9239130434782609
    },
    "20": {
      "x": 0.25301204819277107,
      "y": 0.875
    }
  }
}