{
  "label": "like",
  "dataset": {
    "0": {
      "x": 0.9473684210526315,
      "y": 0.675
    },
    "1": {
      "x": 0.7157894736842105,
      "y": 0.5083333333333333
    },
    "2": {
      "x": 0.45263157894736844,
      "y": 0.35833333333333334
    },
    "3": {
      "x": 0.30526315789473685,
      "y": 0.2
    },
    "4": {
      "x": 0.2736842105263158,
      "y": 0.041666666666666664
    },
    "5": {
      "x": 0.4105263157894737,
      "y": 0.48333333333333334
    },
    "6": {
      "x": 0.05263157894736842,
      "y": 0.6583333333333333
    },
    "7": {
      "x": 0.14736842105263157,
      "y": 0.6583333333333333
    },
    "8": {
      "x": 0.2736842105263158,
      "y": 0.6083333333333333
    },
    "9": {
      "x": 0.49473684210526314,
      "y": 0.625
    },
    "10": {
      "x": 0.12631578947368421,
      "y": 0.8
    },
    "11": {
      "x": 0.23157894736842105,
      "y": 0.7833333333333333
    },
    "12": {
      "x": 0.3473684210526316,
      "y": 0.7166666666666667
    },
    "13": {
      "x": 0.5789473684210527,
      "y": 0.7583333333333333
    },
    "14": {
      "x": 0.25263157894736843,
      "y": 0.9
    },
    "15": {
      "x": 0.3368421052631579,
      "y": 0.8583333333333333
    },
    "16": {
      "x": 0.45263157894736844,
      "y": 0.7916666666666666
    },
    "17": {
      "x": 0.6736842105263158,
      "y": 0.8833333333333333
    },
    "18": {
      "x": 0.43157894736842106,
      "y": 0.9583333333333334
    },
    "19": {
      "x": 0.4842105263157895,
      "y": 0.9083333333333333
    },
    "20": {
      "x": 0.5789473684210527,
      "y": 0.85
    }
  }
}