{
  "label": "like",
  "dataset": {
    "0": {
      "x": 0.06818181818181818,
      "y": 0.8484848484848485
    },
    "1": {
      "x": 0.056818181818181816,
      "y": 0.5454545454545454
    },
    "2": {
      "x": 0.2159090909090909,
      "y": 0.32575757575757575
    },
    "3": {
      "x": 0.4090909090909091,
      "y": 0.16666666666666666
    },
    "4": {
      "x": 0.5340909090909091,
      "y": 0.03787878787878788
    },
    "5": {
      "x": 0.8181818181818182,
      "y": 0.45454545454545453
    },
    "6": {
      "x": 0.8522727272727273,
      "y": 0.44696969696969696
    },
    "7": {
      "x": 0.7045454545454546,
      "y": 0.4772727272727273
    },
    "8": {
      "x": 0.5795454545454546,
      "y": 0.5151515151515151
    },
    "9": {
      "x": 0.9318181818181818,
      "y": 0.6363636363636364
    },
    "10": {
      "x": 0.8522727272727273,
      "y": 0.6136363636363636
    },
    "11": {
      "x": 0.7159090909090909,
      "y": 0.6363636363636364
    },
    "12": {
      "x": 0.5909090909090909,
      "y": 0.6742424242424242
    },
    "13": {
      "x": 0.9431818181818182,
      "y": 0.803030303030303
    },
    "14": {
      "x": 0.8295454545454546,
      "y": 0.7727272727272727
    },
    "15": {
      "x": 0.7045454545454546,
      "y": 0.7878787878787878
    },
    "16": {
      "x": 0.5795454545454546,
      "y": 0.8181818181818182
    },
    "17": {
      "x": 0.8863636363636364,
      "y": 0.9621212121212122
    },
    "18": {
      "x": 0.8068181818181818,
      "y": 0.9318181818181818
    },
    "19": {
      "x": 0.6818181818181818,
      "y": 0.9318181818181818
    },
    "20": {
      "x": 0.5681818181818182,
      "y": 0.9393939393939394
    }
  }
}