{
  "label": "like",
  "dataset": {
    "0": {
      "x": 0.3409090909090909,
      "y": 0.8875
    },
    "1": {
      "x": 0.2727272727272727,
      "y": 0.6375
    },
    "2": {
      "x": 0.3181818181818182,
      "y": 0.4
    },
    "3": {
      "x": 0.4090909090909091,
      "y": 0.225
    },
    "4": {
      "x": 0.4772727272727273,
      "y": 0.0625
    },
    "5": {
      "x": 0.7954545454545454,
      "y": 0.4875
    },
    "6": {
      "x": 0.3409090909090909,
      "y": 0.5875
    },
    "7": {
      "x": 0.13636363636363635,
      "y": 0.6125
    },
    "8": {
      "x": 0.11363636363636363,
      "y": 0.6125
    },
    "9": {
      "x": 0.8863636363636364,
      "y": 0.65
    },
    "10": {
      "x": 0.38636363636363635,
      "y": 0.725
    },
    "11": {
      "x": 0.18181818181818182,
      "y": 0.7
    },
    "12": {
      "x": 0.11363636363636363,
      "y": 0.6875
    },
    "13": {
      "x": 0.8863636363636364,
      "y": 0.7875
    },
    "14": {
      "x": 0.38636363636363635,
      "y": 0.8375
    },
    "15": {
      "x": 0.22727272727272727,
      "y": 0.8125
    },
    "16": {
      "x": 0.20454545454545456,
      "y": 0.7875
    },
    "17": {
      "x": 0.8181818181818182,
      "y": 0.9125
    },
    "18": {
      "x": 0.45454545454545453,
      "y": 0.9375
    },
    "19": {
      "x": 0.3181818181818182,
      "y": 0.9375
    },
    "20": {
      "x": 0.29545454545454547,
      "y": 0.925
    }
  }
}