{
  "label": "like",
  "dataset": {
    "0": {
      "x": 0.047619047619047616,
      "y": 0.8413793103448276
    },
    "1": {
      "x": 0.1619047619047619,
      "y": 0.593103448275862
    },
    "2": {
      "x": 0.34285714285714286,
      "y": 0.3793103448275862
    },
    "3": {
      "x": 0.4380952380952381,
      "y": 0.19310344827586207
    },
    "4": {
      "x": 0.41904761904761906,
      "y": 0.034482758620689655
    },
    "5": {
      "x": 0.6857142857142857,
      "y": 0.5586206896551724
    },
    "6": {
      "x": 0.9333333333333333,
      "y": 0.4827586206896552
    },
    "7": {
      "x": 0.8,
      "y": 0.4896551724137931
    },
    "8": {
      "x": 0.6761904761904762,
      "y": 0.5172413793103449
    },
    "9": {
      "x": 0.7428571428571429,
      "y": 0.7172413793103448
    },
    "10": {
      "x": 0.9523809523809523,
      "y": 0.6137931034482759
    },
    "11": {
      "x": 0.8285714285714286,
      "y": 0.6068965517241379
    },
    "12": {
      "x": 0.7238095238095238,
      "y": 0.6413793103448275
    },
    "13": {
      "x": 0.7428571428571429,
      "y": 0.8551724137931035
    },
    "14": {
      "x": 0.9333333333333333,
      "y": 0.7517241379310344
    },
    "15": {
      "x": 0.8380952380952381,
      "y": 0.7379310344827587
    },
    "16": {
      "x": 0.7238095238095238,
      "y": 0.7724137931034483
    },
    "17": {
      "x": 0.7238095238095238,
      "y": 0.9655172413793104
    },
    "18": {
      "x": 0.9047619047619048,
      "y": 0.8827586206896552
    },
    "19": {
      "x": 0.8285714285714286,
      "y": 0.8551724137931035
    },
    "20": {
      "x": 0.7333333333333333,
      "y": 0.8758620689655172
    }
  }
}