{
  "label": "like",
  "dataset": {
    "0": {
      "x": 0.2962962962962963,
      "y": 0.6419753086419753
    },
    "1": {
      "x": 0.5061728395061729,
      "y": 0.5061728395061729
    },
    "2": {
      "x": 0.691358024691358,
      "y": 0.35802469135802467
    },
    "3": {
      "x": 0.8271604938271605,
      "y": 0.2222222222222222
    },
    "4": {
      "x": 0.9382716049382716,
      "y": 0.06172839506172839
    },
    "5": {
      "x": 0.48148148148148145,
      "y": 0.3950617283950617
    },
    "6": {
      "x": 0.7037037037037037,
      "y": 0.7037037037037037
    },
    "7": {
      "x": 0.7037037037037037,
      "y": 0.691358024691358
    },
    "8": {
      "x": 0.654320987654321,
      "y": 0.6296296296296297
    },
    "9": {
      "x": 0.2962962962962963,
      "y": 0.49382716049382713
    },
    "10": {
      "x": 0.5925925925925926,
      "y": 0.8518518518518519
    },
    "11": {
      "x": 0.5802469135802469,
      "y": 0.8024691358024691
    },
    "12": {
      "x": 0.5061728395061729,
      "y": 0.7160493827160493
    },
    "13": {
      "x": 0.16049382716049382,
      "y": 0.6049382716049383
    },
    "14": {
      "x": 0.43209876543209874,
      "y": 0.9135802469135802
    },
    "15": {
      "x": 0.43209876543209874,
      "y": 0.8765432098765432
    },
    "16": {
      "x": 0.38271604938271603,
      "y": 0.7777777777777778
    },
    "17": {
      "x": 0.06172839506172839,
      "y": 0.7037037037037037
    },
    "18": {
      "x": 0.2839506172839506,
      "y": 0.9382716049382716
    },
    "19": {
      "x": 0.30864197530864196,
      "y": 0.9135802469135802
    },
    "20": {
      "x": 0.25925925925925924,
      "y": 0.8641975308641975
    }
  }
}