{
  "label": "like",
  "dataset": {
    "0": {
      "x": 0.7142857142857143,
      "y": 0.8097345132743363
    },
    "1": {
      "x": 0.9553571428571429,
      "y": 0.6283185840707964
    },
    "2": {
      "x": 0.8839285714285714,
      "y": 0.37610619469026546
    },
    "3": {
      "x": 0.7589285714285714,
      "y": 0.20353982300884957
    },
    "4": {
      "x": 0.6607142857142857,
      "y": 0.022123893805309734
    },
    "5": {
      "x": 0.2767857142857143,
      "y": 0.4646017699115044
    },
    "6": {
      "x": 0.6964285714285714,
      "y": 0.588495575221239
    },
    "7": {
      "x": 0.9107142857142857,
      "y": 0.6371681415929203
    },
    "8": {
      "x": 0.8660714285714286,
      "y": 0.6283185840707964
    },
    "9": {
      "x": 0.09821428571428571,
      "y": 0.6150442477876106
    },
    "10": {
      "x": 0.6696428571428571,
      "y": 0.7566371681415929
    },
    "11": {
      "x": 0.8571428571428571,
      "y": 0.7610619469026548
    },
    "12": {
      "x": 0.7946428571428571,
      "y": 0.7256637168141593
    },
    "13": {
      "x": 0.044642857142857144,
      "y": 0.7610619469026548
    },
    "14": {
      "x": 0.5446428571428571,
      "y": 0.8761061946902655
    },
    "15": {
      "x": 0.7410714285714286,
      "y": 0.8716814159292036
    },
    "16": {
      "x": 0.7053571428571429,
      "y": 0.831858407079646
    },
    "17": {
      "x": 0.044642857142857144,
      "y": 0.9026548672566371
    },
    "18": {
      "x": 0.375,
      "y": 0.9778761061946902
    },
    "19": {
      "x": 0.5446428571428571,
      "y": 0.9690265486725663
    },
    "20": {
      "x": 0.5446428571428571,
      "y": 0.9380530973451328
    }
  }
}