{
  "label": "like",
  "dataset": {
    "0": {
      "x": 0.12195121951219512,
      "y": 0.75
    },
    "1": {
      "x": 0.1951219512195122,
      "y": 0.5714285714285714
    },
    "2": {
      "x": 0.3902439024390244,
      "y": 0.39285714285714285
    },
    "3": {
      "x": 0.4634146341463415,
      "y": 0.23214285714285715
    },
    "4": {
      "x": 0.4878048780487805,
      "y": 0.08928571428571429
    },
    "5": {
      "x": 0.5121951219512195,
      "y": 0.4642857142857143
    },
    "6": {
      "x": 0.8780487804878049,
      "y": 0.5357142857142857
    },
    "7": {
      "x": 0.7560975609756098,
      "y": 0.5535714285714286
    },
    "8": {
      "x": 0.6341463414634146,
      "y": 0.5178571428571429
    },
    "9": {
      "x": 0.5121951219512195,
      "y": 0.6071428571428571
    },
    "10": {
      "x": 0.8780487804878049,
      "y": 0.6785714285714286
    },
    "11": {
      "x": 0.7560975609756098,
      "y": 0.6785714285714286
    },
    "12": {
      "x": 0.6097560975609756,
      "y": 0.6607142857142857
    },
    "13": {
      "x": 0.4878048780487805,
      "y": 0.75
    },
    "14": {
      "x": 0.8292682926829268,
      "y": 0.8035714285714286
    },
    "15": {
      "x": 0.7073170731707317,
      "y": 0.8035714285714286
    },
    "16": {
      "x": 0.5853658536585366,
      "y": 0.7857142857142857
    },
    "17": {
      "x": 0.4878048780487805,
      "y": 0.875
    },
    "18": {
      "x": 0.7560975609756098,
      "y": 0.9107142857142857
    },
    "19": {
      "x": 0.6585365853658537,
      "y": 0.8928571428571429
    },
    "20": {
      "x": 0.5365853658536586,
      "y": 0.8928571428571429
    }
  }
}