{
  "label": "like",
  "dataset": {
    "0": {
      "x": 0.9367088607594937,
      "y": 0.9557522123893806
    },
    "1": {
      "x": 0.8734177215189873,
      "y": 0.7256637168141593
    },
    "2": {
      "x": 0.6962025316455697,
      "y": 0.4336283185840708
    },
    "3": {
      "x": 0.6455696202531646,
      "y": 0.21238938053097345
    },
    "4": {
      "x": 0.7721518987341772,
      "y": 0.04424778761061947
    },
    "5": {
      "x": 0.6329113924050633,
      "y": 0.4424778761061947
    },
    "6": {
      "x": 0.12658227848101267,
      "y": 0.4424778761061947
    },
    "7": {
      "x": 0.22784810126582278,
      "y": 0.5221238938053098
    },
    "8": {
      "x": 0.4050632911392405,
      "y": 0.5221238938053098
    },
    "9": {
      "x": 0.620253164556962,
      "y": 0.6017699115044248
    },
    "10": {
      "x": 0.06329113924050633,
      "y": 0.6106194690265486
    },
    "11": {
      "x": 0.20253164556962025,
      "y": 0.6548672566371682
    },
    "12": {
      "x": 0.379746835443038,
      "y": 0.6637168141592921
    },
    "13": {
      "x": 0.5822784810126582,
      "y": 0.7787610619469026
    },
    "14": {
      "x": 0.10126582278481013,
      "y": 0.7699115044247787
    },
    "15": {
      "x": 0.24050632911392406,
      "y": 0.8053097345132744
    },
    "16": {
      "x": 0.3924050632911392,
      "y": 0.8141592920353983
    },
    "17": {
      "x": 0.5443037974683544,
      "y": 0.9380530973451328
    },
    "18": {
      "x": 0.16455696202531644,
      "y": 0.911504424778761
    },
    "19": {
      "x": 0.2911392405063291,
      "y": 0.9292035398230089
    },
    "20": {
      "x": 0.43037974683544306,
      "y": 0.9380530973451328
    }
  }
}