{
  "label": "like",
  "dataset": {
    "0": {
      "x": 0.4,
      "y": 0.6764705882352942
    },
    "1": {
      "x": 0.2,
      "y": 0.5196078431372549
    },
    "2": {
      "x": 0.10909090909090909,
      "y": 0.3627450980392157
    },
    "3": {
      "x": 0.18181818181818182,
      "y": 0.20588235294117646
    },
    "4": {
      "x": 0.3090909090909091,
      "y": 0.049019607843137254
    },
    "5": {
      "x": 0.6909090909090909,
      "y": 0.38235294117647056
    },
    "6": {
      "x": 0.09090909090909091,
      "y": 0.47058823529411764
    },
    "7": {
      "x": 0.14545454545454545,
      "y": 0.45098039215686275
    },
    "8": {
      "x": 0.36363636363636365,
      "y": 0.43137254901960786
    },
    "9": {
      "x": 0.8909090909090909,
      "y": 0.5686274509803921
    },
    "10": {
      "x": 0.12727272727272726,
      "y": 0.6764705882352942
    },
    "11": {
      "x": 0.18181818181818182,
      "y": 0.6274509803921569
    },
    "12": {
      "x": 0.4,
      "y": 0.5882352941176471
    },
    "13": {
      "x": 0.9090909090909091,
      "y": 0.7352941176470589
    },
    "14": {
      "x": 0.21818181818181817,
      "y": 0.8333333333333334
    },
    "15": {
      "x": 0.2545454545454545,
      "y": 0.7745098039215687
    },
    "16": {
      "x": 0.43636363636363634,
      "y": 0.7352941176470589
    },
    "17": {
      "x": 0.8545454545454545,
      "y": 0.8921568627450981
    },
    "18": {
      "x": 0.34545454545454546,
      "y": 0.9509803921568627
    },
    "19": {
      "x": 0.3090909090909091,
      "y": 0.9019607843137255
    },
    "20": {
      "x": 0.41818181818181815,
      "y": 0.8725490196078431
    }
  }
}