{
  "label": "like",
  "dataset": {
    "0": {
      "x": 0.21978021978021978,
      "y": 0.9707602339181286
    },
    "1": {
      "x": 0.27472527472527475,
      "y": 0.6900584795321637
    },
    "2": {
      "x": 0.32967032967032966,
      "y": 0.39766081871345027
    },
    "3": {
      "x": 0.24175824175824176,
      "y": 0.18128654970760233
    },
    "4": {
      "x": 0.054945054945054944,
      "y": 0.029239766081871343
    },
    "5": {
      "x": 0.2087912087912088,
      "y": 0.43859649122807015
    },
    "6": {
      "x": 0.8571428571428571,
      "y": 0.4327485380116959
    },
    "7": {
      "x": 0.7472527472527473,
      "y": 0.5029239766081871
    },
    "8": {
      "x": 0.5274725274725275,
      "y": 0.49707602339181284
    },
    "9": {
      "x": 0.1978021978021978,
      "y": 0.6023391812865497
    },
    "10": {
      "x": 0.9340659340659341,
      "y": 0.5789473684210527
    },
    "11": {
      "x": 0.7582417582417582,
      "y": 0.631578947368421
    },
    "12": {
      "x": 0.5604395604395604,
      "y": 0.6374269005847953
    },
    "13": {
      "x": 0.25274725274725274,
      "y": 0.7485380116959064
    },
    "14": {
      "x": 0.945054945054945,
      "y": 0.7192982456140351
    },
    "15": {
      "x": 0.7692307692307693,
      "y": 0.7660818713450293
    },
    "16": {
      "x": 0.5824175824175825,
      "y": 0.7602339181286549
    },
    "17": {
      "x": 0.31868131868131866,
      "y": 0.8830409356725146
    },
    "18": {
      "x": 0.9010989010989011,
      "y": 0.847953216374269
    },
    "19": {
      "x": 0.7582417582417582,
      "y": 0.8713450292397661
    },
    "20": {
      "x": 0.5604395604395604,
      "y": 0.8713450292397661
    }
  }
}