{
  "label": "like",
  "dataset": {
    "0": {
      "x": 0.17073170731707318,
      "y": 0.9137931034482759
    },
    "1": {
      "x": 0.12195121951219512,
      "y": 0.6724137931034483
    },
    "2": {
      "x": 0.2682926829268293,
      "y": 0.39655172413793105
    },
    "3": {
      "x": 0.43902439024390244,
      "y": 0.22413793103448276
    },
    "4": {
      "x": 0.4146341463414634,
      "y": 0.08620689655172414
    },
    "5": {
      "x": 0.5853658536585366,
      "y": 0.3448275862068966
    },
    "6": {
      "x": 0.7560975609756098,
      "y": 0.41379310344827586
    },
    "7": {
      "x": 0.5609756097560976,
      "y": 0.5172413793103449
    },
    "8": {
      "x": 0.3902439024390244,
      "y": 0.5517241379310345
    },
    "9": {
      "x": 0.7073170731707317,
      "y": 0.46551724137931033
    },
    "10": {
      "x": 0.7804878048780488,
      "y": 0.5172413793103449
    },
    "11": {
      "x": 0.5609756097560976,
      "y": 0.6206896551724138
    },
    "12": {
      "x": 0.4146341463414634,
      "y": 0.6551724137931034
    },
    "13": {
      "x": 0.7804878048780488,
      "y": 0.5862068965517241
    },
    "14": {
      "x": 0.8292682926829268,
      "y": 0.6379310344827587
    },
    "15": {
      "x": 0.6341463414634146,
      "y": 0.7068965517241379
    },
    "16": {
      "x": 0.4878048780487805,
      "y": 0.7068965517241379
    },
    "17": {
      "x": 0.8048780487804879,
      "y": 0.7241379310344828
    },
    "18": {
      "x": 0.8780487804878049,
      "y": 0.7413793103448276
    },
    "19": {
      "x": 0.7317073170731707,
      "y": 0.7758620689655172
    },
    "20": {
      "x": 0.5853658536585366,
      "y": 0.7758620689655172
    }
  }
}