{
  "label": "like",
  "dataset": {
    "0": {
      "x": 0.578125,
      "y": 0.9647887323943662
    },
    "1": {
      "x": 0.421875,
      "y": 0.6690140845070423
    },
    "2": {
      "x": 0.390625,
      "y": 0.4014084507042254
    },
    "3": {
      "x": 0.40625,
      "y": 0.2112676056338028
    },
    "4": {
      "x": 0.484375,
      "y": 0.035211267605633804
    },
    "5": {
      "x": 0.890625,
      "y": 0.4859154929577465
    },
    "6": {
      "x": 0.171875,
      "y": 0.5211267605633803
    },
    "7": {
      "x": 0.140625,
      "y": 0.5915492957746479
    },
    "8": {
      "x": 0.34375,
      "y": 0.5915492957746479
    },
    "9": {
      "x": 0.921875,
      "y": 0.6619718309859155
    },
    "10": {
      "x": 0.078125,
      "y": 0.6549295774647887
    },
    "11": {
      "x": 0.171875,
      "y": 0.6901408450704225
    },
    "12": {
      "x": 0.421875,
      "y": 0.6971830985915493
    },
    "13": {
      "x": 0.859375,
      "y": 0.8169014084507042
    },
    "14": {
      "x": 0.09375,
      "y": 0.7816901408450704
    },
    "15": {
      "x": 0.1875,
      "y": 0.823943661971831
    },
    "16": {
      "x": 0.40625,
      "y": 0.8309859154929577
    },
    "17": {
      "x": 0.75,
      "y": 0.9577464788732394
    },
    "18": {
      "x": 0.203125,
      "y": 0.9295774647887324
    },
    "19": {
      "x": 0.265625,
      "y": 0.9507042253521126
    },
    "20": {
      "x": 0.4375,
      "y": 0.9647887323943662
    }
  }
}