{
  "label": "like",
  "dataset": {
    "0": {
      "x": 0.9326923076923077,
      "y": 0.13580246913580246
    },
    "1": {
      "x": 0.6730769230769231,
      "y": 0.1111111111111111
    },
    "2": {
      "x": 0.40384615384615385,
      "y": 0.19753086419753085
    },
    "3": {
      "x": 0.20192307692307693,
      "y": 0.1728395061728395
    },
    "4": {
      "x": 0.04807692307692308,
      "y": 0.06172839506172839
    },
    "5": {
      "x": 0.49038461538461536,
      "y": 0.2839506172839506
    },
    "6": {
      "x": 0.33653846153846156,
      "y": 0.7037037037037037
    },
    "7": {
      "x": 0.38461538461538464,
      "y": 0.5925925925925926
    },
    "8": {
      "x": 0.4519230769230769,
      "y": 0.43209876543209874
    },
    "9": {
      "x": 0.6538461538461539,
      "y": 0.4074074074074074
    },
    "10": {
      "x": 0.47115384615384615,
      "y": 0.8395061728395061
    },
    "11": {
      "x": 0.5096153846153846,
      "y": 0.7160493827160493
    },
    "12": {
      "x": 0.5865384615384616,
      "y": 0.5432098765432098
    },
    "13": {
      "x": 0.8173076923076923,
      "y": 0.5185185185185185
    },
    "14": {
      "x": 0.6153846153846154,
      "y": 0.9259259259259259
    },
    "15": {
      "x": 0.6442307692307693,
      "y": 0.8024691358024691
    },
    "16": {
      "x": 0.7115384615384616,
      "y": 0.654320987654321
    },
    "17": {
      "x": 0.9519230769230769,
      "y": 0.6172839506172839
    },
    "18": {
      "x": 0.7788461538461539,
      "y": 0.9382716049382716
    },
    "19": {
      "x": 0.7884615384615384,
      "y": 0.8395061728395061
    },
    "20": {
      "x": 0.8461538461538461,
      "y": 0.7160493827160493
    }
  }
}