{
  "label": "like",
  "dataset": {
    "0": {
      "x": 0.4492753623188406,
      "y": 0.656
    },
    "1": {
      "x": 0.6811594202898551,
      "y": 0.456
    },
    "2": {
      "x": 0.8115942028985508,
      "y": 0.296
    },
    "3": {
      "x": 0.782608695652174,
      "y": 0.176
    },
    "4": {
      "x": 0.6231884057971014,
      "y": 0.04
    },
    "5": {
      "x": 0.3333333333333333,
      "y": 0.368
    },
    "6": {
      "x": 0.8695652173913043,
      "y": 0.6
    },
    "7": {
      "x": 0.927536231884058,
      "y": 0.56
    },
    "8": {
      "x": 0.855072463768116,
      "y": 0.472
    },
    "9": {
      "x": 0.14492753623188406,
      "y": 0.56
    },
    "10": {
      "x": 0.8405797101449275,
      "y": 0.752
    },
    "11": {
      "x": 0.8840579710144928,
      "y": 0.672
    },
    "12": {
      "x": 0.7246376811594203,
      "y": 0.6
    },
    "13": {
      "x": 0.08695652173913043,
      "y": 0.72
    },
    "14": {
      "x": 0.7101449275362319,
      "y": 0.88
    },
    "15": {
      "x": 0.7536231884057971,
      "y": 0.8
    },
    "16": {
      "x": 0.6376811594202898,
      "y": 0.72
    },
    "17": {
      "x": 0.07246376811594203,
      "y": 0.856
    },
    "18": {
      "x": 0.5652173913043478,
      "y": 0.96
    },
    "19": {
      "x": 0.6376811594202898,
      "y": 0.904
    },
    "20": {
      "x": 0.5797101449275363,
      "y": 0.848
    }
  }
}