{
  "label": "like",
  "dataset": {
    "0": {
      "x": 0.8,
      "y": 0.5233160621761658
    },
    "1": {
      "x": 0.5241379310344828,
      "y": 0.43523316062176165
    },
    "2": {
      "x": 0.2620689655172414,
      "y": 0.3316062176165803
    },
    "3": {
      "x": 0.11724137931034483,
      "y": 0.18134715025906736
    },
    "4": {
      "x": 0.034482758620689655,
      "y": 0.025906735751295335
    },
    "5": {
      "x": 0.5310344827586206,
      "y": 0.35233160621761656
    },
    "6": {
      "x": 0.2620689655172414,
      "y": 0.6787564766839378
    },
    "7": {
      "x": 0.1103448275862069,
      "y": 0.7927461139896373
    },
    "8": {
      "x": 0.06206896551724138,
      "y": 0.8290155440414507
    },
    "9": {
      "x": 0.7448275862068966,
      "y": 0.47150259067357514
    },
    "10": {
      "x": 0.38620689655172413,
      "y": 0.8186528497409327
    },
    "11": {
      "x": 0.2,
      "y": 0.9015544041450777
    },
    "12": {
      "x": 0.1724137931034483,
      "y": 0.8963730569948186
    },
    "13": {
      "x": 0.8827586206896552,
      "y": 0.5958549222797928
    },
    "14": {
      "x": 0.5310344827586206,
      "y": 0.9015544041450777
    },
    "15": {
      "x": 0.3448275862068966,
      "y": 0.9585492227979274
    },
    "16": {
      "x": 0.3103448275862069,
      "y": 0.927461139896373
    },
    "17": {
      "x": 0.9655172413793104,
      "y": 0.7150259067357513
    },
    "18": {
      "x": 0.6758620689655173,
      "y": 0.9430051813471503
    },
    "19": {
      "x": 0.5241379310344828,
      "y": 0.9740932642487047
    },
    "20": {
      "x": 0.4896551724137931,
      "y": 0.9378238341968912
    }
  }
}