{
  "label": "like",
  "dataset": {
    "0": {
      "x": 0.047619047619047616,
      "y": 0.9723756906077348
    },
    "1": {
      "x": 0.09523809523809523,
      "y": 0.6961325966850829
    },
    "2": {
      "x": 0.20952380952380953,
      "y": 0.40331491712707185
    },
    "3": {
      "x": 0.3238095238095238,
      "y": 0.19889502762430938
    },
    "4": {
      "x": 0.3142857142857143,
      "y": 0.027624309392265192
    },
    "5": {
      "x": 0.11428571428571428,
      "y": 0.40331491712707185
    },
    "6": {
      "x": 0.819047619047619,
      "y": 0.287292817679558
    },
    "7": {
      "x": 0.8,
      "y": 0.3756906077348066
    },
    "8": {
      "x": 0.6666666666666666,
      "y": 0.44751381215469616
    },
    "9": {
      "x": 0.10476190476190476,
      "y": 0.5524861878453039
    },
    "10": {
      "x": 0.9523809523809523,
      "y": 0.4861878453038674
    },
    "11": {
      "x": 0.8,
      "y": 0.5469613259668509
    },
    "12": {
      "x": 0.5428571428571428,
      "y": 0.574585635359116
    },
    "13": {
      "x": 0.13333333333333333,
      "y": 0.7458563535911602
    },
    "14": {
      "x": 0.9238095238095239,
      "y": 0.6740331491712708
    },
    "15": {
      "x": 0.7428571428571429,
      "y": 0.712707182320442
    },
    "16": {
      "x": 0.47619047619047616,
      "y": 0.7237569060773481
    },
    "17": {
      "x": 0.17142857142857143,
      "y": 0.9447513812154696
    },
    "18": {
      "x": 0.8,
      "y": 0.8729281767955801
    },
    "19": {
      "x": 0.6666666666666666,
      "y": 0.8784530386740331
    },
    "20": {
      "x": 0.42857142857142855,
      "y": 0.8839779005524862
    }
  }
}