{
  "label": "like",
  "dataset": {
    "0": {
      "x": 0.9397590361445783,
      "y": 0.813953488372093
    },
    "1": {
      "x": 0.8313253012048193,
      "y": 0.5813953488372093
    },
    "2": {
      "x": 0.5542168674698795,
      "y": 0.37209302325581395
    },
    "3": {
      "x": 0.3614457831325301,
      "y": 0.20155038759689922
    },
    "4": {
      "x": 0.30120481927710846,
      "y": 0.03875968992248062
    },
    "5": {
      "x": 0.14457831325301204,
      "y": 0.5503875968992248
    },
    "6": {
      "x": 0.060240963855421686,
      "y": 0.5038759689922481
    },
    "7": {
      "x": 0.3373493975903614,
      "y": 0.5271317829457365
    },
    "8": {
      "x": 0.3253012048192771,
      "y": 0.5426356589147286
    },
    "9": {
      "x": 0.10843373493975904,
      "y": 0.6976744186046512
    },
    "10": {
      "x": 0.08433734939759036,
      "y": 0.6511627906976745
    },
    "11": {
      "x": 0.42168674698795183,
      "y": 0.6511627906976745
    },
    "12": {
      "x": 0.3493975903614458,
      "y": 0.6666666666666666
    },
    "13": {
      "x": 0.12048192771084337,
      "y": 0.8372093023255814
    },
    "14": {
      "x": 0.10843373493975904,
      "y": 0.8062015503875969
    },
    "15": {
      "x": 0.39759036144578314,
      "y": 0.7829457364341085
    },
    "16": {
      "x": 0.3373493975903614,
      "y": 0.7906976744186046
    },
    "17": {
      "x": 0.1566265060240964,
      "y": 0.9612403100775194
    },
    "18": {
      "x": 0.1686746987951807,
      "y": 0.9457364341085271
    },
    "19": {
      "x": 0.3614457831325301,
      "y": 0.9147286821705426
    },
    "20": {
      "x": 0.3614457831325301,
      "y": 0.9147286821705426
    }
  }
}