{
  "label": "like",
  "dataset": {
    "0": {
      "x": 0.7735849056603774,
      "y": 0.945054945054945
    },
    "1": {
      "x": 0.8679245283018868,
      "y": 0.6703296703296703
    },
    "2": {
      "x": 0.7735849056603774,
      "y": 0.4175824175824176
    },
    "3": {
      "x": 0.660377358490566,
      "y": 0.23076923076923078
    },
    "4": {
      "x": 0.5471698113207547,
      "y": 0.054945054945054944
    },
    "5": {
      "x": 0.32075471698113206,
      "y": 0.38461538461538464
    },
    "6": {
      "x": 0.7169811320754716,
      "y": 0.43956043956043955
    },
    "7": {
      "x": 0.8867924528301887,
      "y": 0.5604395604395604
    },
    "8": {
      "x": 0.9056603773584906,
      "y": 0.6153846153846154
    },
    "9": {
      "x": 0.18867924528301888,
      "y": 0.5164835164835165
    },
    "10": {
      "x": 0.6792452830188679,
      "y": 0.5604395604395604
    },
    "11": {
      "x": 0.8301886792452831,
      "y": 0.6703296703296703
    },
    "12": {
      "x": 0.8113207547169812,
      "y": 0.7362637362637363
    },
    "13": {
      "x": 0.11320754716981132,
      "y": 0.6593406593406593
    },
    "14": {
      "x": 0.6037735849056604,
      "y": 0.7032967032967034
    },
    "15": {
      "x": 0.7547169811320755,
      "y": 0.7802197802197802
    },
    "16": {
      "x": 0.7169811320754716,
      "y": 0.8131868131868132
    },
    "17": {
      "x": 0.09433962264150944,
      "y": 0.8131868131868132
    },
    "18": {
      "x": 0.4716981132075472,
      "y": 0.8131868131868132
    },
    "19": {
      "x": 0.6226415094339622,
      "y": 0.8351648351648352
    },
    "20": {
      "x": 0.6226415094339622,
      "y": 0.8571428571428571
    }
  }
}