{
  "label": "like",
  "dataset": {
    "0": {
      "x": 0.9230769230769231,
      "y": 0.9468085106382979
    },
    "1": {
      "x": 0.9230769230769231,
      "y": 0.6808510638297872
    },
    "2": {
      "x": 0.7692307692307693,
      "y": 0.39361702127659576
    },
    "3": {
      "x": 0.7538461538461538,
      "y": 0.19148936170212766
    },
    "4": {
      "x": 0.8615384615384616,
      "y": 0.05319148936170213
    },
    "5": {
      "x": 0.7076923076923077,
      "y": 0.4148936170212766
    },
    "6": {
      "x": 0.26153846153846155,
      "y": 0.24468085106382978
    },
    "7": {
      "x": 0.3384615384615385,
      "y": 0.32978723404255317
    },
    "8": {
      "x": 0.5076923076923077,
      "y": 0.39361702127659576
    },
    "9": {
      "x": 0.5846153846153846,
      "y": 0.5638297872340425
    },
    "10": {
      "x": 0.13846153846153847,
      "y": 0.3723404255319149
    },
    "11": {
      "x": 0.24615384615384617,
      "y": 0.44680851063829785
    },
    "12": {
      "x": 0.4153846153846154,
      "y": 0.5106382978723404
    },
    "13": {
      "x": 0.47692307692307695,
      "y": 0.7127659574468085
    },
    "14": {
      "x": 0.07692307692307693,
      "y": 0.5319148936170213
    },
    "15": {
      "x": 0.18461538461538463,
      "y": 0.5851063829787234
    },
    "16": {
      "x": 0.3384615384615385,
      "y": 0.648936170212766
    },
    "17": {
      "x": 0.36923076923076925,
      "y": 0.8617021276595744
    },
    "18": {
      "x": 0.09230769230769231,
      "y": 0.7021276595744681
    },
    "19": {
      "x": 0.2,
      "y": 0.723404255319149
    },
    "20": {
      "x": 0.3076923076923077,
      "y": 0.7872340425531915
    }
  }
}