{
  "label": "like",
  "dataset": {
    "0": {
      "x": 0.7373737373737373,
      "y": 0.7631578947368421
    },
    "1": {
      "x": 0.9494949494949495,
      "y": 0.5789473684210527
    },
    "2": {
      "x": 0.9292929292929293,
      "y": 0.3618421052631579
    },
    "3": {
      "x": 0.8282828282828283,
      "y": 0.21052631578947367
    },
    "4": {
      "x": 0.7575757575757576,
      "y": 0.03289473684210526
    },
    "5": {
      "x": 0.41414141414141414,
      "y": 0.375
    },
    "6": {
      "x": 0.6868686868686869,
      "y": 0.6513157894736842
    },
    "7": {
      "x": 0.8181818181818182,
      "y": 0.6513157894736842
    },
    "8": {
      "x": 0.8181818181818182,
      "y": 0.5789473684210527
    },
    "9": {
      "x": 0.20202020202020202,
      "y": 0.5263157894736842
    },
    "10": {
      "x": 0.5858585858585859,
      "y": 0.7828947368421053
    },
    "11": {
      "x": 0.696969696969697,
      "y": 0.75
    },
    "12": {
      "x": 0.6666666666666666,
      "y": 0.6776315789473685
    },
    "13": {
      "x": 0.09090909090909091,
      "y": 0.6776315789473685
    },
    "14": {
      "x": 0.45454545454545453,
      "y": 0.9013157894736842
    },
    "15": {
      "x": 0.5656565656565656,
      "y": 0.868421052631579
    },
    "16": {
      "x": 0.5353535353535354,
      "y": 0.7894736842105263
    },
    "17": {
      "x": 0.050505050505050504,
      "y": 0.8157894736842105
    },
    "18": {
      "x": 0.31313131313131315,
      "y": 0.9671052631578947
    },
    "19": {
      "x": 0.42424242424242425,
      "y": 0.9473684210526315
    },
    "20": {
      "x": 0.42424242424242425,
      "y": 0.9013157894736842
    }
  }
}