{
  "label": "like",
  "dataset": {
    "0": {
      "x": 0.6744186046511628,
      "y": 0.732484076433121
    },
    "1": {
      "x": 0.7790697674418605,
      "y": 0.5668789808917197
    },
    "2": {
      "x": 0.7093023255813954,
      "y": 0.37579617834394907
    },
    "3": {
      "x": 0.6744186046511628,
      "y": 0.19745222929936307
    },
    "4": {
      "x": 0.6744186046511628,
      "y": 0.03184713375796178
    },
    "5": {
      "x": 0.23255813953488372,
      "y": 0.42038216560509556
    },
    "6": {
      "x": 0.6627906976744186,
      "y": 0.5222929936305732
    },
    "7": {
      "x": 0.8837209302325582,
      "y": 0.6178343949044586
    },
    "8": {
      "x": 0.9418604651162791,
      "y": 0.6624203821656051
    },
    "9": {
      "x": 0.10465116279069768,
      "y": 0.5859872611464968
    },
    "10": {
      "x": 0.6395348837209303,
      "y": 0.6878980891719745
    },
    "11": {
      "x": 0.8255813953488372,
      "y": 0.732484076433121
    },
    "12": {
      "x": 0.813953488372093,
      "y": 0.732484076433121
    },
    "13": {
      "x": 0.05813953488372093,
      "y": 0.7452229299363057
    },
    "14": {
      "x": 0.5581395348837209,
      "y": 0.8343949044585988
    },
    "15": {
      "x": 0.7441860465116279,
      "y": 0.8471337579617835
    },
    "16": {
      "x": 0.7790697674418605,
      "y": 0.8280254777070064
    },
    "17": {
      "x": 0.06976744186046512,
      "y": 0.9044585987261147
    },
    "18": {
      "x": 0.4186046511627907,
      "y": 0.9681528662420382
    },
    "19": {
      "x": 0.6162790697674418,
      "y": 0.9426751592356688
    },
    "20": {
      "x": 0.686046511627907,
      "y": 0.9044585987261147
    }
  }
}