{
  "label": "like",
  "dataset": {
    "0": {
      "x": 0.02304147465437788,
      "y": 0.7913043478260869
    },
    "1": {
      "x": 0.17511520737327188,
      "y": 0.5768115942028985
    },
    "2": {
      "x": 0.4930875576036866,
      "y": 0.3391304347826087
    },
    "3": {
      "x": 0.6267281105990783,
      "y": 0.17971014492753623
    },
    "4": {
      "x": 0.631336405529954,
      "y": 0.014492753623188406
    },
    "5": {
      "x": 0.4055299539170507,
      "y": 0.4666666666666667
    },
    "6": {
      "x": 0.9769585253456221,
      "y": 0.5478260869565217
    },
    "7": {
      "x": 0.8709677419354839,
      "y": 0.5333333333333333
    },
    "8": {
      "x": 0.631336405529954,
      "y": 0.5072463768115942
    },
    "9": {
      "x": 0.3225806451612903,
      "y": 0.6492753623188405
    },
    "10": {
      "x": 0.9585253456221198,
      "y": 0.7217391304347827
    },
    "11": {
      "x": 0.8018433179723502,
      "y": 0.6956521739130435
    },
    "12": {
      "x": 0.5345622119815668,
      "y": 0.6782608695652174
    },
    "13": {
      "x": 0.2903225806451613,
      "y": 0.8289855072463768
    },
    "14": {
      "x": 0.8755760368663594,
      "y": 0.8608695652173913
    },
    "15": {
      "x": 0.7327188940092166,
      "y": 0.8347826086956521
    },
    "16": {
      "x": 0.4930875576036866,
      "y": 0.8289855072463768
    },
    "17": {
      "x": 0.28110599078341014,
      "y": 0.9768115942028985
    },
    "18": {
      "x": 0.7327188940092166,
      "y": 0.9855072463768116
    },
    "19": {
      "x": 0.6497695852534562,
      "y": 0.9507246376811594
    },
    "20": {
      "x": 0.46543778801843316,
      "y": 0.9449275362318841
    }
  }
}