{
  "label": "like",
  "dataset": {
    "0": {
      "x": 0.6376811594202898,
      "y": 0.6666666666666666
    },
    "1": {
      "x": 0.8695652173913043,
      "y": 0.45614035087719296
    },
    "2": {
      "x": 0.927536231884058,
      "y": 0.2543859649122807
    },
    "3": {
      "x": 0.7681159420289855,
      "y": 0.15789473684210525
    },
    "4": {
      "x": 0.5362318840579711,
      "y": 0.043859649122807015
    },
    "5": {
      "x": 0.2753623188405797,
      "y": 0.37719298245614036
    },
    "6": {
      "x": 0.7246376811594203,
      "y": 0.6228070175438597
    },
    "7": {
      "x": 0.8840579710144928,
      "y": 0.5789473684210527
    },
    "8": {
      "x": 0.8695652173913043,
      "y": 0.47368421052631576
    },
    "9": {
      "x": 0.11594202898550725,
      "y": 0.5526315789473685
    },
    "10": {
      "x": 0.7391304347826086,
      "y": 0.7631578947368421
    },
    "11": {
      "x": 0.8840579710144928,
      "y": 0.6754385964912281
    },
    "12": {
      "x": 0.8260869565217391,
      "y": 0.5701754385964912
    },
    "13": {
      "x": 0.07246376811594203,
      "y": 0.6929824561403509
    },
    "14": {
      "x": 0.6956521739130435,
      "y": 0.8859649122807017
    },
    "15": {
      "x": 0.8115942028985508,
      "y": 0.7982456140350878
    },
    "16": {
      "x": 0.7246376811594203,
      "y": 0.7017543859649122
    },
    "17": {
      "x": 0.08695652173913043,
      "y": 0.8245614035087719
    },
    "18": {
      "x": 0.5507246376811594,
      "y": 0.956140350877193
    },
    "19": {
      "x": 0.6521739130434783,
      "y": 0.8859649122807017
    },
    "20": {
      "x": 0.5942028985507246,
      "y": 0.8070175438596491
    }
  }
}