{
  "label": "like",
  "dataset": {
    "0": {
      "x": 0.5737704918032787,
      "y": 0.927536231884058
    },
    "1": {
      "x": 0.7704918032786885,
      "y": 0.7391304347826086
    },
    "2": {
      "x": 0.8524590163934426,
      "y": 0.4492753623188406
    },
    "3": {
      "x": 0.8688524590163934,
      "y": 0.2463768115942029
    },
    "4": {
      "x": 0.9180327868852459,
      "y": 0.07246376811594203
    },
    "5": {
      "x": 0.47540983606557374,
      "y": 0.30434782608695654
    },
    "6": {
      "x": 0.6229508196721312,
      "y": 0.463768115942029
    },
    "7": {
      "x": 0.6885245901639344,
      "y": 0.5652173913043478
    },
    "8": {
      "x": 0.6885245901639344,
      "y": 0.5652173913043478
    },
    "9": {
      "x": 0.29508196721311475,
      "y": 0.391304347826087
    },
    "10": {
      "x": 0.4918032786885246,
      "y": 0.5942028985507246
    },
    "11": {
      "x": 0.5737704918032787,
      "y": 0.6811594202898551
    },
    "12": {
      "x": 0.5573770491803278,
      "y": 0.6666666666666666
    },
    "13": {
      "x": 0.16393442622950818,
      "y": 0.5217391304347826
    },
    "14": {
      "x": 0.36065573770491804,
      "y": 0.6956521739130435
    },
    "15": {
      "x": 0.4426229508196721,
      "y": 0.7681159420289855
    },
    "16": {
      "x": 0.4426229508196721,
      "y": 0.7391304347826086
    },
    "17": {
      "x": 0.08196721311475409,
      "y": 0.6521739130434783
    },
    "18": {
      "x": 0.22950819672131148,
      "y": 0.782608695652174
    },
    "19": {
      "x": 0.3114754098360656,
      "y": 0.8260869565217391
    },
    "20": {
      "x": 0.32786885245901637,
      "y": 0.8115942028985508
    }
  }
}