{
  "label": "like",
  "dataset": {
    "0": {
      "x": 0.03816793893129771,
      "y": 0.9161676646706587
    },
    "1": {
      "x": 0.15267175572519084,
      "y": 0.6586826347305389
    },
    "2": {
      "x": 0.3816793893129771,
      "y": 0.38922155688622756
    },
    "3": {
      "x": 0.44274809160305345,
      "y": 0.16766467065868262
    },
    "4": {
      "x": 0.31297709923664124,
      "y": 0.029940119760479042
    },
    "5": {
      "x": 0.5190839694656488,
      "y": 0.47305389221556887
    },
    "6": {
      "x": 0.9465648854961832,
      "y": 0.49700598802395207
    },
    "7": {
      "x": 0.8091603053435115,
      "y": 0.5329341317365269
    },
    "8": {
      "x": 0.6335877862595419,
      "y": 0.5269461077844312
    },
    "9": {
      "x": 0.5419847328244275,
      "y": 0.6467065868263473
    },
    "10": {
      "x": 0.9618320610687023,
      "y": 0.6467065868263473
    },
    "11": {
      "x": 0.816793893129771,
      "y": 0.6586826347305389
    },
    "12": {
      "x": 0.6564885496183206,
      "y": 0.6646706586826348
    },
    "13": {
      "x": 0.549618320610687,
      "y": 0.8203592814371258
    },
    "14": {
      "x": 0.9236641221374046,
      "y": 0.7964071856287425
    },
    "15": {
      "x": 0.7938931297709924,
      "y": 0.8023952095808383
    },
    "16": {
      "x": 0.6412213740458015,
      "y": 0.8143712574850299
    },
    "17": {
      "x": 0.5419847328244275,
      "y": 0.9700598802395209
    },
    "18": {
      "x": 0.8549618320610687,
      "y": 0.9221556886227545
    },
    "19": {
      "x": 0.7404580152671756,
      "y": 0.9221556886227545
    },
    "20": {
      "x": 0.6106870229007634,
      "y": 0.9401197604790419
    }
  }
}