{
  "label": "like",
  "dataset": {
    "0": {
      "x": 0.6363636363636364,
      "y": 0.7058823529411765
    },
    "1": {
      "x": 0.7818181818181819,
      "y": 0.5378151260504201
    },
    "2": {
      "x": 0.7090909090909091,
      "y": 0.35294117647058826
    },
    "3": {
      "x": 0.6,
      "y": 0.18487394957983194
    },
    "4": {
      "x": 0.45454545454545453,
      "y": 0.04201680672268908
    },
    "5": {
      "x": 0.23636363636363636,
      "y": 0.4957983193277311
    },
    "6": {
      "x": 0.8,
      "y": 0.5798319327731093
    },
    "7": {
      "x": 0.9090909090909091,
      "y": 0.5462184873949579
    },
    "8": {
      "x": 0.7454545454545455,
      "y": 0.5042016806722689
    },
    "9": {
      "x": 0.10909090909090909,
      "y": 0.6470588235294118
    },
    "10": {
      "x": 0.8545454545454545,
      "y": 0.7310924369747899
    },
    "11": {
      "x": 0.8727272727272727,
      "y": 0.6722689075630253
    },
    "12": {
      "x": 0.6909090909090909,
      "y": 0.6302521008403361
    },
    "13": {
      "x": 0.09090909090909091,
      "y": 0.7815126050420168
    },
    "14": {
      "x": 0.7818181818181819,
      "y": 0.8487394957983193
    },
    "15": {
      "x": 0.8,
      "y": 0.7983193277310925
    },
    "16": {
      "x": 0.6181818181818182,
      "y": 0.773109243697479
    },
    "17": {
      "x": 0.14545454545454545,
      "y": 0.9159663865546218
    },
    "18": {
      "x": 0.6545454545454545,
      "y": 0.957983193277311
    },
    "19": {
      "x": 0.6909090909090909,
      "y": 0.9159663865546218
    },
    "20": {
      "x": 0.5272727272727272,
      "y": 0.8823529411764706
    }
  }
}