{
  "label": "like",
  "dataset": {
    "0": {
      "x": 0.44776119402985076,
      "y": 0.8952380952380953
    },
    "1": {
      "x": 0.5970149253731343,
      "y": 0.638095238095238
    },
    "2": {
      "x": 0.7014925373134329,
      "y": 0.4095238095238095
    },
    "3": {
      "x": 0.7014925373134329,
      "y": 0.22857142857142856
    },
    "4": {
      "x": 0.6716417910447762,
      "y": 0.047619047619047616
    },
    "5": {
      "x": 0.9253731343283582,
      "y": 0.6476190476190476
    },
    "6": {
      "x": 0.746268656716418,
      "y": 0.49523809523809526
    },
    "7": {
      "x": 0.582089552238806,
      "y": 0.38095238095238093
    },
    "8": {
      "x": 0.4925373134328358,
      "y": 0.3047619047619048
    },
    "9": {
      "x": 0.746268656716418,
      "y": 0.780952380952381
    },
    "10": {
      "x": 0.44776119402985076,
      "y": 0.5714285714285714
    },
    "11": {
      "x": 0.2835820895522388,
      "y": 0.47619047619047616
    },
    "12": {
      "x": 0.23880597014925373,
      "y": 0.44761904761904764
    },
    "13": {
      "x": 0.5373134328358209,
      "y": 0.8857142857142857
    },
    "14": {
      "x": 0.2835820895522388,
      "y": 0.6857142857142857
    },
    "15": {
      "x": 0.1791044776119403,
      "y": 0.6
    },
    "16": {
      "x": 0.14925373134328357,
      "y": 0.5714285714285714
    },
    "17": {
      "x": 0.34328358208955223,
      "y": 0.9523809523809523
    },
    "18": {
      "x": 0.1791044776119403,
      "y": 0.8
    },
    "19": {
      "x": 0.1044776119402985,
      "y": 0.7333333333333333
    },
    "20": {
      "x": 0.07462686567164178,
      "y": 0.6952380952380952
    }
  }
}