{
  "label": "like",
  "dataset": {
    "0": {
      "x": 0.4883720930232558,
      "y": 0.8059701492537313
    },
    "1": {
      "x": 0.7674418604651163,
      "y": 0.5970149253731343
    },
    "2": {
      "x": 0.8837209302325582,
      "y": 0.40298507462686567
    },
    "3": {
      "x": 0.813953488372093,
      "y": 0.22388059701492538
    },
    "4": {
      "x": 0.7209302325581395,
      "y": 0.07462686567164178
    },
    "5": {
      "x": 0.4883720930232558,
      "y": 0.3880597014925373
    },
    "6": {
      "x": 0.8372093023255814,
      "y": 0.5671641791044776
    },
    "7": {
      "x": 0.8604651162790697,
      "y": 0.5970149253731343
    },
    "8": {
      "x": 0.7674418604651163,
      "y": 0.5373134328358209
    },
    "9": {
      "x": 0.27906976744186046,
      "y": 0.5074626865671642
    },
    "10": {
      "x": 0.7441860465116279,
      "y": 0.746268656716418
    },
    "11": {
      "x": 0.7674418604651163,
      "y": 0.7164179104477612
    },
    "12": {
      "x": 0.6511627906976745,
      "y": 0.6567164179104478
    },
    "13": {
      "x": 0.16279069767441862,
      "y": 0.6567164179104478
    },
    "14": {
      "x": 0.627906976744186,
      "y": 0.8507462686567164
    },
    "15": {
      "x": 0.6511627906976745,
      "y": 0.8208955223880597
    },
    "16": {
      "x": 0.5581395348837209,
      "y": 0.7611940298507462
    },
    "17": {
      "x": 0.11627906976744186,
      "y": 0.7910447761194029
    },
    "18": {
      "x": 0.46511627906976744,
      "y": 0.9253731343283582
    },
    "19": {
      "x": 0.5116279069767442,
      "y": 0.9104477611940298
    },
    "20": {
      "x": 0.4418604651162791,
      "y": 0.8805970149253731
    }
  }
}