{
  "label": "like",
  "dataset": {
    "0": {
      "x": 0.2631578947368421,
      "y": 0.9122807017543859
    },
    "1": {
      "x": 0.13157894736842105,
      "y": 0.6666666666666666
    },
    "2": {
      "x": 0.15789473684210525,
      "y": 0.42105263157894735
    },
    "3": {
      "x": 0.2894736842105263,
      "y": 0.22807017543859648
    },
    "4": {
      "x": 0.3684210526315789,
      "y": 0.08771929824561403
    },
    "5": {
      "x": 0.6052631578947368,
      "y": 0.3333333333333333
    },
    "6": {
      "x": 0.3157894736842105,
      "y": 0.38596491228070173
    },
    "7": {
      "x": 0.18421052631578946,
      "y": 0.5263157894736842
    },
    "8": {
      "x": 0.18421052631578946,
      "y": 0.6140350877192983
    },
    "9": {
      "x": 0.7368421052631579,
      "y": 0.45614035087719296
    },
    "10": {
      "x": 0.39473684210526316,
      "y": 0.543859649122807
    },
    "11": {
      "x": 0.2631578947368421,
      "y": 0.6491228070175439
    },
    "12": {
      "x": 0.2631578947368421,
      "y": 0.7017543859649122
    },
    "13": {
      "x": 0.8157894736842105,
      "y": 0.5964912280701754
    },
    "14": {
      "x": 0.47368421052631576,
      "y": 0.6666666666666666
    },
    "15": {
      "x": 0.3684210526315789,
      "y": 0.7368421052631579
    },
    "16": {
      "x": 0.3684210526315789,
      "y": 0.7719298245614035
    },
    "17": {
      "x": 0.868421052631579,
      "y": 0.7368421052631579
    },
    "18": {
      "x": 0.6052631578947368,
      "y": 0.7719298245614035
    },
    "19": {
      "x": 0.5263157894736842,
      "y": 0.8245614035087719
    },
    "20": {
      "x": 0.5263157894736842,
      "y": 0.8421052631578947
    }
  }
}