{
  "label": "like",
  "dataset": {
    "0": {
      "x": 0.3394495412844037,
      "y": 0.8027210884353742
    },
    "1": {
      "x": 0.08256880733944955,
      "y": 0.6394557823129252
    },
    "2": {
      "x": 0.045871559633027525,
      "y": 0.41496598639455784
    },
    "3": {
      "x": 0.13761467889908258,
      "y": 0.23809523809523808
    },
    "4": {
      "x": 0.1743119266055046,
      "y": 0.034013605442176874
    },
    "5": {
      "x": 0.5412844036697247,
      "y": 0.3877551020408163
    },
    "6": {
      "x": 0.3486238532110092,
      "y": 0.6598639455782312
    },
    "7": {
      "x": 0.25688073394495414,
      "y": 0.673469387755102
    },
    "8": {
      "x": 0.28440366972477066,
      "y": 0.5918367346938775
    },
    "9": {
      "x": 0.7614678899082569,
      "y": 0.5102040816326531
    },
    "10": {
      "x": 0.47706422018348627,
      "y": 0.8231292517006803
    },
    "11": {
      "x": 0.3944954128440367,
      "y": 0.7755102040816326
    },
    "12": {
      "x": 0.43119266055045874,
      "y": 0.6530612244897959
    },
    "13": {
      "x": 0.8990825688073395,
      "y": 0.6394557823129252
    },
    "14": {
      "x": 0.5871559633027523,
      "y": 0.9047619047619048
    },
    "15": {
      "x": 0.5137614678899083,
      "y": 0.8639455782312925
    },
    "16": {
      "x": 0.5596330275229358,
      "y": 0.7619047619047619
    },
    "17": {
      "x": 0.9541284403669725,
      "y": 0.7619047619047619
    },
    "18": {
      "x": 0.7247706422018348,
      "y": 0.9659863945578231
    },
    "19": {
      "x": 0.6605504587155964,
      "y": 0.9319727891156463
    },
    "20": {
      "x": 0.6972477064220184,
      "y": 0.8435374149659864
    }
  }
}