{
  "label": "like",
  "dataset": {
    "0": {
      "x": 0.6111111111111112,
      "y": 0.9122807017543859
    },
    "1": {
      "x": 0.7407407407407407,
      "y": 0.7368421052631579
    },
    "2": {
      "x": 0.7962962962962963,
      "y": 0.45614035087719296
    },
    "3": {
      "x": 0.8333333333333334,
      "y": 0.24561403508771928
    },
    "4": {
      "x": 0.9074074074074074,
      "y": 0.08771929824561403
    },
    "5": {
      "x": 0.5370370370370371,
      "y": 0.24561403508771928
    },
    "6": {
      "x": 0.5555555555555556,
      "y": 0.2807017543859649
    },
    "7": {
      "x": 0.6111111111111112,
      "y": 0.47368421052631576
    },
    "8": {
      "x": 0.6481481481481481,
      "y": 0.6140350877192983
    },
    "9": {
      "x": 0.35185185185185186,
      "y": 0.2982456140350877
    },
    "10": {
      "x": 0.4074074074074074,
      "y": 0.3508771929824561
    },
    "11": {
      "x": 0.5,
      "y": 0.5614035087719298
    },
    "12": {
      "x": 0.5555555555555556,
      "y": 0.6842105263157895
    },
    "13": {
      "x": 0.2037037037037037,
      "y": 0.40350877192982454
    },
    "14": {
      "x": 0.24074074074074073,
      "y": 0.43859649122807015
    },
    "15": {
      "x": 0.37037037037037035,
      "y": 0.5964912280701754
    },
    "16": {
      "x": 0.4444444444444444,
      "y": 0.7017543859649122
    },
    "17": {
      "x": 0.09259259259259259,
      "y": 0.543859649122807
    },
    "18": {
      "x": 0.09259259259259259,
      "y": 0.5263157894736842
    },
    "19": {
      "x": 0.2222222222222222,
      "y": 0.631578947368421
    },
    "20": {
      "x": 0.2962962962962963,
      "y": 0.6842105263157895
    }
  }
}