{
  "label": "like",
  "dataset": {
    "0": {
      "x": 0.11363636363636363,
      "y": 0.8688524590163934
    },
    "1": {
      "x": 0.13636363636363635,
      "y": 0.6721311475409836
    },
    "2": {
      "x": 0.25,
      "y": 0.4262295081967213
    },
    "3": {
      "x": 0.25,
      "y": 0.2459016393442623
    },
    "4": {
      "x": 0.22727272727272727,
      "y": 0.08196721311475409
    },
    "5": {
      "x": 0.45454545454545453,
      "y": 0.4426229508196721
    },
    "6": {
      "x": 0.8409090909090909,
      "y": 0.47540983606557374
    },
    "7": {
      "x": 0.7727272727272727,
      "y": 0.5409836065573771
    },
    "8": {
      "x": 0.6136363636363636,
      "y": 0.5409836065573771
    },
    "9": {
      "x": 0.5,
      "y": 0.5901639344262295
    },
    "10": {
      "x": 0.8863636363636364,
      "y": 0.6229508196721312
    },
    "11": {
      "x": 0.7954545454545454,
      "y": 0.6721311475409836
    },
    "12": {
      "x": 0.6363636363636364,
      "y": 0.6557377049180327
    },
    "13": {
      "x": 0.5227272727272727,
      "y": 0.7377049180327869
    },
    "14": {
      "x": 0.8863636363636364,
      "y": 0.7540983606557377
    },
    "15": {
      "x": 0.7727272727272727,
      "y": 0.8032786885245902
    },
    "16": {
      "x": 0.6363636363636364,
      "y": 0.8032786885245902
    },
    "17": {
      "x": 0.5227272727272727,
      "y": 0.8852459016393442
    },
    "18": {
      "x": 0.8409090909090909,
      "y": 0.9016393442622951
    },
    "19": {
      "x": 0.7272727272727273,
      "y": 0.9180327868852459
    },
    "20": {
      "x": 0.5909090909090909,
      "y": 0.9016393442622951
    }
  }
}