{
  "label": "like",
  "dataset": {
    "0": {
      "x": 0.203125,
      "y": 0.5955414012738853
    },
    "1": {
      "x": 0.5078125,
      "y": 0.4171974522292994
    },
    "2": {
      "x": 0.765625,
      "y": 0.2643312101910828
    },
    "3": {
      "x": 0.828125,
      "y": 0.1464968152866242
    },
    "4": {
      "x": 0.6875,
      "y": 0.01592356687898089
    },
    "5": {
      "x": 0.40625,
      "y": 0.48089171974522293
    },
    "6": {
      "x": 0.9609375,
      "y": 0.5636942675159236
    },
    "7": {
      "x": 0.9375,
      "y": 0.535031847133758
    },
    "8": {
      "x": 0.7890625,
      "y": 0.49044585987261147
    },
    "9": {
      "x": 0.1640625,
      "y": 0.6464968152866242
    },
    "10": {
      "x": 0.953125,
      "y": 0.7643312101910829
    },
    "11": {
      "x": 0.8984375,
      "y": 0.7197452229299363
    },
    "12": {
      "x": 0.734375,
      "y": 0.6687898089171974
    },
    "13": {
      "x": 0.0625,
      "y": 0.7866242038216561
    },
    "14": {
      "x": 0.8515625,
      "y": 0.8885350318471338
    },
    "15": {
      "x": 0.84375,
      "y": 0.8343949044585988
    },
    "16": {
      "x": 0.734375,
      "y": 0.767515923566879
    },
    "17": {
      "x": 0.0390625,
      "y": 0.8949044585987261
    },
    "18": {
      "x": 0.7109375,
      "y": 0.9840764331210191
    },
    "19": {
      "x": 0.7578125,
      "y": 0.9363057324840764
    },
    "20": {
      "x": 0.6796875,
      "y": 0.89171974522293
    }
  }
}