{
  "label": "like",
  "dataset": {
    "0": {
      "x": 0.1746031746031746,
      "y": 0.9468085106382979
    },
    "1": {
      "x": 0.07936507936507936,
      "y": 0.6595744680851063
    },
    "2": {
      "x": 0.19047619047619047,
      "y": 0.3829787234042553
    },
    "3": {
      "x": 0.3333333333333333,
      "y": 0.2127659574468085
    },
    "4": {
      "x": 0.42857142857142855,
      "y": 0.05319148936170213
    },
    "5": {
      "x": 0.7301587301587301,
      "y": 0.32978723404255317
    },
    "6": {
      "x": 0.38095238095238093,
      "y": 0.3723404255319149
    },
    "7": {
      "x": 0.25396825396825395,
      "y": 0.46808510638297873
    },
    "8": {
      "x": 0.31746031746031744,
      "y": 0.48936170212765956
    },
    "9": {
      "x": 0.873015873015873,
      "y": 0.46808510638297873
    },
    "10": {
      "x": 0.4126984126984127,
      "y": 0.5425531914893617
    },
    "11": {
      "x": 0.31746031746031744,
      "y": 0.6170212765957447
    },
    "12": {
      "x": 0.36507936507936506,
      "y": 0.6170212765957447
    },
    "13": {
      "x": 0.9206349206349206,
      "y": 0.6276595744680851
    },
    "14": {
      "x": 0.4603174603174603,
      "y": 0.6808510638297872
    },
    "15": {
      "x": 0.36507936507936506,
      "y": 0.7446808510638298
    },
    "16": {
      "x": 0.42857142857142855,
      "y": 0.7340425531914894
    },
    "17": {
      "x": 0.9206349206349206,
      "y": 0.7872340425531915
    },
    "18": {
      "x": 0.5714285714285714,
      "y": 0.8085106382978723
    },
    "19": {
      "x": 0.47619047619047616,
      "y": 0.8404255319148937
    },
    "20": {
      "x": 0.5238095238095238,
      "y": 0.8404255319148937
    }
  }
}