{
  "label": "like",
  "dataset": {
    "0": {
      "x": 0.11904761904761904,
      "y": 0.8666666666666667
    },
    "1": {
      "x": 0.16666666666666666,
      "y": 0.65
    },
    "2": {
      "x": 0.35714285714285715,
      "y": 0.4
    },
    "3": {
      "x": 0.40476190476190477,
      "y": 0.23333333333333334
    },
    "4": {
      "x": 0.3333333333333333,
      "y": 0.08333333333333333
    },
    "5": {
      "x": 0.42857142857142855,
      "y": 0.45
    },
    "6": {
      "x": 0.8571428571428571,
      "y": 0.48333333333333334
    },
    "7": {
      "x": 0.7619047619047619,
      "y": 0.5333333333333333
    },
    "8": {
      "x": 0.5952380952380952,
      "y": 0.5166666666666667
    },
    "9": {
      "x": 0.4523809523809524,
      "y": 0.6166666666666667
    },
    "10": {
      "x": 0.8809523809523809,
      "y": 0.6333333333333333
    },
    "11": {
      "x": 0.7619047619047619,
      "y": 0.65
    },
    "12": {
      "x": 0.5952380952380952,
      "y": 0.65
    },
    "13": {
      "x": 0.4523809523809524,
      "y": 0.7666666666666667
    },
    "14": {
      "x": 0.8333333333333334,
      "y": 0.7833333333333333
    },
    "15": {
      "x": 0.7142857142857143,
      "y": 0.7833333333333333
    },
    "16": {
      "x": 0.5714285714285714,
      "y": 0.7833333333333333
    },
    "17": {
      "x": 0.4523809523809524,
      "y": 0.9166666666666666
    },
    "18": {
      "x": 0.7619047619047619,
      "y": 0.9166666666666666
    },
    "19": {
      "x": 0.6666666666666666,
      "y": 0.9166666666666666
    },
    "20": {
      "x": 0.5238095238095238,
      "y": 0.9166666666666666
    }
  }
}