{
  "label": "like",
  "dataset": {
    "0": {
      "x": 0.9712643678160919,
      "y": 0.5887850467289719
    },
    "1": {
      "x": 0.7528735632183908,
      "y": 0.411214953271028
    },
    "2": {
      "x": 0.5229885057471264,
      "y": 0.3037383177570093
    },
    "3": {
      "x": 0.3448275862068966,
      "y": 0.16822429906542055
    },
    "4": {
      "x": 0.27011494252873564,
      "y": 0.02336448598130841
    },
    "5": {
      "x": 0.4482758620689655,
      "y": 0.5560747663551402
    },
    "6": {
      "x": 0.05172413793103448,
      "y": 0.5
    },
    "7": {
      "x": 0.16091954022988506,
      "y": 0.4532710280373832
    },
    "8": {
      "x": 0.2988505747126437,
      "y": 0.45794392523364486
    },
    "9": {
      "x": 0.46551724137931033,
      "y": 0.7383177570093458
    },
    "10": {
      "x": 0.028735632183908046,
      "y": 0.6448598130841121
    },
    "11": {
      "x": 0.13218390804597702,
      "y": 0.5841121495327103
    },
    "12": {
      "x": 0.26436781609195403,
      "y": 0.5934579439252337
    },
    "13": {
      "x": 0.4827586206896552,
      "y": 0.8785046728971962
    },
    "14": {
      "x": 0.08620689655172414,
      "y": 0.7710280373831776
    },
    "15": {
      "x": 0.16666666666666666,
      "y": 0.7102803738317757
    },
    "16": {
      "x": 0.28160919540229884,
      "y": 0.7242990654205608
    },
    "17": {
      "x": 0.5057471264367817,
      "y": 0.9766355140186916
    },
    "18": {
      "x": 0.1896551724137931,
      "y": 0.8925233644859814
    },
    "19": {
      "x": 0.25287356321839083,
      "y": 0.8317757009345794
    },
    "20": {
      "x": 0.3505747126436782,
      "y": 0.8411214953271028
    }
  }
}