{
  "label": "like",
  "dataset": {
    "0": {
      "x": 0.028735632183908046,
      "y": 0.5851528384279476
    },
    "1": {
      "x": 0.22413793103448276,
      "y": 0.4366812227074236
    },
    "2": {
      "x": 0.41954022988505746,
      "y": 0.31877729257641924
    },
    "3": {
      "x": 0.5689655172413793,
      "y": 0.17903930131004367
    },
    "4": {
      "x": 0.6149425287356322,
      "y": 0.021834061135371178
    },
    "5": {
      "x": 0.47126436781609193,
      "y": 0.5982532751091703
    },
    "6": {
      "x": 0.9195402298850575,
      "y": 0.4585152838427948
    },
    "7": {
      "x": 0.7758620689655172,
      "y": 0.4279475982532751
    },
    "8": {
      "x": 0.6379310344827587,
      "y": 0.4759825327510917
    },
    "9": {
      "x": 0.4942528735632184,
      "y": 0.7641921397379913
    },
    "10": {
      "x": 0.9712643678160919,
      "y": 0.6069868995633187
    },
    "11": {
      "x": 0.8505747126436781,
      "y": 0.5633187772925764
    },
    "12": {
      "x": 0.7298850574712644,
      "y": 0.6026200873362445
    },
    "13": {
      "x": 0.5229885057471264,
      "y": 0.8864628820960698
    },
    "14": {
      "x": 0.9540229885057471,
      "y": 0.74235807860262
    },
    "15": {
      "x": 0.8448275862068966,
      "y": 0.7030567685589519
    },
    "16": {
      "x": 0.7298850574712644,
      "y": 0.7467248908296943
    },
    "17": {
      "x": 0.5574712643678161,
      "y": 0.9781659388646288
    },
    "18": {
      "x": 0.8908045977011494,
      "y": 0.868995633187773
    },
    "19": {
      "x": 0.8103448275862069,
      "y": 0.8296943231441049
    },
    "20": {
      "x": 0.6896551724137931,
      "y": 0.851528384279476
    }
  }
}