{
  "label": "like",
  "dataset": {
    "0": {
      "x": 0.5616438356164384,
      "y": 0.9242424242424242
    },
    "1": {
      "x": 0.3561643835616438,
      "y": 0.7878787878787878
    },
    "2": {
      "x": 0.2054794520547945,
      "y": 0.48484848484848486
    },
    "3": {
      "x": 0.1506849315068493,
      "y": 0.25757575757575757
    },
    "4": {
      "x": 0.0684931506849315,
      "y": 0.07575757575757576
    },
    "5": {
      "x": 0.5068493150684932,
      "y": 0.2878787878787879
    },
    "6": {
      "x": 0.4383561643835616,
      "y": 0.4696969696969697
    },
    "7": {
      "x": 0.3972602739726027,
      "y": 0.6363636363636364
    },
    "8": {
      "x": 0.3835616438356164,
      "y": 0.6515151515151515
    },
    "9": {
      "x": 0.684931506849315,
      "y": 0.3484848484848485
    },
    "10": {
      "x": 0.589041095890411,
      "y": 0.5606060606060606
    },
    "11": {
      "x": 0.5068493150684932,
      "y": 0.7121212121212122
    },
    "12": {
      "x": 0.4794520547945205,
      "y": 0.696969696969697
    },
    "13": {
      "x": 0.8356164383561644,
      "y": 0.45454545454545453
    },
    "14": {
      "x": 0.7397260273972602,
      "y": 0.6515151515151515
    },
    "15": {
      "x": 0.6438356164383562,
      "y": 0.7575757575757576
    },
    "16": {
      "x": 0.6164383561643836,
      "y": 0.7424242424242424
    },
    "17": {
      "x": 0.9315068493150684,
      "y": 0.5909090909090909
    },
    "18": {
      "x": 0.9178082191780822,
      "y": 0.696969696969697
    },
    "19": {
      "x": 0.8493150684931506,
      "y": 0.7575757575757576
    },
    "20": {
      "x": 0.8356164383561644,
      "y": 0.7575757575757576
    }
  }
}