{
  "label": "like",
  "dataset": {
    "0": {
      "x": 0.4594594594594595,
      "y": 0.6538461538461539
    },
    "1": {
      "x": 0.6756756756756757,
      "y": 0.5384615384615384
    },
    "2": {
      "x": 0.8378378378378378,
      "y": 0.38461538461538464
    },
    "3": {
      "x": 0.8648648648648649,
      "y": 0.23076923076923078
    },
    "4": {
      "x": 0.8378378378378378,
      "y": 0.0641025641025641
    },
    "5": {
      "x": 0.35135135135135137,
      "y": 0.5384615384615384
    },
    "6": {
      "x": 0.8378378378378378,
      "y": 0.6410256410256411
    },
    "7": {
      "x": 0.8378378378378378,
      "y": 0.6025641025641025
    },
    "8": {
      "x": 0.7027027027027027,
      "y": 0.5512820512820513
    },
    "9": {
      "x": 0.16216216216216217,
      "y": 0.6538461538461539
    },
    "10": {
      "x": 0.7567567567567568,
      "y": 0.7564102564102564
    },
    "11": {
      "x": 0.6756756756756757,
      "y": 0.6923076923076923
    },
    "12": {
      "x": 0.5135135135135135,
      "y": 0.6538461538461539
    },
    "13": {
      "x": 0.13513513513513514,
      "y": 0.782051282051282
    },
    "14": {
      "x": 0.7027027027027027,
      "y": 0.8589743589743589
    },
    "15": {
      "x": 0.5945945945945946,
      "y": 0.7948717948717948
    },
    "16": {
      "x": 0.43243243243243246,
      "y": 0.7692307692307693
    },
    "17": {
      "x": 0.13513513513513514,
      "y": 0.8589743589743589
    },
    "18": {
      "x": 0.5675675675675675,
      "y": 0.9358974358974359
    },
    "19": {
      "x": 0.5135135135135135,
      "y": 0.8846153846153846
    },
    "20": {
      "x": 0.32432432432432434,
      "y": 0.8461538461538461
    }
  }
}