{
  "label": "like",
  "dataset": {
    "0": {
      "x": 0.6346153846153846,
      "y": 0.6697247706422018
    },
    "1": {
      "x": 0.5961538461538461,
      "y": 0.5137614678899083
    },
    "2": {
      "x": 0.4807692307692308,
      "y": 0.3577981651376147
    },
    "3": {
      "x": 0.46153846153846156,
      "y": 0.2018348623853211
    },
    "4": {
      "x": 0.5384615384615384,
      "y": 0.045871559633027525
    },
    "5": {
      "x": 0.8269230769230769,
      "y": 0.45871559633027525
    },
    "6": {
      "x": 0.17307692307692307,
      "y": 0.5045871559633027
    },
    "7": {
      "x": 0.28846153846153844,
      "y": 0.48623853211009177
    },
    "8": {
      "x": 0.5,
      "y": 0.46788990825688076
    },
    "9": {
      "x": 0.9038461538461539,
      "y": 0.6238532110091743
    },
    "10": {
      "x": 0.09615384615384616,
      "y": 0.6605504587155964
    },
    "11": {
      "x": 0.21153846153846154,
      "y": 0.6238532110091743
    },
    "12": {
      "x": 0.46153846153846156,
      "y": 0.6146788990825688
    },
    "13": {
      "x": 0.8846153846153846,
      "y": 0.7798165137614679
    },
    "14": {
      "x": 0.1346153846153846,
      "y": 0.7889908256880734
    },
    "15": {
      "x": 0.21153846153846154,
      "y": 0.7522935779816514
    },
    "16": {
      "x": 0.4423076923076923,
      "y": 0.7431192660550459
    },
    "17": {
      "x": 0.8076923076923077,
      "y": 0.908256880733945
    },
    "18": {
      "x": 0.23076923076923078,
      "y": 0.9541284403669725
    },
    "19": {
      "x": 0.21153846153846154,
      "y": 0.8990825688073395
    },
    "20": {
      "x": 0.34615384615384615,
      "y": 0.8715596330275229
    }
  }
}