{
  "label": "like",
  "dataset": {
    "0": {
      "x": 0.15384615384615385,
      "y": 0.4069767441860465
    },
    "1": {
      "x": 0.34615384615384615,
      "y": 0.23255813953488372
    },
    "2": {
      "x": 0.5192307692307693,
      "y": 0.13372093023255813
    },
    "3": {
      "x": 0.5576923076923077,
      "y": 0.09883720930232558
    },
    "4": {
      "x": 0.5384615384615384,
      "y": 0.029069767441860465
    },
    "5": {
      "x": 0.057692307692307696,
      "y": 0.4069767441860465
    },
    "6": {
      "x": 0.8557692307692307,
      "y": 0.45348837209302323
    },
    "7": {
      "x": 0.8076923076923077,
      "y": 0.36046511627906974
    },
    "8": {
      "x": 0.6346153846153846,
      "y": 0.3372093023255814
    },
    "9": {
      "x": 0.04807692307692308,
      "y": 0.6569767441860465
    },
    "10": {
      "x": 0.9519230769230769,
      "y": 0.6395348837209303
    },
    "11": {
      "x": 0.875,
      "y": 0.5
    },
    "12": {
      "x": 0.6346153846153846,
      "y": 0.47674418604651164
    },
    "13": {
      "x": 0.1346153846153846,
      "y": 0.8372093023255814
    },
    "14": {
      "x": 0.9230769230769231,
      "y": 0.8023255813953488
    },
    "15": {
      "x": 0.8653846153846154,
      "y": 0.6569767441860465
    },
    "16": {
      "x": 0.625,
      "y": 0.627906976744186
    },
    "17": {
      "x": 0.2692307692307692,
      "y": 0.9709302325581395
    },
    "18": {
      "x": 0.7980769230769231,
      "y": 0.9127906976744186
    },
    "19": {
      "x": 0.7980769230769231,
      "y": 0.7965116279069767
    },
    "20": {
      "x": 0.6346153846153846,
      "y": 0.7616279069767442
    }
  }
}