{
  "label": "like",
  "dataset": {
    "0": {
      "x": 0.7843137254901961,
      "y": 0.7989130434782609
    },
    "1": {
      "x": 0.9673202614379085,
      "y": 0.5788043478260869
    },
    "2": {
      "x": 0.8758169934640523,
      "y": 0.36684782608695654
    },
    "3": {
      "x": 0.8104575163398693,
      "y": 0.18206521739130435
    },
    "4": {
      "x": 0.7647058823529411,
      "y": 0.01358695652173913
    },
    "5": {
      "x": 0.1111111111111111,
      "y": 0.4429347826086957
    },
    "6": {
      "x": 0.41830065359477125,
      "y": 0.47554347826086957
    },
    "7": {
      "x": 0.47058823529411764,
      "y": 0.49728260869565216
    },
    "8": {
      "x": 0.5032679738562091,
      "y": 0.5081521739130435
    },
    "9": {
      "x": 0.032679738562091505,
      "y": 0.6358695652173914
    },
    "10": {
      "x": 0.7058823529411765,
      "y": 0.6711956521739131
    },
    "11": {
      "x": 0.6535947712418301,
      "y": 0.657608695652174
    },
    "12": {
      "x": 0.49673202614379086,
      "y": 0.654891304347826
    },
    "13": {
      "x": 0.13071895424836602,
      "y": 0.8260869565217391
    },
    "14": {
      "x": 0.8235294117647058,
      "y": 0.8505434782608695
    },
    "15": {
      "x": 0.7254901960784313,
      "y": 0.8043478260869565
    },
    "16": {
      "x": 0.5490196078431373,
      "y": 0.782608695652174
    },
    "17": {
      "x": 0.33986928104575165,
      "y": 0.9864130434782609
    },
    "18": {
      "x": 0.7777777777777778,
      "y": 0.9782608695652174
    },
    "19": {
      "x": 0.7581699346405228,
      "y": 0.9429347826086957
    },
    "20": {
      "x": 0.6535947712418301,
      "y": 0.9266304347826086
    }
  }
}