{
  "label": "like",
  "dataset": {
    "0": {
      "x": 0.25,
      "y": 0.8333333333333334
    },
    "1": {
      "x": 0.453125,
      "y": 0.6133333333333333
    },
    "2": {
      "x": 0.5,
      "y": 0.38666666666666666
    },
    "3": {
      "x": 0.46875,
      "y": 0.20666666666666667
    },
    "4": {
      "x": 0.40625,
      "y": 0.03333333333333333
    },
    "5": {
      "x": 0.21875,
      "y": 0.4866666666666667
    },
    "6": {
      "x": 0.890625,
      "y": 0.52
    },
    "7": {
      "x": 0.8125,
      "y": 0.5666666666666667
    },
    "8": {
      "x": 0.578125,
      "y": 0.5733333333333334
    },
    "9": {
      "x": 0.09375,
      "y": 0.6466666666666666
    },
    "10": {
      "x": 0.921875,
      "y": 0.6866666666666666
    },
    "11": {
      "x": 0.796875,
      "y": 0.7133333333333334
    },
    "12": {
      "x": 0.53125,
      "y": 0.7
    },
    "13": {
      "x": 0.078125,
      "y": 0.8
    },
    "14": {
      "x": 0.84375,
      "y": 0.8266666666666667
    },
    "15": {
      "x": 0.703125,
      "y": 0.84
    },
    "16": {
      "x": 0.453125,
      "y": 0.8266666666666667
    },
    "17": {
      "x": 0.09375,
      "y": 0.9266666666666666
    },
    "18": {
      "x": 0.671875,
      "y": 0.9466666666666667
    },
    "19": {
      "x": 0.578125,
      "y": 0.9533333333333334
    },
    "20": {
      "x": 0.375,
      "y": 0.9666666666666667
    }
  }
}