{
  "label": "like",
  "dataset": {
    "0": {
      "x": 0.968944099378882,
      "y": 0.7137404580152672
    },
    "1": {
      "x": 0.8385093167701864,
      "y": 0.48854961832061067
    },
    "2": {
      "x": 0.5403726708074534,
      "y": 0.3053435114503817
    },
    "3": {
      "x": 0.32919254658385094,
      "y": 0.16793893129770993
    },
    "4": {
      "x": 0.19875776397515527,
      "y": 0.019083969465648856
    },
    "5": {
      "x": 0.031055900621118012,
      "y": 0.5190839694656488
    },
    "6": {
      "x": 0.37267080745341613,
      "y": 0.4541984732824427
    },
    "7": {
      "x": 0.5900621118012422,
      "y": 0.46946564885496184
    },
    "8": {
      "x": 0.5962732919254659,
      "y": 0.5
    },
    "9": {
      "x": 0.049689440993788817,
      "y": 0.6984732824427481
    },
    "10": {
      "x": 0.4720496894409938,
      "y": 0.6030534351145038
    },
    "11": {
      "x": 0.6770186335403726,
      "y": 0.5916030534351145
    },
    "12": {
      "x": 0.639751552795031,
      "y": 0.6145038167938931
    },
    "13": {
      "x": 0.17391304347826086,
      "y": 0.851145038167939
    },
    "14": {
      "x": 0.5714285714285714,
      "y": 0.7442748091603053
    },
    "15": {
      "x": 0.7329192546583851,
      "y": 0.7137404580152672
    },
    "16": {
      "x": 0.6708074534161491,
      "y": 0.7290076335877863
    },
    "17": {
      "x": 0.3416149068322981,
      "y": 0.9809160305343512
    },
    "18": {
      "x": 0.6335403726708074,
      "y": 0.8893129770992366
    },
    "19": {
      "x": 0.7639751552795031,
      "y": 0.8320610687022901
    },
    "20": {
      "x": 0.7391304347826086,
      "y": 0.8244274809160306
    }
  }
}