{
  "label": "like",
  "dataset": {
    "0": {
      "x": 0.9019607843137255,
      "y": 0.9431818181818182
    },
    "1": {
      "x": 0.6666666666666666,
      "y": 0.6704545454545454
    },
    "2": {
      "x": 0.4117647058823529,
      "y": 0.42045454545454547
    },
    "3": {
      "x": 0.21568627450980393,
      "y": 0.23863636363636365
    },
    "4": {
      "x": 0.17647058823529413,
      "y": 0.056818181818181816
    },
    "5": {
      "x": 0.7647058823529411,
      "y": 0.4090909090909091
    },
    "6": {
      "x": 0.1568627450980392,
      "y": 0.375
    },
    "7": {
      "x": 0.1568627450980392,
      "y": 0.4772727272727273
    },
    "8": {
      "x": 0.3137254901960784,
      "y": 0.5113636363636364
    },
    "9": {
      "x": 0.7647058823529411,
      "y": 0.5909090909090909
    },
    "10": {
      "x": 0.11764705882352941,
      "y": 0.5454545454545454
    },
    "11": {
      "x": 0.19607843137254902,
      "y": 0.6136363636363636
    },
    "12": {
      "x": 0.37254901960784315,
      "y": 0.6363636363636364
    },
    "13": {
      "x": 0.7058823529411765,
      "y": 0.75
    },
    "14": {
      "x": 0.09803921568627451,
      "y": 0.6931818181818182
    },
    "15": {
      "x": 0.19607843137254902,
      "y": 0.7613636363636364
    },
    "16": {
      "x": 0.39215686274509803,
      "y": 0.7613636363636364
    },
    "17": {
      "x": 0.6274509803921569,
      "y": 0.8977272727272727
    },
    "18": {
      "x": 0.13725490196078433,
      "y": 0.8522727272727273
    },
    "19": {
      "x": 0.23529411764705882,
      "y": 0.8863636363636364
    },
    "20": {
      "x": 0.4117647058823529,
      "y": 0.8977272727272727
    }
  }
}