{
  "label": "like",
  "dataset": {
    "0": {
      "x": 0.8345864661654135,
      "y": 0.9731182795698925
    },
    "1": {
      "x": 0.9624060150375939,
      "y": 0.7150537634408602
    },
    "2": {
      "x": 0.7744360902255639,
      "y": 0.4032258064516129
    },
    "3": {
      "x": 0.5789473684210527,
      "y": 0.1935483870967742
    },
    "4": {
      "x": 0.5864661654135338,
      "y": 0.026881720430107527
    },
    "5": {
      "x": 0.3383458646616541,
      "y": 0.489247311827957
    },
    "6": {
      "x": 0.09774436090225563,
      "y": 0.44623655913978494
    },
    "7": {
      "x": 0.3533834586466165,
      "y": 0.5161290322580645
    },
    "8": {
      "x": 0.43609022556390975,
      "y": 0.5268817204301075
    },
    "9": {
      "x": 0.2631578947368421,
      "y": 0.6559139784946236
    },
    "10": {
      "x": 0.08270676691729323,
      "y": 0.6075268817204301
    },
    "11": {
      "x": 0.44360902255639095,
      "y": 0.6774193548387096
    },
    "12": {
      "x": 0.42105263157894735,
      "y": 0.6666666666666666
    },
    "13": {
      "x": 0.21052631578947367,
      "y": 0.8010752688172043
    },
    "14": {
      "x": 0.06015037593984962,
      "y": 0.7580645161290323
    },
    "15": {
      "x": 0.37593984962406013,
      "y": 0.8118279569892473
    },
    "16": {
      "x": 0.38345864661654133,
      "y": 0.8064516129032258
    },
    "17": {
      "x": 0.14285714285714285,
      "y": 0.946236559139785
    },
    "18": {
      "x": 0.03759398496240601,
      "y": 0.9139784946236559
    },
    "19": {
      "x": 0.2781954887218045,
      "y": 0.9408602150537635
    },
    "20": {
      "x": 0.3308270676691729,
      "y": 0.9354838709677419
    }
  }
}