{
  "label": "like",
  "dataset": {
    "0": {
      "x": 0.5961538461538461,
      "y": 0.9
    },
    "1": {
      "x": 0.6923076923076923,
      "y": 0.66
    },
    "2": {
      "x": 0.7307692307692307,
      "y": 0.4
    },
    "3": {
      "x": 0.8076923076923077,
      "y": 0.22
    },
    "4": {
      "x": 0.9038461538461539,
      "y": 0.1
    },
    "5": {
      "x": 0.46153846153846156,
      "y": 0.28
    },
    "6": {
      "x": 0.3076923076923077,
      "y": 0.24
    },
    "7": {
      "x": 0.34615384615384615,
      "y": 0.34
    },
    "8": {
      "x": 0.4230769230769231,
      "y": 0.38
    },
    "9": {
      "x": 0.34615384615384615,
      "y": 0.4
    },
    "10": {
      "x": 0.19230769230769232,
      "y": 0.34
    },
    "11": {
      "x": 0.23076923076923078,
      "y": 0.42
    },
    "12": {
      "x": 0.3269230769230769,
      "y": 0.48
    },
    "13": {
      "x": 0.25,
      "y": 0.52
    },
    "14": {
      "x": 0.1346153846153846,
      "y": 0.48
    },
    "15": {
      "x": 0.17307692307692307,
      "y": 0.56
    },
    "16": {
      "x": 0.2692307692307692,
      "y": 0.6
    },
    "17": {
      "x": 0.17307692307692307,
      "y": 0.66
    },
    "18": {
      "x": 0.09615384615384616,
      "y": 0.64
    },
    "19": {
      "x": 0.15384615384615385,
      "y": 0.7
    },
    "20": {
      "x": 0.23076923076923078,
      "y": 0.74
    }
  }
}