{
  "label": "ok",
  "dataset": {
    "0": {
      "x": 0.4550561797752809,
      "y": 0.9746192893401016
    },
    "1": {
      "x": 0.29775280898876405,
      "y": 0.8934010152284264
    },
    "2": {
      "x": 0.16292134831460675,
      "y": 0.8020304568527918
    },
    "3": {
      "x": 0.028089887640449437,
      "y": 0.7106598984771574
    },
    "4": {
      "x": 0.06741573033707865,
      "y": 0.6192893401015228
    },
    "5": {
      "x": 0.4606741573033708,
      "y": 0.5634517766497462
    },
    "6": {
      "x": 0.3146067415730337,
      "y": 0.4365482233502538
    },
    "7": {
      "x": 0.16853932584269662,
      "y": 0.4873096446700508
    },
    "8": {
      "x": 0.07865168539325842,
      "y": 0.5583756345177665
    },
    "9": {
      "x": 0.5449438202247191,
      "y": 0.49746192893401014
    },
    "10": {
      "x": 0.5617977528089888,
      "y": 0.29441624365482233
    },
    "11": {
      "x": 0.5280898876404494,
      "y": 0.13705583756345177
    },
    "12": {
      "x": 0.5,
      "y": 0.025380710659898477
    },
    "13": {
      "x": 0.601123595505618,
      "y": 0.5025380710659898
    },
    "14": {
      "x": 0.7640449438202247,
      "y": 0.34517766497461927
    },
    "15": {
      "x": 0.8539325842696629,
      "y": 0.22842639593908629
    },
    "16": {
      "x": 0.9213483146067416,
      "y": 0.1319796954314721
    },
    "17": {
      "x": 0.6179775280898876,
      "y": 0.5431472081218274
    },
    "18": {
      "x": 0.7865168539325843,
      "y": 0.43147208121827413
    },
    "19": {
      "x": 0.8820224719101124,
      "y": 0.3553299492385787
    },
    "20": {
      "x": 0.9719101123595506,
      "y": 0.28426395939086296
    }
  }
}