{
  "label": "ok",
  "dataset": {
    "0": {
      "x": 0.6235294117647059,
      "y": 0.9621212121212122
    },
    "1": {
      "x": 0.38823529411764707,
      "y": 0.9166666666666666
    },
    "2": {
      "x": 0.18823529411764706,
      "y": 0.8409090909090909
    },
    "3": {
      "x": 0.058823529411764705,
      "y": 0.7727272727272727
    },
    "4": {
      "x": 0.07058823529411765,
      "y": 0.6818181818181818
    },
    "5": {
      "x": 0.3058823529411765,
      "y": 0.5606060606060606
    },
    "6": {
      "x": 0.15294117647058825,
      "y": 0.4696969696969697
    },
    "7": {
      "x": 0.10588235294117647,
      "y": 0.5606060606060606
    },
    "8": {
      "x": 0.12941176470588237,
      "y": 0.6515151515151515
    },
    "9": {
      "x": 0.4588235294117647,
      "y": 0.5
    },
    "10": {
      "x": 0.38823529411764707,
      "y": 0.29545454545454547
    },
    "11": {
      "x": 0.35294117647058826,
      "y": 0.1590909090909091
    },
    "12": {
      "x": 0.32941176470588235,
      "y": 0.03787878787878788
    },
    "13": {
      "x": 0.6,
      "y": 0.5
    },
    "14": {
      "x": 0.6588235294117647,
      "y": 0.29545454545454547
    },
    "15": {
      "x": 0.6941176470588235,
      "y": 0.16666666666666666
    },
    "16": {
      "x": 0.7058823529411765,
      "y": 0.05303030303030303
    },
    "17": {
      "x": 0.7411764705882353,
      "y": 0.5606060606060606
    },
    "18": {
      "x": 0.8470588235294118,
      "y": 0.42424242424242425
    },
    "19": {
      "x": 0.8941176470588236,
      "y": 0.3333333333333333
    },
    "20": {
      "x": 0.9411764705882353,
      "y": 0.25
    }
  }
}