{
  "label": "ok",
  "dataset": {
    "0": {
      "x": 0.03463203463203463,
      "y": 0.9864130434782609
    },
    "1": {
      "x": 0.3722943722943723,
      "y": 0.9538043478260869
    },
    "2": {
      "x": 0.658008658008658,
      "y": 0.8668478260869565
    },
    "3": {
      "x": 0.8787878787878788,
      "y": 0.7635869565217391
    },
    "4": {
      "x": 0.9783549783549783,
      "y": 0.6304347826086957
    },
    "5": {
      "x": 0.2987012987012987,
      "y": 0.5543478260869565
    },
    "6": {
      "x": 0.6406926406926406,
      "y": 0.4429347826086957
    },
    "7": {
      "x": 0.7878787878787878,
      "y": 0.5489130434782609
    },
    "8": {
      "x": 0.8051948051948052,
      "y": 0.657608695652174
    },
    "9": {
      "x": 0.16883116883116883,
      "y": 0.5271739130434783
    },
    "10": {
      "x": 0.3203463203463203,
      "y": 0.2826086956521739
    },
    "11": {
      "x": 0.4199134199134199,
      "y": 0.13858695652173914
    },
    "12": {
      "x": 0.46320346320346323,
      "y": 0.01358695652173913
    },
    "13": {
      "x": 0.08225108225108226,
      "y": 0.5543478260869565
    },
    "14": {
      "x": 0.16017316017316016,
      "y": 0.34782608695652173
    },
    "15": {
      "x": 0.22077922077922077,
      "y": 0.21467391304347827
    },
    "16": {
      "x": 0.2597402597402597,
      "y": 0.10597826086956522
    },
    "17": {
      "x": 0.047619047619047616,
      "y": 0.6005434782608695
    },
    "18": {
      "x": 0.025974025974025976,
      "y": 0.47282608695652173
    },
    "19": {
      "x": 0.021645021645021644,
      "y": 0.3804347826086957
    },
    "20": {
      "x": 0.025974025974025976,
      "y": 0.2907608695652174
    }
  }
}