{
  "label": "ok",
  "dataset": {
    "0": {
      "x": 0.422680412371134,
      "y": 0.9783549783549783
    },
    "1": {
      "x": 0.26288659793814434,
      "y": 0.8787878787878788
    },
    "2": {
      "x": 0.15979381443298968,
      "y": 0.7402597402597403
    },
    "3": {
      "x": 0.061855670103092786,
      "y": 0.6320346320346321
    },
    "4": {
      "x": 0.02577319587628866,
      "y": 0.5324675324675324
    },
    "5": {
      "x": 0.36597938144329895,
      "y": 0.5281385281385281
    },
    "6": {
      "x": 0.26288659793814434,
      "y": 0.42424242424242425
    },
    "7": {
      "x": 0.15979381443298968,
      "y": 0.46320346320346323
    },
    "8": {
      "x": 0.10309278350515463,
      "y": 0.5194805194805194
    },
    "9": {
      "x": 0.4845360824742268,
      "y": 0.4935064935064935
    },
    "10": {
      "x": 0.5103092783505154,
      "y": 0.2857142857142857
    },
    "11": {
      "x": 0.5463917525773195,
      "y": 0.13852813852813853
    },
    "12": {
      "x": 0.5876288659793815,
      "y": 0.021645021645021644
    },
    "13": {
      "x": 0.5876288659793815,
      "y": 0.5194805194805194
    },
    "14": {
      "x": 0.6958762886597938,
      "y": 0.3333333333333333
    },
    "15": {
      "x": 0.7680412371134021,
      "y": 0.21212121212121213
    },
    "16": {
      "x": 0.8298969072164949,
      "y": 0.1038961038961039
    },
    "17": {
      "x": 0.6649484536082474,
      "y": 0.5887445887445888
    },
    "18": {
      "x": 0.7989690721649485,
      "y": 0.47186147186147187
    },
    "19": {
      "x": 0.8917525773195877,
      "y": 0.38961038961038963
    },
    "20": {
      "x": 0.9742268041237113,
      "y": 0.3203463203463203
    }
  }
}