{
  "label": "ok",
  "dataset": {
    "0": {
      "x": 0.24761904761904763,
      "y": 0.9557522123893806
    },
    "1": {
      "x": 0.14285714285714285,
      "y": 0.8230088495575221
    },
    "2": {
      "x": 0.08571428571428572,
      "y": 0.6548672566371682
    },
    "3": {
      "x": 0.047619047619047616,
      "y": 0.5398230088495575
    },
    "4": {
      "x": 0.047619047619047616,
      "y": 0.4336283185840708
    },
    "5": {
      "x": 0.3333333333333333,
      "y": 0.49557522123893805
    },
    "6": {
      "x": 0.3142857142857143,
      "y": 0.36283185840707965
    },
    "7": {
      "x": 0.20952380952380953,
      "y": 0.36283185840707965
    },
    "8": {
      "x": 0.13333333333333333,
      "y": 0.39823008849557523
    },
    "9": {
      "x": 0.4380952380952381,
      "y": 0.49557522123893805
    },
    "10": {
      "x": 0.5428571428571428,
      "y": 0.3008849557522124
    },
    "11": {
      "x": 0.6,
      "y": 0.1592920353982301
    },
    "12": {
      "x": 0.6571428571428571,
      "y": 0.04424778761061947
    },
    "13": {
      "x": 0.5238095238095238,
      "y": 0.5575221238938053
    },
    "14": {
      "x": 0.6666666666666666,
      "y": 0.39823008849557523
    },
    "15": {
      "x": 0.7333333333333333,
      "y": 0.2743362831858407
    },
    "16": {
      "x": 0.780952380952381,
      "y": 0.168141592920354
    },
    "17": {
      "x": 0.5619047619047619,
      "y": 0.6637168141592921
    },
    "18": {
      "x": 0.7428571428571429,
      "y": 0.5929203539823009
    },
    "19": {
      "x": 0.8571428571428571,
      "y": 0.5398230088495575
    },
    "20": {
      "x": 0.9523809523809523,
      "y": 0.48672566371681414
    }
  }
}