{
  "label": "ok",
  "dataset": {
    "0": {
      "x": 0.5,
      "y": 0.9509803921568627
    },
    "1": {
      "x": 0.6710526315789473,
      "y": 0.8627450980392157
    },
    "2": {
      "x": 0.7894736842105263,
      "y": 0.7352941176470589
    },
    "3": {
      "x": 0.9078947368421053,
      "y": 0.6470588235294118
    },
    "4": {
      "x": 0.9342105263157895,
      "y": 0.5588235294117647
    },
    "5": {
      "x": 0.5394736842105263,
      "y": 0.5196078431372549
    },
    "6": {
      "x": 0.6842105263157895,
      "y": 0.38235294117647056
    },
    "7": {
      "x": 0.8157894736842105,
      "y": 0.43137254901960786
    },
    "8": {
      "x": 0.881578947368421,
      "y": 0.5196078431372549
    },
    "9": {
      "x": 0.4342105263157895,
      "y": 0.49019607843137253
    },
    "10": {
      "x": 0.39473684210526316,
      "y": 0.28431372549019607
    },
    "11": {
      "x": 0.47368421052631576,
      "y": 0.14705882352941177
    },
    "12": {
      "x": 0.5394736842105263,
      "y": 0.049019607843137254
    },
    "13": {
      "x": 0.32894736842105265,
      "y": 0.5196078431372549
    },
    "14": {
      "x": 0.21052631578947367,
      "y": 0.3431372549019608
    },
    "15": {
      "x": 0.2236842105263158,
      "y": 0.20588235294117646
    },
    "16": {
      "x": 0.25,
      "y": 0.09803921568627451
    },
    "17": {
      "x": 0.25,
      "y": 0.5882352941176471
    },
    "18": {
      "x": 0.11842105263157894,
      "y": 0.46078431372549017
    },
    "19": {
      "x": 0.07894736842105263,
      "y": 0.3627450980392157
    },
    "20": {
      "x": 0.06578947368421052,
      "y": 0.2647058823529412
    }
  }
}