{
  "label": "ok",
  "dataset": {
    "0": {
      "x": 0.5294117647058824,
      "y": 0.9285714285714286
    },
    "1": {
      "x": 0.35294117647058826,
      "y": 0.8428571428571429
    },
    "2": {
      "x": 0.21568627450980393,
      "y": 0.7285714285714285
    },
    "3": {
      "x": 0.09803921568627451,
      "y": 0.6428571428571429
    },
    "4": {
      "x": 0.11764705882352941,
      "y": 0.5714285714285714
    },
    "5": {
      "x": 0.5098039215686274,
      "y": 0.5
    },
    "6": {
      "x": 0.4117647058823529,
      "y": 0.38571428571428573
    },
    "7": {
      "x": 0.27450980392156865,
      "y": 0.42857142857142855
    },
    "8": {
      "x": 0.1568627450980392,
      "y": 0.5
    },
    "9": {
      "x": 0.6078431372549019,
      "y": 0.4857142857142857
    },
    "10": {
      "x": 0.6470588235294118,
      "y": 0.2857142857142857
    },
    "11": {
      "x": 0.6078431372549019,
      "y": 0.17142857142857143
    },
    "12": {
      "x": 0.5686274509803921,
      "y": 0.07142857142857142
    },
    "13": {
      "x": 0.6862745098039216,
      "y": 0.5142857142857142
    },
    "14": {
      "x": 0.7647058823529411,
      "y": 0.3142857142857143
    },
    "15": {
      "x": 0.7647058823529411,
      "y": 0.18571428571428572
    },
    "16": {
      "x": 0.7647058823529411,
      "y": 0.08571428571428572
    },
    "17": {
      "x": 0.7450980392156863,
      "y": 0.5714285714285714
    },
    "18": {
      "x": 0.8431372549019608,
      "y": 0.44285714285714284
    },
    "19": {
      "x": 0.8823529411764706,
      "y": 0.35714285714285715
    },
    "20": {
      "x": 0.9019607843137255,
      "y": 0.2714285714285714
    }
  }
}