{
  "label": "ok",
  "dataset": {
    "0": {
      "x": 0.5816326530612245,
      "y": 0.9603174603174603
    },
    "1": {
      "x": 0.41836734693877553,
      "y": 0.8968253968253969
    },
    "2": {
      "x": 0.2755102040816326,
      "y": 0.7777777777777778
    },
    "3": {
      "x": 0.1326530612244898,
      "y": 0.7222222222222222
    },
    "4": {
      "x": 0.05102040816326531,
      "y": 0.6428571428571429
    },
    "5": {
      "x": 0.46938775510204084,
      "y": 0.5238095238095238
    },
    "6": {
      "x": 0.3163265306122449,
      "y": 0.4523809523809524
    },
    "7": {
      "x": 0.19387755102040816,
      "y": 0.5238095238095238
    },
    "8": {
      "x": 0.12244897959183673,
      "y": 0.6111111111111112
    },
    "9": {
      "x": 0.5714285714285714,
      "y": 0.49206349206349204
    },
    "10": {
      "x": 0.5408163265306123,
      "y": 0.2857142857142857
    },
    "11": {
      "x": 0.4897959183673469,
      "y": 0.15079365079365079
    },
    "12": {
      "x": 0.4489795918367347,
      "y": 0.03968253968253968
    },
    "13": {
      "x": 0.6836734693877551,
      "y": 0.5238095238095238
    },
    "14": {
      "x": 0.7040816326530612,
      "y": 0.30158730158730157
    },
    "15": {
      "x": 0.6938775510204082,
      "y": 0.16666666666666666
    },
    "16": {
      "x": 0.6836734693877551,
      "y": 0.047619047619047616
    },
    "17": {
      "x": 0.7857142857142857,
      "y": 0.6031746031746031
    },
    "18": {
      "x": 0.8877551020408163,
      "y": 0.4444444444444444
    },
    "19": {
      "x": 0.9285714285714286,
      "y": 0.3333333333333333
    },
    "20": {
      "x": 0.9489795918367347,
      "y": 0.23015873015873015
    }
  }
}