{
  "label": "ok",
  "dataset": {
    "0": {
      "x": 0.2966101694915254,
      "y": 0.9662162162162162
    },
    "1": {
      "x": 0.4661016949152542,
      "y": 0.9527027027027027
    },
    "2": {
      "x": 0.6440677966101694,
      "y": 0.8716216216216216
    },
    "3": {
      "x": 0.8305084745762712,
      "y": 0.8040540540540541
    },
    "4": {
      "x": 0.9576271186440678,
      "y": 0.7297297297297297
    },
    "5": {
      "x": 0.5,
      "y": 0.5878378378378378
    },
    "6": {
      "x": 0.6949152542372882,
      "y": 0.5067567567567568
    },
    "7": {
      "x": 0.8305084745762712,
      "y": 0.5472972972972973
    },
    "8": {
      "x": 0.923728813559322,
      "y": 0.6216216216216216
    },
    "9": {
      "x": 0.3983050847457627,
      "y": 0.5135135135135135
    },
    "10": {
      "x": 0.4661016949152542,
      "y": 0.2972972972972973
    },
    "11": {
      "x": 0.576271186440678,
      "y": 0.16216216216216217
    },
    "12": {
      "x": 0.6694915254237288,
      "y": 0.05405405405405406
    },
    "13": {
      "x": 0.2796610169491525,
      "y": 0.5067567567567568
    },
    "14": {
      "x": 0.2711864406779661,
      "y": 0.2905405405405405
    },
    "15": {
      "x": 0.3305084745762712,
      "y": 0.14864864864864866
    },
    "16": {
      "x": 0.4067796610169492,
      "y": 0.033783783783783786
    },
    "17": {
      "x": 0.1694915254237288,
      "y": 0.5540540540540541
    },
    "18": {
      "x": 0.06779661016949153,
      "y": 0.40540540540540543
    },
    "19": {
      "x": 0.0423728813559322,
      "y": 0.2972972972972973
    },
    "20": {
      "x": 0.0423728813559322,
      "y": 0.19594594594594594
    }
  }
}