{
  "label": "ok",
  "dataset": {
    "0": {
      "x": 0.4818181818181818,
      "y": 0.9830508474576272
    },
    "1": {
      "x": 0.6318181818181818,
      "y": 0.8779661016949153
    },
    "2": {
      "x": 0.759090909090909,
      "y": 0.7457627118644068
    },
    "3": {
      "x": 0.8818181818181818,
      "y": 0.6610169491525424
    },
    "4": {
      "x": 0.9772727272727273,
      "y": 0.576271186440678
    },
    "5": {
      "x": 0.5045454545454545,
      "y": 0.5322033898305085
    },
    "6": {
      "x": 0.6636363636363637,
      "y": 0.4135593220338983
    },
    "7": {
      "x": 0.7954545454545454,
      "y": 0.488135593220339
    },
    "8": {
      "x": 0.8636363636363636,
      "y": 0.5898305084745763
    },
    "9": {
      "x": 0.39090909090909093,
      "y": 0.5186440677966102
    },
    "10": {
      "x": 0.35909090909090907,
      "y": 0.29491525423728815
    },
    "11": {
      "x": 0.37272727272727274,
      "y": 0.14576271186440679
    },
    "12": {
      "x": 0.36363636363636365,
      "y": 0.01694915254237288
    },
    "13": {
      "x": 0.2909090909090909,
      "y": 0.5661016949152542
    },
    "14": {
      "x": 0.19545454545454546,
      "y": 0.3728813559322034
    },
    "15": {
      "x": 0.1590909090909091,
      "y": 0.23389830508474577
    },
    "16": {
      "x": 0.12272727272727273,
      "y": 0.11186440677966102
    },
    "17": {
      "x": 0.21363636363636362,
      "y": 0.6610169491525424
    },
    "18": {
      "x": 0.11363636363636363,
      "y": 0.5186440677966102
    },
    "19": {
      "x": 0.06363636363636363,
      "y": 0.4135593220338983
    },
    "20": {
      "x": 0.022727272727272728,
      "y": 0.3152542372881356
    }
  }
}