{
  "label": "ok",
  "dataset": {
    "0": {
      "x": 0.5837837837837838,
      "y": 0.9801587301587301
    },
    "1": {
      "x": 0.3945945945945946,
      "y": 0.876984126984127
    },
    "2": {
      "x": 0.24324324324324326,
      "y": 0.7380952380952381
    },
    "3": {
      "x": 0.0918918918918919,
      "y": 0.6587301587301587
    },
    "4": {
      "x": 0.02702702702702703,
      "y": 0.5714285714285714
    },
    "5": {
      "x": 0.4756756756756757,
      "y": 0.5198412698412699
    },
    "6": {
      "x": 0.31891891891891894,
      "y": 0.4007936507936508
    },
    "7": {
      "x": 0.17297297297297298,
      "y": 0.44047619047619047
    },
    "8": {
      "x": 0.08648648648648649,
      "y": 0.5079365079365079
    },
    "9": {
      "x": 0.5891891891891892,
      "y": 0.49603174603174605
    },
    "10": {
      "x": 0.5675675675675675,
      "y": 0.28174603174603174
    },
    "11": {
      "x": 0.5351351351351351,
      "y": 0.1388888888888889
    },
    "12": {
      "x": 0.5027027027027027,
      "y": 0.01984126984126984
    },
    "13": {
      "x": 0.6972972972972973,
      "y": 0.5238095238095238
    },
    "14": {
      "x": 0.745945945945946,
      "y": 0.3253968253968254
    },
    "15": {
      "x": 0.7351351351351352,
      "y": 0.1865079365079365
    },
    "16": {
      "x": 0.7135135135135136,
      "y": 0.06349206349206349
    },
    "17": {
      "x": 0.7891891891891892,
      "y": 0.6031746031746031
    },
    "18": {
      "x": 0.8972972972972973,
      "y": 0.46825396825396826
    },
    "19": {
      "x": 0.9405405405405406,
      "y": 0.3611111111111111
    },
    "20": {
      "x": 0.972972972972973,
      "y": 0.2619047619047619
    }
  }
}