{
  "label": "ok",
  "dataset": {
    "0": {
      "x": 0.12727272727272726,
      "y": 0.95
    },
    "1": {
      "x": 0.43636363636363634,
      "y": 0.89
    },
    "2": {
      "x": 0.7272727272727273,
      "y": 0.77
    },
    "3": {
      "x": 0.9090909090909091,
      "y": 0.67
    },
    "4": {
      "x": 0.8727272727272727,
      "y": 0.57
    },
    "5": {
      "x": 0.6181818181818182,
      "y": 0.51
    },
    "6": {
      "x": 0.8181818181818182,
      "y": 0.38
    },
    "7": {
      "x": 0.8545454545454545,
      "y": 0.46
    },
    "8": {
      "x": 0.8363636363636363,
      "y": 0.56
    },
    "9": {
      "x": 0.4727272727272727,
      "y": 0.45
    },
    "10": {
      "x": 0.6363636363636364,
      "y": 0.25
    },
    "11": {
      "x": 0.7818181818181819,
      "y": 0.16
    },
    "12": {
      "x": 0.9090909090909091,
      "y": 0.1
    },
    "13": {
      "x": 0.2909090909090909,
      "y": 0.44
    },
    "14": {
      "x": 0.41818181818181815,
      "y": 0.24
    },
    "15": {
      "x": 0.5454545454545454,
      "y": 0.13
    },
    "16": {
      "x": 0.6727272727272727,
      "y": 0.05
    },
    "17": {
      "x": 0.09090909090909091,
      "y": 0.46
    },
    "18": {
      "x": 0.12727272727272726,
      "y": 0.29
    },
    "19": {
      "x": 0.18181818181818182,
      "y": 0.18
    },
    "20": {
      "x": 0.23636363636363636,
      "y": 0.09
    }
  }
}