{
  "label": "ok",
  "dataset": {
    "0": {
      "x": 0.9596774193548387,
      "y": 0.9425287356321839
    },
    "1": {
      "x": 0.75,
      "y": 0.9712643678160919
    },
    "2": {
      "x": 0.4596774193548387,
      "y": 0.9252873563218391
    },
    "3": {
      "x": 0.23387096774193547,
      "y": 0.9080459770114943
    },
    "4": {
      "x": 0.0967741935483871,
      "y": 0.8275862068965517
    },
    "5": {
      "x": 0.5,
      "y": 0.5977011494252874
    },
    "6": {
      "x": 0.28225806451612906,
      "y": 0.5862068965517241
    },
    "7": {
      "x": 0.16129032258064516,
      "y": 0.6724137931034483
    },
    "8": {
      "x": 0.08870967741935484,
      "y": 0.7528735632183908
    },
    "9": {
      "x": 0.5645161290322581,
      "y": 0.5057471264367817
    },
    "10": {
      "x": 0.3629032258064516,
      "y": 0.3275862068965517
    },
    "11": {
      "x": 0.1935483870967742,
      "y": 0.22413793103448276
    },
    "12": {
      "x": 0.04032258064516129,
      "y": 0.14367816091954022
    },
    "13": {
      "x": 0.6774193548387096,
      "y": 0.46551724137931033
    },
    "14": {
      "x": 0.5483870967741935,
      "y": 0.25287356321839083
    },
    "15": {
      "x": 0.41935483870967744,
      "y": 0.12643678160919541
    },
    "16": {
      "x": 0.29838709677419356,
      "y": 0.028735632183908046
    },
    "17": {
      "x": 0.8145161290322581,
      "y": 0.47126436781609193
    },
    "18": {
      "x": 0.7338709677419355,
      "y": 0.28160919540229884
    },
    "19": {
      "x": 0.6532258064516129,
      "y": 0.16666666666666666
    },
    "20": {
      "x": 0.5564516129032258,
      "y": 0.06896551724137931
    }
  }
}