{
  "label": "ok",
  "dataset": {
    "0": {
      "x": 0.460431654676259,
      "y": 0.9722222222222222
    },
    "1": {
      "x": 0.2949640287769784,
      "y": 0.8888888888888888
    },
    "2": {
      "x": 0.15827338129496402,
      "y": 0.7722222222222223
    },
    "3": {
      "x": 0.04316546762589928,
      "y": 0.6888888888888889
    },
    "4": {
      "x": 0.03597122302158273,
      "y": 0.6111111111111112
    },
    "5": {
      "x": 0.3381294964028777,
      "y": 0.5388888888888889
    },
    "6": {
      "x": 0.17985611510791366,
      "y": 0.46111111111111114
    },
    "7": {
      "x": 0.08633093525179857,
      "y": 0.5333333333333333
    },
    "8": {
      "x": 0.050359712230215826,
      "y": 0.6111111111111112
    },
    "9": {
      "x": 0.4460431654676259,
      "y": 0.5111111111111111
    },
    "10": {
      "x": 0.4316546762589928,
      "y": 0.3111111111111111
    },
    "11": {
      "x": 0.4244604316546763,
      "y": 0.15555555555555556
    },
    "12": {
      "x": 0.4172661870503597,
      "y": 0.027777777777777776
    },
    "13": {
      "x": 0.5611510791366906,
      "y": 0.55
    },
    "14": {
      "x": 0.6330935251798561,
      "y": 0.35555555555555557
    },
    "15": {
      "x": 0.6690647482014388,
      "y": 0.2222222222222222
    },
    "16": {
      "x": 0.6834532374100719,
      "y": 0.1111111111111111
    },
    "17": {
      "x": 0.6474820143884892,
      "y": 0.6388888888888888
    },
    "18": {
      "x": 0.7985611510791367,
      "y": 0.5333333333333333
    },
    "19": {
      "x": 0.8920863309352518,
      "y": 0.45
    },
    "20": {
      "x": 0.9640287769784173,
      "y": 0.3611111111111111
    }
  }
}