{
  "label": "ok",
  "dataset": {
    "0": {
      "x": 0.2796610169491525,
      "y": 0.9738219895287958
    },
    "1": {
      "x": 0.09322033898305085,
      "y": 0.8115183246073299
    },
    "2": {
      "x": 0.0423728813559322,
      "y": 0.6282722513089005
    },
    "3": {
      "x": 0.05084745762711865,
      "y": 0.47643979057591623
    },
    "4": {
      "x": 0.0847457627118644,
      "y": 0.3507853403141361
    },
    "5": {
      "x": 0.3728813559322034,
      "y": 0.4869109947643979
    },
    "6": {
      "x": 0.3728813559322034,
      "y": 0.31413612565445026
    },
    "7": {
      "x": 0.2457627118644068,
      "y": 0.2931937172774869
    },
    "8": {
      "x": 0.1271186440677966,
      "y": 0.3089005235602094
    },
    "9": {
      "x": 0.5423728813559322,
      "y": 0.4869109947643979
    },
    "10": {
      "x": 0.6186440677966102,
      "y": 0.2774869109947644
    },
    "11": {
      "x": 0.6016949152542372,
      "y": 0.14136125654450263
    },
    "12": {
      "x": 0.576271186440678,
      "y": 0.02617801047120419
    },
    "13": {
      "x": 0.6864406779661016,
      "y": 0.5392670157068062
    },
    "14": {
      "x": 0.7966101694915254,
      "y": 0.35602094240837695
    },
    "15": {
      "x": 0.8050847457627118,
      "y": 0.2356020942408377
    },
    "16": {
      "x": 0.7627118644067796,
      "y": 0.13089005235602094
    },
    "17": {
      "x": 0.8135593220338984,
      "y": 0.6230366492146597
    },
    "18": {
      "x": 0.9491525423728814,
      "y": 0.4816753926701571
    },
    "19": {
      "x": 0.9576271186440678,
      "y": 0.38219895287958117
    },
    "20": {
      "x": 0.9152542372881356,
      "y": 0.29842931937172773
    }
  }
}