{
  "label": "ok",
  "dataset": {
    "0": {
      "x": 0.26666666666666666,
      "y": 0.9629629629629629
    },
    "1": {
      "x": 0.4888888888888889,
      "y": 0.8518518518518519
    },
    "2": {
      "x": 0.6777777777777778,
      "y": 0.7407407407407407
    },
    "3": {
      "x": 0.8333333333333334,
      "y": 0.6814814814814815
    },
    "4": {
      "x": 0.9444444444444444,
      "y": 0.6148148148148148
    },
    "5": {
      "x": 0.4666666666666667,
      "y": 0.5111111111111111
    },
    "6": {
      "x": 0.6555555555555556,
      "y": 0.42962962962962964
    },
    "7": {
      "x": 0.7777777777777778,
      "y": 0.4888888888888889
    },
    "8": {
      "x": 0.8444444444444444,
      "y": 0.5777777777777777
    },
    "9": {
      "x": 0.36666666666666664,
      "y": 0.4888888888888889
    },
    "10": {
      "x": 0.4,
      "y": 0.2740740740740741
    },
    "11": {
      "x": 0.45555555555555555,
      "y": 0.14814814814814814
    },
    "12": {
      "x": 0.4888888888888889,
      "y": 0.037037037037037035
    },
    "13": {
      "x": 0.26666666666666666,
      "y": 0.5185185185185185
    },
    "14": {
      "x": 0.18888888888888888,
      "y": 0.32592592592592595
    },
    "15": {
      "x": 0.17777777777777778,
      "y": 0.2
    },
    "16": {
      "x": 0.17777777777777778,
      "y": 0.0962962962962963
    },
    "17": {
      "x": 0.17777777777777778,
      "y": 0.5925925925925926
    },
    "18": {
      "x": 0.08888888888888889,
      "y": 0.45185185185185184
    },
    "19": {
      "x": 0.06666666666666667,
      "y": 0.35555555555555557
    },
    "20": {
      "x": 0.05555555555555555,
      "y": 0.26666666666666666
    }
  }
}