{
  "label": "ok",
  "dataset": {
    "0": {
      "x": 0.9626865671641791,
      "y": 0.946236559139785
    },
    "1": {
      "x": 0.9477611940298507,
      "y": 0.6774193548387096
    },
    "2": {
      "x": 0.8805970149253731,
      "y": 0.44086021505376344
    },
    "3": {
      "x": 0.8134328358208955,
      "y": 0.24731182795698925
    },
    "4": {
      "x": 0.7238805970149254,
      "y": 0.0967741935483871
    },
    "5": {
      "x": 0.5746268656716418,
      "y": 0.5591397849462365
    },
    "6": {
      "x": 0.5,
      "y": 0.3333333333333333
    },
    "7": {
      "x": 0.5671641791044776,
      "y": 0.21505376344086022
    },
    "8": {
      "x": 0.6567164179104478,
      "y": 0.16129032258064516
    },
    "9": {
      "x": 0.5,
      "y": 0.6021505376344086
    },
    "10": {
      "x": 0.3208955223880597,
      "y": 0.3978494623655914
    },
    "11": {
      "x": 0.23880597014925373,
      "y": 0.21505376344086022
    },
    "12": {
      "x": 0.1865671641791045,
      "y": 0.053763440860215055
    },
    "13": {
      "x": 0.4552238805970149,
      "y": 0.6774193548387096
    },
    "14": {
      "x": 0.26119402985074625,
      "y": 0.5268817204301075
    },
    "15": {
      "x": 0.15671641791044777,
      "y": 0.3655913978494624
    },
    "16": {
      "x": 0.09701492537313433,
      "y": 0.22580645161290322
    },
    "17": {
      "x": 0.4552238805970149,
      "y": 0.7849462365591398
    },
    "18": {
      "x": 0.26865671641791045,
      "y": 0.7526881720430108
    },
    "19": {
      "x": 0.1417910447761194,
      "y": 0.7204301075268817
    },
    "20": {
      "x": 0.03731343283582089,
      "y": 0.6774193548387096
    }
  }
}