{
  "label": "ok",
  "dataset": {
    "0": {
      "x": 0.5365853658536586,
      "y": 0.8958333333333334
    },
    "1": {
      "x": 0.6829268292682927,
      "y": 0.7916666666666666
    },
    "2": {
      "x": 0.7804878048780488,
      "y": 0.6875
    },
    "3": {
      "x": 0.8536585365853658,
      "y": 0.5833333333333334
    },
    "4": {
      "x": 0.8780487804878049,
      "y": 0.5
    },
    "5": {
      "x": 0.5853658536585366,
      "y": 0.5208333333333334
    },
    "6": {
      "x": 0.6829268292682927,
      "y": 0.4166666666666667
    },
    "7": {
      "x": 0.7804878048780488,
      "y": 0.4166666666666667
    },
    "8": {
      "x": 0.8536585365853658,
      "y": 0.4375
    },
    "9": {
      "x": 0.4878048780487805,
      "y": 0.5
    },
    "10": {
      "x": 0.5121951219512195,
      "y": 0.3125
    },
    "11": {
      "x": 0.5853658536585366,
      "y": 0.20833333333333334
    },
    "12": {
      "x": 0.6341463414634146,
      "y": 0.10416666666666667
    },
    "13": {
      "x": 0.3902439024390244,
      "y": 0.5
    },
    "14": {
      "x": 0.2926829268292683,
      "y": 0.3333333333333333
    },
    "15": {
      "x": 0.2926829268292683,
      "y": 0.20833333333333334
    },
    "16": {
      "x": 0.2926829268292683,
      "y": 0.125
    },
    "17": {
      "x": 0.3170731707317073,
      "y": 0.5416666666666666
    },
    "18": {
      "x": 0.17073170731707318,
      "y": 0.4375
    },
    "19": {
      "x": 0.14634146341463414,
      "y": 0.3541666666666667
    },
    "20": {
      "x": 0.12195121951219512,
      "y": 0.2708333333333333
    }
  }
}