{
  "label": "ok",
  "dataset": {
    "0": {
      "x": 0.6912751677852349,
      "y": 0.9775784753363229
    },
    "1": {
      "x": 0.5033557046979866,
      "y": 0.8923766816143498
    },
    "2": {
      "x": 0.3691275167785235,
      "y": 0.7847533632286996
    },
    "3": {
      "x": 0.18791946308724833,
      "y": 0.7219730941704036
    },
    "4": {
      "x": 0.03355704697986577,
      "y": 0.6816143497757847
    },
    "5": {
      "x": 0.5637583892617449,
      "y": 0.5605381165919282
    },
    "6": {
      "x": 0.348993288590604,
      "y": 0.484304932735426
    },
    "7": {
      "x": 0.18120805369127516,
      "y": 0.5515695067264574
    },
    "8": {
      "x": 0.087248322147651,
      "y": 0.6322869955156951
    },
    "9": {
      "x": 0.6174496644295302,
      "y": 0.5426008968609866
    },
    "10": {
      "x": 0.5973154362416108,
      "y": 0.32286995515695066
    },
    "11": {
      "x": 0.5906040268456376,
      "y": 0.15695067264573992
    },
    "12": {
      "x": 0.6241610738255033,
      "y": 0.02242152466367713
    },
    "13": {
      "x": 0.6577181208053692,
      "y": 0.5829596412556054
    },
    "14": {
      "x": 0.7248322147651006,
      "y": 0.36771300448430494
    },
    "15": {
      "x": 0.7919463087248322,
      "y": 0.22869955156950672
    },
    "16": {
      "x": 0.8657718120805369,
      "y": 0.11210762331838565
    },
    "17": {
      "x": 0.6845637583892618,
      "y": 0.6502242152466368
    },
    "18": {
      "x": 0.7919463087248322,
      "y": 0.5246636771300448
    },
    "19": {
      "x": 0.8791946308724832,
      "y": 0.4304932735426009
    },
    "20": {
      "x": 0.9664429530201343,
      "y": 0.3542600896860987
    }
  }
}