{
  "label": "ok",
  "dataset": {
    "0": {
      "x": 0.2558139534883721,
      "y": 0.9606299212598425
    },
    "1": {
      "x": 0.4883720930232558,
      "y": 0.9133858267716536
    },
    "2": {
      "x": 0.686046511627907,
      "y": 0.8267716535433071
    },
    "3": {
      "x": 0.8488372093023255,
      "y": 0.7559055118110236
    },
    "4": {
      "x": 0.9418604651162791,
      "y": 0.6535433070866141
    },
    "5": {
      "x": 0.5813953488372093,
      "y": 0.5748031496062992
    },
    "6": {
      "x": 0.7790697674418605,
      "y": 0.4881889763779528
    },
    "7": {
      "x": 0.872093023255814,
      "y": 0.5354330708661418
    },
    "8": {
      "x": 0.9069767441860465,
      "y": 0.6062992125984252
    },
    "9": {
      "x": 0.47674418604651164,
      "y": 0.49606299212598426
    },
    "10": {
      "x": 0.6395348837209303,
      "y": 0.31496062992125984
    },
    "11": {
      "x": 0.7558139534883721,
      "y": 0.1968503937007874
    },
    "12": {
      "x": 0.8372093023255814,
      "y": 0.09448818897637795
    },
    "13": {
      "x": 0.3372093023255814,
      "y": 0.48031496062992124
    },
    "14": {
      "x": 0.32558139534883723,
      "y": 0.28346456692913385
    },
    "15": {
      "x": 0.3372093023255814,
      "y": 0.14960629921259844
    },
    "16": {
      "x": 0.36046511627906974,
      "y": 0.03937007874015748
    },
    "17": {
      "x": 0.18604651162790697,
      "y": 0.5196850393700787
    },
    "18": {
      "x": 0.09302325581395349,
      "y": 0.3858267716535433
    },
    "19": {
      "x": 0.05813953488372093,
      "y": 0.29133858267716534
    },
    "20": {
      "x": 0.05813953488372093,
      "y": 0.2047244094488189
    }
  }
}