{
  "label": "ok",
  "dataset": {
    "0": {
      "x": 0.2268041237113402,
      "y": 0.9662162162162162
    },
    "1": {
      "x": 0.5154639175257731,
      "y": 0.8918918918918919
    },
    "2": {
      "x": 0.7319587628865979,
      "y": 0.7567567567567568
    },
    "3": {
      "x": 0.9175257731958762,
      "y": 0.6418918918918919
    },
    "4": {
      "x": 0.9484536082474226,
      "y": 0.5135135135135135
    },
    "5": {
      "x": 0.5876288659793815,
      "y": 0.4864864864864865
    },
    "6": {
      "x": 0.7525773195876289,
      "y": 0.35135135135135137
    },
    "7": {
      "x": 0.865979381443299,
      "y": 0.3918918918918919
    },
    "8": {
      "x": 0.9484536082474226,
      "y": 0.4594594594594595
    },
    "9": {
      "x": 0.44329896907216493,
      "y": 0.43243243243243246
    },
    "10": {
      "x": 0.5670103092783505,
      "y": 0.25675675675675674
    },
    "11": {
      "x": 0.7216494845360825,
      "y": 0.1891891891891892
    },
    "12": {
      "x": 0.8762886597938144,
      "y": 0.14864864864864866
    },
    "13": {
      "x": 0.25773195876288657,
      "y": 0.43243243243243246
    },
    "14": {
      "x": 0.3402061855670103,
      "y": 0.23648648648648649
    },
    "15": {
      "x": 0.44329896907216493,
      "y": 0.12162162162162163
    },
    "16": {
      "x": 0.5670103092783505,
      "y": 0.033783783783783786
    },
    "17": {
      "x": 0.07216494845360824,
      "y": 0.4797297297297297
    },
    "18": {
      "x": 0.05154639175257732,
      "y": 0.32432432432432434
    },
    "19": {
      "x": 0.07216494845360824,
      "y": 0.21621621621621623
    },
    "20": {
      "x": 0.12371134020618557,
      "y": 0.11486486486486487
    }
  }
}