{
  "label": "ok",
  "dataset": {
    "0": {
      "x": 0.9790794979079498,
      "y": 0.9853372434017595
    },
    "1": {
      "x": 0.7071129707112971,
      "y": 0.9618768328445748
    },
    "2": {
      "x": 0.4476987447698745,
      "y": 0.8680351906158358
    },
    "3": {
      "x": 0.2217573221757322,
      "y": 0.8123167155425219
    },
    "4": {
      "x": 0.04184100418410042,
      "y": 0.7624633431085044
    },
    "5": {
      "x": 0.5774058577405857,
      "y": 0.5395894428152492
    },
    "6": {
      "x": 0.28870292887029286,
      "y": 0.49853372434017595
    },
    "7": {
      "x": 0.11297071129707113,
      "y": 0.5953079178885631
    },
    "8": {
      "x": 0.02092050209205021,
      "y": 0.6891495601173021
    },
    "9": {
      "x": 0.6485355648535565,
      "y": 0.4838709677419355
    },
    "10": {
      "x": 0.4476987447698745,
      "y": 0.2697947214076246
    },
    "11": {
      "x": 0.25523012552301255,
      "y": 0.1495601173020528
    },
    "12": {
      "x": 0.1087866108786611,
      "y": 0.05278592375366569
    },
    "13": {
      "x": 0.7489539748953975,
      "y": 0.4809384164222874
    },
    "14": {
      "x": 0.606694560669456,
      "y": 0.2375366568914956
    },
    "15": {
      "x": 0.46443514644351463,
      "y": 0.11143695014662756
    },
    "16": {
      "x": 0.3514644351464435,
      "y": 0.01466275659824047
    },
    "17": {
      "x": 0.8451882845188284,
      "y": 0.5190615835777126
    },
    "18": {
      "x": 0.8326359832635983,
      "y": 0.31671554252199413
    },
    "19": {
      "x": 0.7866108786610879,
      "y": 0.187683284457478
    },
    "20": {
      "x": 0.7405857740585774,
      "y": 0.07624633431085044
    }
  }
}