{
  "label": "ok",
  "dataset": {
    "0": {
      "x": 0.04132231404958678,
      "y": 0.968421052631579
    },
    "1": {
      "x": 0.3305785123966942,
      "y": 0.9736842105263158
    },
    "2": {
      "x": 0.5867768595041323,
      "y": 0.9421052631578948
    },
    "3": {
      "x": 0.8016528925619835,
      "y": 0.9105263157894737
    },
    "4": {
      "x": 0.9586776859504132,
      "y": 0.8526315789473684
    },
    "5": {
      "x": 0.512396694214876,
      "y": 0.6210526315789474
    },
    "6": {
      "x": 0.7355371900826446,
      "y": 0.6105263157894737
    },
    "7": {
      "x": 0.8677685950413223,
      "y": 0.6789473684210526
    },
    "8": {
      "x": 0.9173553719008265,
      "y": 0.7631578947368421
    },
    "9": {
      "x": 0.4462809917355372,
      "y": 0.5263157894736842
    },
    "10": {
      "x": 0.628099173553719,
      "y": 0.34210526315789475
    },
    "11": {
      "x": 0.7851239669421488,
      "y": 0.24210526315789474
    },
    "12": {
      "x": 0.9090909090909091,
      "y": 0.15263157894736842
    },
    "13": {
      "x": 0.3305785123966942,
      "y": 0.4789473684210526
    },
    "14": {
      "x": 0.371900826446281,
      "y": 0.2578947368421053
    },
    "15": {
      "x": 0.45454545454545453,
      "y": 0.12631578947368421
    },
    "16": {
      "x": 0.5206611570247934,
      "y": 0.02631578947368421
    },
    "17": {
      "x": 0.18181818181818182,
      "y": 0.4842105263157895
    },
    "18": {
      "x": 0.12396694214876033,
      "y": 0.3
    },
    "19": {
      "x": 0.12396694214876033,
      "y": 0.17894736842105263
    },
    "20": {
      "x": 0.1322314049586777,
      "y": 0.08421052631578947
    }
  }
}