{
  "label": "ok",
  "dataset": {
    "0": {
      "x": 0.5586854460093896,
      "y": 0.9825174825174825
    },
    "1": {
      "x": 0.7699530516431925,
      "y": 0.8286713286713286
    },
    "2": {
      "x": 0.892018779342723,
      "y": 0.6398601398601399
    },
    "3": {
      "x": 0.9765258215962441,
      "y": 0.4825174825174825
    },
    "4": {
      "x": 0.92018779342723,
      "y": 0.34615384615384615
    },
    "5": {
      "x": 0.5586854460093896,
      "y": 0.44755244755244755
    },
    "6": {
      "x": 0.647887323943662,
      "y": 0.2762237762237762
    },
    "7": {
      "x": 0.7793427230046949,
      "y": 0.25874125874125875
    },
    "8": {
      "x": 0.8967136150234741,
      "y": 0.3041958041958042
    },
    "9": {
      "x": 0.41784037558685444,
      "y": 0.4195804195804196
    },
    "10": {
      "x": 0.38967136150234744,
      "y": 0.1993006993006993
    },
    "11": {
      "x": 0.5211267605633803,
      "y": 0.08741258741258741
    },
    "12": {
      "x": 0.6713615023474179,
      "y": 0.027972027972027972
    },
    "13": {
      "x": 0.29107981220657275,
      "y": 0.4405594405594406
    },
    "14": {
      "x": 0.18309859154929578,
      "y": 0.22727272727272727
    },
    "15": {
      "x": 0.24882629107981222,
      "y": 0.10139860139860139
    },
    "16": {
      "x": 0.3615023474178404,
      "y": 0.017482517482517484
    },
    "17": {
      "x": 0.18309859154929578,
      "y": 0.506993006993007
    },
    "18": {
      "x": 0.056338028169014086,
      "y": 0.3531468531468531
    },
    "19": {
      "x": 0.023474178403755867,
      "y": 0.22727272727272727
    },
    "20": {
      "x": 0.046948356807511735,
      "y": 0.12237762237762238
    }
  }
}