{
  "label": "ok",
  "dataset": {
    "0": {
      "x": 0.4393939393939394,
      "y": 0.9479166666666666
    },
    "1": {
      "x": 0.7272727272727273,
      "y": 0.84375
    },
    "2": {
      "x": 0.8636363636363636,
      "y": 0.6979166666666666
    },
    "3": {
      "x": 0.9242424242424242,
      "y": 0.5416666666666666
    },
    "4": {
      "x": 0.8787878787878788,
      "y": 0.3958333333333333
    },
    "5": {
      "x": 0.5757575757575758,
      "y": 0.53125
    },
    "6": {
      "x": 0.6060606060606061,
      "y": 0.40625
    },
    "7": {
      "x": 0.696969696969697,
      "y": 0.3854166666666667
    },
    "8": {
      "x": 0.7727272727272727,
      "y": 0.4166666666666667
    },
    "9": {
      "x": 0.4393939393939394,
      "y": 0.5
    },
    "10": {
      "x": 0.42424242424242425,
      "y": 0.2916666666666667
    },
    "11": {
      "x": 0.45454545454545453,
      "y": 0.16666666666666666
    },
    "12": {
      "x": 0.4696969696969697,
      "y": 0.052083333333333336
    },
    "13": {
      "x": 0.3181818181818182,
      "y": 0.4895833333333333
    },
    "14": {
      "x": 0.2878787878787879,
      "y": 0.2916666666666667
    },
    "15": {
      "x": 0.2878787878787879,
      "y": 0.15625
    },
    "16": {
      "x": 0.3181818181818182,
      "y": 0.052083333333333336
    },
    "17": {
      "x": 0.18181818181818182,
      "y": 0.5104166666666666
    },
    "18": {
      "x": 0.12121212121212122,
      "y": 0.3333333333333333
    },
    "19": {
      "x": 0.09090909090909091,
      "y": 0.21875
    },
    "20": {
      "x": 0.07575757575757576,
      "y": 0.13541666666666666
    }
  }
}