{
  "label": "ok",
  "dataset": {
    "0": {
      "x": 0.5828571428571429,
      "y": 0.9809160305343512
    },
    "1": {
      "x": 0.76,
      "y": 0.9541984732824428
    },
    "2": {
      "x": 0.9142857142857143,
      "y": 0.8778625954198473
    },
    "3": {
      "x": 0.9714285714285714,
      "y": 0.8053435114503816
    },
    "4": {
      "x": 0.8742857142857143,
      "y": 0.7480916030534351
    },
    "5": {
      "x": 0.8,
      "y": 0.5458015267175572
    },
    "6": {
      "x": 0.88,
      "y": 0.48854961832061067
    },
    "7": {
      "x": 0.8571428571428571,
      "y": 0.5954198473282443
    },
    "8": {
      "x": 0.8114285714285714,
      "y": 0.7022900763358778
    },
    "9": {
      "x": 0.6342857142857142,
      "y": 0.4847328244274809
    },
    "10": {
      "x": 0.6971428571428572,
      "y": 0.2748091603053435
    },
    "11": {
      "x": 0.7085714285714285,
      "y": 0.14122137404580154
    },
    "12": {
      "x": 0.7085714285714285,
      "y": 0.019083969465648856
    },
    "13": {
      "x": 0.45714285714285713,
      "y": 0.48854961832061067
    },
    "14": {
      "x": 0.44,
      "y": 0.2824427480916031
    },
    "15": {
      "x": 0.41714285714285715,
      "y": 0.14885496183206107
    },
    "16": {
      "x": 0.4114285714285714,
      "y": 0.022900763358778626
    },
    "17": {
      "x": 0.28,
      "y": 0.5534351145038168
    },
    "18": {
      "x": 0.16,
      "y": 0.3969465648854962
    },
    "19": {
      "x": 0.08571428571428572,
      "y": 0.29389312977099236
    },
    "20": {
      "x": 0.02857142857142857,
      "y": 0.1946564885496183
    }
  }
}