{
  "label": "ok",
  "dataset": {
    "0": {
      "x": 0.29508196721311475,
      "y": 0.975
    },
    "1": {
      "x": 0.17486338797814208,
      "y": 0.84
    },
    "2": {
      "x": 0.10382513661202186,
      "y": 0.65
    },
    "3": {
      "x": 0.03278688524590164,
      "y": 0.52
    },
    "4": {
      "x": 0.0273224043715847,
      "y": 0.43
    },
    "5": {
      "x": 0.3224043715846995,
      "y": 0.48
    },
    "6": {
      "x": 0.2185792349726776,
      "y": 0.335
    },
    "7": {
      "x": 0.12021857923497267,
      "y": 0.315
    },
    "8": {
      "x": 0.03825136612021858,
      "y": 0.345
    },
    "9": {
      "x": 0.4371584699453552,
      "y": 0.465
    },
    "10": {
      "x": 0.4918032786885246,
      "y": 0.25
    },
    "11": {
      "x": 0.46994535519125685,
      "y": 0.115
    },
    "12": {
      "x": 0.41530054644808745,
      "y": 0.025
    },
    "13": {
      "x": 0.5355191256830601,
      "y": 0.51
    },
    "14": {
      "x": 0.644808743169399,
      "y": 0.32
    },
    "15": {
      "x": 0.6775956284153005,
      "y": 0.175
    },
    "16": {
      "x": 0.6830601092896175,
      "y": 0.055
    },
    "17": {
      "x": 0.5956284153005464,
      "y": 0.61
    },
    "18": {
      "x": 0.7704918032786885,
      "y": 0.525
    },
    "19": {
      "x": 0.8852459016393442,
      "y": 0.46
    },
    "20": {
      "x": 0.9726775956284153,
      "y": 0.405
    }
  }
}