{
  "label": "ok",
  "dataset": {
    "0": {
      "x": 0.5921052631578947,
      "y": 0.954954954954955
    },
    "1": {
      "x": 0.3684210526315789,
      "y": 0.8648648648648649
    },
    "2": {
      "x": 0.17105263157894737,
      "y": 0.7567567567567568
    },
    "3": {
      "x": 0.06578947368421052,
      "y": 0.6396396396396397
    },
    "4": {
      "x": 0.10526315789473684,
      "y": 0.5225225225225225
    },
    "5": {
      "x": 0.4605263157894737,
      "y": 0.5135135135135135
    },
    "6": {
      "x": 0.34210526315789475,
      "y": 0.3963963963963964
    },
    "7": {
      "x": 0.2236842105263158,
      "y": 0.3963963963963964
    },
    "8": {
      "x": 0.14473684210526316,
      "y": 0.44144144144144143
    },
    "9": {
      "x": 0.5921052631578947,
      "y": 0.46846846846846846
    },
    "10": {
      "x": 0.5394736842105263,
      "y": 0.2702702702702703
    },
    "11": {
      "x": 0.4473684210526316,
      "y": 0.15315315315315314
    },
    "12": {
      "x": 0.34210526315789475,
      "y": 0.07207207207207207
    },
    "13": {
      "x": 0.7236842105263158,
      "y": 0.46846846846846846
    },
    "14": {
      "x": 0.7368421052631579,
      "y": 0.2702702702702703
    },
    "15": {
      "x": 0.6842105263157895,
      "y": 0.14414414414414414
    },
    "16": {
      "x": 0.618421052631579,
      "y": 0.04504504504504504
    },
    "17": {
      "x": 0.8552631578947368,
      "y": 0.5225225225225225
    },
    "18": {
      "x": 0.9210526315789473,
      "y": 0.35135135135135137
    },
    "19": {
      "x": 0.9342105263157895,
      "y": 0.24324324324324326
    },
    "20": {
      "x": 0.9342105263157895,
      "y": 0.14414414414414414
    }
  }
}