{
  "label": "ok",
  "dataset": {
    "0": {
      "x": 0.10638297872340426,
      "y": 0.2916666666666667
    },
    "1": {
      "x": 0.2553191489361702,
      "y": 0.20833333333333334
    },
    "2": {
      "x": 0.44680851063829785,
      "y": 0.2916666666666667
    },
    "3": {
      "x": 0.574468085106383,
      "y": 0.4166666666666667
    },
    "4": {
      "x": 0.6808510638297872,
      "y": 0.5416666666666666
    },
    "5": {
      "x": 0.5106382978723404,
      "y": 0.2916666666666667
    },
    "6": {
      "x": 0.6382978723404256,
      "y": 0.4166666666666667
    },
    "7": {
      "x": 0.7659574468085106,
      "y": 0.5416666666666666
    },
    "8": {
      "x": 0.851063829787234,
      "y": 0.6666666666666666
    },
    "9": {
      "x": 0.5106382978723404,
      "y": 0.3333333333333333
    },
    "10": {
      "x": 0.6595744680851063,
      "y": 0.5
    },
    "11": {
      "x": 0.7659574468085106,
      "y": 0.625
    },
    "12": {
      "x": 0.8936170212765957,
      "y": 0.7083333333333334
    },
    "13": {
      "x": 0.5106382978723404,
      "y": 0.4166666666666667
    },
    "14": {
      "x": 0.6595744680851063,
      "y": 0.5833333333333334
    },
    "15": {
      "x": 0.7659574468085106,
      "y": 0.7083333333333334
    },
    "16": {
      "x": 0.8723404255319149,
      "y": 0.7916666666666666
    },
    "17": {
      "x": 0.5106382978723404,
      "y": 0.5416666666666666
    },
    "18": {
      "x": 0.6170212765957447,
      "y": 0.6666666666666666
    },
    "19": {
      "x": 0.7021276595744681,
      "y": 0.75
    },
    "20": {
      "x": 0.7872340425531915,
      "y": 0.7916666666666666
    }
  }
}