{
  "label": "ok",
  "dataset": {
    "0": {
      "x": 0.042735042735042736,
      "y": 0.9739583333333334
    },
    "1": {
      "x": 0.3076923076923077,
      "y": 0.921875
    },
    "2": {
      "x": 0.5470085470085471,
      "y": 0.8125
    },
    "3": {
      "x": 0.7606837606837606,
      "y": 0.7604166666666666
    },
    "4": {
      "x": 0.9572649572649573,
      "y": 0.6979166666666666
    },
    "5": {
      "x": 0.46153846153846156,
      "y": 0.515625
    },
    "6": {
      "x": 0.7350427350427351,
      "y": 0.4114583333333333
    },
    "7": {
      "x": 0.8376068376068376,
      "y": 0.5104166666666666
    },
    "8": {
      "x": 0.8632478632478633,
      "y": 0.6197916666666666
    },
    "9": {
      "x": 0.36752136752136755,
      "y": 0.4739583333333333
    },
    "10": {
      "x": 0.5726495726495726,
      "y": 0.28125
    },
    "11": {
      "x": 0.7435897435897436,
      "y": 0.15104166666666666
    },
    "12": {
      "x": 0.8632478632478633,
      "y": 0.041666666666666664
    },
    "13": {
      "x": 0.2222222222222222,
      "y": 0.5
    },
    "14": {
      "x": 0.3333333333333333,
      "y": 0.2864583333333333
    },
    "15": {
      "x": 0.4444444444444444,
      "y": 0.14583333333333334
    },
    "16": {
      "x": 0.5555555555555556,
      "y": 0.026041666666666668
    },
    "17": {
      "x": 0.05128205128205128,
      "y": 0.5677083333333334
    },
    "18": {
      "x": 0.09401709401709402,
      "y": 0.4166666666666667
    },
    "19": {
      "x": 0.1794871794871795,
      "y": 0.3125
    },
    "20": {
      "x": 0.2905982905982906,
      "y": 0.22395833333333334
    }
  }
}