{
  "label": "ok",
  "dataset": {
    "0": {
      "x": 0.4186046511627907,
      "y": 0.9822064056939501
    },
    "1": {
      "x": 0.6666666666666666,
      "y": 0.8540925266903915
    },
    "2": {
      "x": 0.7674418604651163,
      "y": 0.6832740213523132
    },
    "3": {
      "x": 0.875968992248062,
      "y": 0.5693950177935944
    },
    "4": {
      "x": 0.9612403100775194,
      "y": 0.47330960854092524
    },
    "5": {
      "x": 0.37209302325581395,
      "y": 0.498220640569395
    },
    "6": {
      "x": 0.4573643410852713,
      "y": 0.3238434163701068
    },
    "7": {
      "x": 0.6666666666666666,
      "y": 0.35587188612099646
    },
    "8": {
      "x": 0.8217054263565892,
      "y": 0.42704626334519574
    },
    "9": {
      "x": 0.27906976744186046,
      "y": 0.501779359430605
    },
    "10": {
      "x": 0.24031007751937986,
      "y": 0.2775800711743772
    },
    "11": {
      "x": 0.29457364341085274,
      "y": 0.13523131672597866
    },
    "12": {
      "x": 0.3333333333333333,
      "y": 0.017793594306049824
    },
    "13": {
      "x": 0.21705426356589147,
      "y": 0.5480427046263345
    },
    "14": {
      "x": 0.11627906976744186,
      "y": 0.33807829181494664
    },
    "15": {
      "x": 0.10077519379844961,
      "y": 0.19217081850533807
    },
    "16": {
      "x": 0.09302325581395349,
      "y": 0.0711743772241993
    },
    "17": {
      "x": 0.18604651162790697,
      "y": 0.6263345195729537
    },
    "18": {
      "x": 0.08527131782945736,
      "y": 0.47686832740213525
    },
    "19": {
      "x": 0.046511627906976744,
      "y": 0.3594306049822064
    },
    "20": {
      "x": 0.03875968992248062,
      "y": 0.2526690391459075
    }
  }
}