{
  "label": "ok",
  "dataset": {
    "0": {
      "x": 0.24761904761904763,
      "y": 0.9635036496350365
    },
    "1": {
      "x": 0.5714285714285714,
      "y": 0.8613138686131386
    },
    "2": {
      "x": 0.7523809523809524,
      "y": 0.708029197080292
    },
    "3": {
      "x": 0.8666666666666667,
      "y": 0.5985401459854015
    },
    "4": {
      "x": 0.9523809523809523,
      "y": 0.5109489051094891
    },
    "5": {
      "x": 0.4095238095238095,
      "y": 0.43795620437956206
    },
    "6": {
      "x": 0.6571428571428571,
      "y": 0.31386861313868614
    },
    "7": {
      "x": 0.8,
      "y": 0.3795620437956204
    },
    "8": {
      "x": 0.8666666666666667,
      "y": 0.4744525547445255
    },
    "9": {
      "x": 0.24761904761904763,
      "y": 0.4233576642335766
    },
    "10": {
      "x": 0.3904761904761905,
      "y": 0.2116788321167883
    },
    "11": {
      "x": 0.5142857142857142,
      "y": 0.10218978102189781
    },
    "12": {
      "x": 0.6095238095238096,
      "y": 0.0364963503649635
    },
    "13": {
      "x": 0.14285714285714285,
      "y": 0.48175182481751827
    },
    "14": {
      "x": 0.19047619047619047,
      "y": 0.2846715328467153
    },
    "15": {
      "x": 0.26666666666666666,
      "y": 0.18248175182481752
    },
    "16": {
      "x": 0.3333333333333333,
      "y": 0.11678832116788321
    },
    "17": {
      "x": 0.09523809523809523,
      "y": 0.5693430656934306
    },
    "18": {
      "x": 0.047619047619047616,
      "y": 0.46715328467153283
    },
    "19": {
      "x": 0.047619047619047616,
      "y": 0.39416058394160586
    },
    "20": {
      "x": 0.05714285714285714,
      "y": 0.34306569343065696
    }
  }
}