{
  "label": "ok",
  "dataset": {
    "0": {
      "x": 0.37089201877934275,
      "y": 0.9831081081081081
    },
    "1": {
      "x": 0.5539906103286385,
      "y": 0.8986486486486487
    },
    "2": {
      "x": 0.7089201877934272,
      "y": 0.7804054054054054
    },
    "3": {
      "x": 0.8591549295774648,
      "y": 0.7128378378378378
    },
    "4": {
      "x": 0.9765258215962441,
      "y": 0.6452702702702703
    },
    "5": {
      "x": 0.5023474178403756,
      "y": 0.5371621621621622
    },
    "6": {
      "x": 0.6713615023474179,
      "y": 0.4155405405405405
    },
    "7": {
      "x": 0.8028169014084507,
      "y": 0.4864864864864865
    },
    "8": {
      "x": 0.8779342723004695,
      "y": 0.581081081081081
    },
    "9": {
      "x": 0.38497652582159625,
      "y": 0.5202702702702703
    },
    "10": {
      "x": 0.38967136150234744,
      "y": 0.2939189189189189
    },
    "11": {
      "x": 0.431924882629108,
      "y": 0.14189189189189189
    },
    "12": {
      "x": 0.4460093896713615,
      "y": 0.016891891891891893
    },
    "13": {
      "x": 0.27230046948356806,
      "y": 0.5675675675675675
    },
    "14": {
      "x": 0.18779342723004694,
      "y": 0.3716216216216216
    },
    "15": {
      "x": 0.16901408450704225,
      "y": 0.23310810810810811
    },
    "16": {
      "x": 0.1643192488262911,
      "y": 0.11148648648648649
    },
    "17": {
      "x": 0.18309859154929578,
      "y": 0.6621621621621622
    },
    "18": {
      "x": 0.07981220657276995,
      "y": 0.5236486486486487
    },
    "19": {
      "x": 0.04225352112676056,
      "y": 0.4155405405405405
    },
    "20": {
      "x": 0.023474178403755867,
      "y": 0.3108108108108108
    }
  }
}