{
  "label": "ok",
  "dataset": {
    "0": {
      "x": 0.7058823529411765,
      "y": 0.9774774774774775
    },
    "1": {
      "x": 0.8461538461538461,
      "y": 0.8198198198198198
    },
    "2": {
      "x": 0.918552036199095,
      "y": 0.6216216216216216
    },
    "3": {
      "x": 0.9773755656108597,
      "y": 0.44594594594594594
    },
    "4": {
      "x": 0.9321266968325792,
      "y": 0.3108108108108108
    },
    "5": {
      "x": 0.6877828054298643,
      "y": 0.49099099099099097
    },
    "6": {
      "x": 0.7375565610859729,
      "y": 0.34234234234234234
    },
    "7": {
      "x": 0.8009049773755657,
      "y": 0.26576576576576577
    },
    "8": {
      "x": 0.8597285067873304,
      "y": 0.24324324324324326
    },
    "9": {
      "x": 0.5565610859728507,
      "y": 0.4864864864864865
    },
    "10": {
      "x": 0.49321266968325794,
      "y": 0.27927927927927926
    },
    "11": {
      "x": 0.45248868778280543,
      "y": 0.14414414414414414
    },
    "12": {
      "x": 0.40271493212669685,
      "y": 0.02252252252252252
    },
    "13": {
      "x": 0.46153846153846156,
      "y": 0.536036036036036
    },
    "14": {
      "x": 0.334841628959276,
      "y": 0.3783783783783784
    },
    "15": {
      "x": 0.2579185520361991,
      "y": 0.2702702702702703
    },
    "16": {
      "x": 0.19457013574660634,
      "y": 0.18468468468468469
    },
    "17": {
      "x": 0.3891402714932127,
      "y": 0.6261261261261262
    },
    "18": {
      "x": 0.22624434389140272,
      "y": 0.581081081081081
    },
    "19": {
      "x": 0.11312217194570136,
      "y": 0.5405405405405406
    },
    "20": {
      "x": 0.02262443438914027,
      "y": 0.49099099099099097
    }
  }
}