{
  "label": "ok",
  "dataset": {
    "0": {
      "x": 0.6190476190476191,
      "y": 0.9753694581280788
    },
    "1": {
      "x": 0.4489795918367347,
      "y": 0.8620689655172413
    },
    "2": {
      "x": 0.32653061224489793,
      "y": 0.7438423645320197
    },
    "3": {
      "x": 0.16326530612244897,
      "y": 0.6600985221674877
    },
    "4": {
      "x": 0.034013605442176874,
      "y": 0.5763546798029556
    },
    "5": {
      "x": 0.5918367346938775,
      "y": 0.5123152709359606
    },
    "6": {
      "x": 0.4217687074829932,
      "y": 0.4187192118226601
    },
    "7": {
      "x": 0.2585034013605442,
      "y": 0.4876847290640394
    },
    "8": {
      "x": 0.17006802721088435,
      "y": 0.5763546798029556
    },
    "9": {
      "x": 0.6598639455782312,
      "y": 0.49261083743842365
    },
    "10": {
      "x": 0.6326530612244898,
      "y": 0.28078817733990147
    },
    "11": {
      "x": 0.54421768707483,
      "y": 0.14285714285714285
    },
    "12": {
      "x": 0.47619047619047616,
      "y": 0.024630541871921183
    },
    "13": {
      "x": 0.7142857142857143,
      "y": 0.5172413793103449
    },
    "14": {
      "x": 0.8095238095238095,
      "y": 0.3054187192118227
    },
    "15": {
      "x": 0.8163265306122449,
      "y": 0.1625615763546798
    },
    "16": {
      "x": 0.8163265306122449,
      "y": 0.04433497536945813
    },
    "17": {
      "x": 0.7210884353741497,
      "y": 0.5812807881773399
    },
    "18": {
      "x": 0.8503401360544217,
      "y": 0.43842364532019706
    },
    "19": {
      "x": 0.9115646258503401,
      "y": 0.3251231527093596
    },
    "20": {
      "x": 0.9659863945578231,
      "y": 0.22167487684729065
    }
  }
}