{
  "label": "ok",
  "dataset": {
    "0": {
      "x": 0.514018691588785,
      "y": 0.9647887323943662
    },
    "1": {
      "x": 0.34579439252336447,
      "y": 0.8802816901408451
    },
    "2": {
      "x": 0.19626168224299065,
      "y": 0.7464788732394366
    },
    "3": {
      "x": 0.06542056074766354,
      "y": 0.6338028169014085
    },
    "4": {
      "x": 0.04672897196261682,
      "y": 0.528169014084507
    },
    "5": {
      "x": 0.4205607476635514,
      "y": 0.528169014084507
    },
    "6": {
      "x": 0.2803738317757009,
      "y": 0.4154929577464789
    },
    "7": {
      "x": 0.17757009345794392,
      "y": 0.47183098591549294
    },
    "8": {
      "x": 0.1308411214953271,
      "y": 0.5633802816901409
    },
    "9": {
      "x": 0.5233644859813084,
      "y": 0.5
    },
    "10": {
      "x": 0.48598130841121495,
      "y": 0.3028169014084507
    },
    "11": {
      "x": 0.4485981308411215,
      "y": 0.16901408450704225
    },
    "12": {
      "x": 0.4392523364485981,
      "y": 0.035211267605633804
    },
    "13": {
      "x": 0.6355140186915887,
      "y": 0.528169014084507
    },
    "14": {
      "x": 0.6915887850467289,
      "y": 0.34507042253521125
    },
    "15": {
      "x": 0.7289719626168224,
      "y": 0.22535211267605634
    },
    "16": {
      "x": 0.7570093457943925,
      "y": 0.11267605633802817
    },
    "17": {
      "x": 0.719626168224299,
      "y": 0.6056338028169014
    },
    "18": {
      "x": 0.822429906542056,
      "y": 0.47183098591549294
    },
    "19": {
      "x": 0.8878504672897196,
      "y": 0.38028169014084506
    },
    "20": {
      "x": 0.9532710280373832,
      "y": 0.29577464788732394
    }
  }
}