{
  "label": "ok",
  "dataset": {
    "0": {
      "x": 0.35874439461883406,
      "y": 0.9853801169590644
    },
    "1": {
      "x": 0.18834080717488788,
      "y": 0.8508771929824561
    },
    "2": {
      "x": 0.10762331838565023,
      "y": 0.6900584795321637
    },
    "3": {
      "x": 0.02242152466367713,
      "y": 0.5730994152046783
    },
    "4": {
      "x": 0.04484304932735426,
      "y": 0.4824561403508772
    },
    "5": {
      "x": 0.452914798206278,
      "y": 0.5087719298245614
    },
    "6": {
      "x": 0.3183856502242152,
      "y": 0.39766081871345027
    },
    "7": {
      "x": 0.16591928251121077,
      "y": 0.4619883040935672
    },
    "8": {
      "x": 0.08968609865470852,
      "y": 0.543859649122807
    },
    "9": {
      "x": 0.5695067264573991,
      "y": 0.49415204678362573
    },
    "10": {
      "x": 0.5695067264573991,
      "y": 0.2894736842105263
    },
    "11": {
      "x": 0.5426008968609866,
      "y": 0.14035087719298245
    },
    "12": {
      "x": 0.5291479820627802,
      "y": 0.014619883040935672
    },
    "13": {
      "x": 0.6591928251121076,
      "y": 0.5380116959064327
    },
    "14": {
      "x": 0.7757847533632287,
      "y": 0.34210526315789475
    },
    "15": {
      "x": 0.820627802690583,
      "y": 0.20175438596491227
    },
    "16": {
      "x": 0.852017937219731,
      "y": 0.07894736842105263
    },
    "17": {
      "x": 0.7040358744394619,
      "y": 0.6198830409356725
    },
    "18": {
      "x": 0.8475336322869955,
      "y": 0.4766081871345029
    },
    "19": {
      "x": 0.9192825112107623,
      "y": 0.3684210526315789
    },
    "20": {
      "x": 0.9775784753363229,
      "y": 0.26608187134502925
    }
  }
}