{
  "label": "ok",
  "dataset": {
    "0": {
      "x": 0.7659574468085106,
      "y": 0.9315068493150684
    },
    "1": {
      "x": 0.5319148936170213,
      "y": 0.863013698630137
    },
    "2": {
      "x": 0.3191489361702128,
      "y": 0.7534246575342466
    },
    "3": {
      "x": 0.14893617021276595,
      "y": 0.6986301369863014
    },
    "4": {
      "x": 0.10638297872340426,
      "y": 0.6301369863013698
    },
    "5": {
      "x": 0.574468085106383,
      "y": 0.4931506849315068
    },
    "6": {
      "x": 0.3829787234042553,
      "y": 0.3835616438356164
    },
    "7": {
      "x": 0.23404255319148937,
      "y": 0.4657534246575342
    },
    "8": {
      "x": 0.14893617021276595,
      "y": 0.5616438356164384
    },
    "9": {
      "x": 0.6808510638297872,
      "y": 0.4657534246575342
    },
    "10": {
      "x": 0.574468085106383,
      "y": 0.273972602739726
    },
    "11": {
      "x": 0.44680851063829785,
      "y": 0.1643835616438356
    },
    "12": {
      "x": 0.3404255319148936,
      "y": 0.0821917808219178
    },
    "13": {
      "x": 0.7872340425531915,
      "y": 0.4931506849315068
    },
    "14": {
      "x": 0.723404255319149,
      "y": 0.2876712328767123
    },
    "15": {
      "x": 0.6382978723404256,
      "y": 0.1643835616438356
    },
    "16": {
      "x": 0.5531914893617021,
      "y": 0.0684931506849315
    },
    "17": {
      "x": 0.8936170212765957,
      "y": 0.5616438356164384
    },
    "18": {
      "x": 0.8723404255319149,
      "y": 0.3972602739726027
    },
    "19": {
      "x": 0.8085106382978723,
      "y": 0.2876712328767123
    },
    "20": {
      "x": 0.7446808510638298,
      "y": 0.2054794520547945
    }
  }
}