{
  "label": "ok",
  "dataset": {
    "0": {
      "x": 0.6129032258064516,
      "y": 0.979757085020243
    },
    "1": {
      "x": 0.42473118279569894,
      "y": 0.9149797570850202
    },
    "2": {
      "x": 0.26881720430107525,
      "y": 0.7935222672064778
    },
    "3": {
      "x": 0.10752688172043011,
      "y": 0.6923076923076923
    },
    "4": {
      "x": 0.026881720430107527,
      "y": 0.582995951417004
    },
    "5": {
      "x": 0.46774193548387094,
      "y": 0.5465587044534413
    },
    "6": {
      "x": 0.3064516129032258,
      "y": 0.4534412955465587
    },
    "7": {
      "x": 0.1774193548387097,
      "y": 0.4979757085020243
    },
    "8": {
      "x": 0.12365591397849462,
      "y": 0.562753036437247
    },
    "9": {
      "x": 0.5752688172043011,
      "y": 0.4817813765182186
    },
    "10": {
      "x": 0.521505376344086,
      "y": 0.2834008097165992
    },
    "11": {
      "x": 0.4838709677419355,
      "y": 0.1417004048582996
    },
    "12": {
      "x": 0.45161290322580644,
      "y": 0.020242914979757085
    },
    "13": {
      "x": 0.7043010752688172,
      "y": 0.4777327935222672
    },
    "14": {
      "x": 0.7473118279569892,
      "y": 0.2834008097165992
    },
    "15": {
      "x": 0.7688172043010753,
      "y": 0.15384615384615385
    },
    "16": {
      "x": 0.7741935483870968,
      "y": 0.044534412955465584
    },
    "17": {
      "x": 0.8225806451612904,
      "y": 0.5303643724696356
    },
    "18": {
      "x": 0.8978494623655914,
      "y": 0.3724696356275304
    },
    "19": {
      "x": 0.9408602150537635,
      "y": 0.26720647773279355
    },
    "20": {
      "x": 0.9731182795698925,
      "y": 0.17813765182186234
    }
  }
}