{
  "label": "ok",
  "dataset": {
    "0": {
      "x": 0.5268817204301075,
      "y": 0.9632352941176471
    },
    "1": {
      "x": 0.34408602150537637,
      "y": 0.8382352941176471
    },
    "2": {
      "x": 0.21505376344086022,
      "y": 0.6838235294117647
    },
    "3": {
      "x": 0.0967741935483871,
      "y": 0.5808823529411765
    },
    "4": {
      "x": 0.053763440860215055,
      "y": 0.4852941176470588
    },
    "5": {
      "x": 0.4946236559139785,
      "y": 0.4852941176470588
    },
    "6": {
      "x": 0.3978494623655914,
      "y": 0.34558823529411764
    },
    "7": {
      "x": 0.26881720430107525,
      "y": 0.39705882352941174
    },
    "8": {
      "x": 0.1827956989247312,
      "y": 0.47794117647058826
    },
    "9": {
      "x": 0.6236559139784946,
      "y": 0.47058823529411764
    },
    "10": {
      "x": 0.6129032258064516,
      "y": 0.2647058823529412
    },
    "11": {
      "x": 0.5698924731182796,
      "y": 0.13970588235294118
    },
    "12": {
      "x": 0.5268817204301075,
      "y": 0.03676470588235294
    },
    "13": {
      "x": 0.7419354838709677,
      "y": 0.5147058823529411
    },
    "14": {
      "x": 0.7849462365591398,
      "y": 0.3235294117647059
    },
    "15": {
      "x": 0.7849462365591398,
      "y": 0.19852941176470587
    },
    "16": {
      "x": 0.7741935483870968,
      "y": 0.08823529411764706
    },
    "17": {
      "x": 0.8279569892473119,
      "y": 0.6029411764705882
    },
    "18": {
      "x": 0.9032258064516129,
      "y": 0.4485294117647059
    },
    "19": {
      "x": 0.9247311827956989,
      "y": 0.34558823529411764
    },
    "20": {
      "x": 0.946236559139785,
      "y": 0.25
    }
  }
}