{
  "label": "ok",
  "dataset": {
    "0": {
      "x": 0.5149253731343284,
      "y": 0.9726775956284153
    },
    "1": {
      "x": 0.6940298507462687,
      "y": 0.8688524590163934
    },
    "2": {
      "x": 0.8208955223880597,
      "y": 0.73224043715847
    },
    "3": {
      "x": 0.917910447761194,
      "y": 0.6229508196721312
    },
    "4": {
      "x": 0.9626865671641791,
      "y": 0.5027322404371585
    },
    "5": {
      "x": 0.5074626865671642,
      "y": 0.5300546448087432
    },
    "6": {
      "x": 0.6268656716417911,
      "y": 0.3879781420765027
    },
    "7": {
      "x": 0.7611940298507462,
      "y": 0.3989071038251366
    },
    "8": {
      "x": 0.8582089552238806,
      "y": 0.45901639344262296
    },
    "9": {
      "x": 0.417910447761194,
      "y": 0.4918032786885246
    },
    "10": {
      "x": 0.3880597014925373,
      "y": 0.28415300546448086
    },
    "11": {
      "x": 0.4253731343283582,
      "y": 0.14207650273224043
    },
    "12": {
      "x": 0.4626865671641791,
      "y": 0.0273224043715847
    },
    "13": {
      "x": 0.3358208955223881,
      "y": 0.5027322404371585
    },
    "14": {
      "x": 0.2462686567164179,
      "y": 0.31693989071038253
    },
    "15": {
      "x": 0.23880597014925373,
      "y": 0.17486338797814208
    },
    "16": {
      "x": 0.2462686567164179,
      "y": 0.0546448087431694
    },
    "17": {
      "x": 0.26865671641791045,
      "y": 0.546448087431694
    },
    "18": {
      "x": 0.14925373134328357,
      "y": 0.4098360655737705
    },
    "19": {
      "x": 0.08955223880597014,
      "y": 0.3005464480874317
    },
    "20": {
      "x": 0.03731343283582089,
      "y": 0.19672131147540983
    }
  }
}