{
  "label": "ok",
  "dataset": {
    "0": {
      "x": 0.8114754098360656,
      "y": 0.9771689497716894
    },
    "1": {
      "x": 0.5,
      "y": 0.8949771689497716
    },
    "2": {
      "x": 0.2540983606557377,
      "y": 0.7534246575342466
    },
    "3": {
      "x": 0.040983606557377046,
      "y": 0.6484018264840182
    },
    "4": {
      "x": 0.040983606557377046,
      "y": 0.5296803652968036
    },
    "5": {
      "x": 0.5983606557377049,
      "y": 0.5114155251141552
    },
    "6": {
      "x": 0.4098360655737705,
      "y": 0.3881278538812785
    },
    "7": {
      "x": 0.21311475409836064,
      "y": 0.4063926940639269
    },
    "8": {
      "x": 0.08196721311475409,
      "y": 0.4703196347031963
    },
    "9": {
      "x": 0.6967213114754098,
      "y": 0.4703196347031963
    },
    "10": {
      "x": 0.5819672131147541,
      "y": 0.273972602739726
    },
    "11": {
      "x": 0.38524590163934425,
      "y": 0.1872146118721461
    },
    "12": {
      "x": 0.19672131147540983,
      "y": 0.1324200913242009
    },
    "13": {
      "x": 0.8278688524590164,
      "y": 0.4611872146118721
    },
    "14": {
      "x": 0.7459016393442623,
      "y": 0.2465753424657534
    },
    "15": {
      "x": 0.5901639344262295,
      "y": 0.1187214611872146
    },
    "16": {
      "x": 0.4426229508196721,
      "y": 0.0228310502283105
    },
    "17": {
      "x": 0.9344262295081968,
      "y": 0.4931506849315068
    },
    "18": {
      "x": 0.9590163934426229,
      "y": 0.3150684931506849
    },
    "19": {
      "x": 0.9016393442622951,
      "y": 0.1917808219178082
    },
    "20": {
      "x": 0.8278688524590164,
      "y": 0.091324200913242
    }
  }
}