{
  "label": "ok",
  "dataset": {
    "0": {
      "x": 0.8043478260869565,
      "y": 0.9707602339181286
    },
    "1": {
      "x": 0.532608695652174,
      "y": 0.9707602339181286
    },
    "2": {
      "x": 0.2717391304347826,
      "y": 0.9064327485380117
    },
    "3": {
      "x": 0.08695652173913043,
      "y": 0.8596491228070176
    },
    "4": {
      "x": 0.05434782608695652,
      "y": 0.8011695906432749
    },
    "5": {
      "x": 0.29347826086956524,
      "y": 0.5906432748538012
    },
    "6": {
      "x": 0.07608695652173914,
      "y": 0.5497076023391813
    },
    "7": {
      "x": 0.06521739130434782,
      "y": 0.6549707602339181
    },
    "8": {
      "x": 0.13043478260869565,
      "y": 0.7485380116959064
    },
    "9": {
      "x": 0.44565217391304346,
      "y": 0.5029239766081871
    },
    "10": {
      "x": 0.2717391304347826,
      "y": 0.30409356725146197
    },
    "11": {
      "x": 0.16304347826086957,
      "y": 0.16374269005847952
    },
    "12": {
      "x": 0.05434782608695652,
      "y": 0.029239766081871343
    },
    "13": {
      "x": 0.6630434782608695,
      "y": 0.4853801169590643
    },
    "14": {
      "x": 0.6086956521739131,
      "y": 0.28654970760233917
    },
    "15": {
      "x": 0.5543478260869565,
      "y": 0.17543859649122806
    },
    "16": {
      "x": 0.4891304347826087,
      "y": 0.07017543859649122
    },
    "17": {
      "x": 0.9021739130434783,
      "y": 0.5321637426900585
    },
    "18": {
      "x": 0.9347826086956522,
      "y": 0.3684210526315789
    },
    "19": {
      "x": 0.9456521739130435,
      "y": 0.26900584795321636
    },
    "20": {
      "x": 0.9456521739130435,
      "y": 0.1871345029239766
    }
  }
}