{
  "label": "ok",
  "dataset": {
    "0": {
      "x": 0.24324324324324326,
      "y": 0.9586776859504132
    },
    "1": {
      "x": 0.47297297297297297,
      "y": 0.8842975206611571
    },
    "2": {
      "x": 0.7027027027027027,
      "y": 0.7603305785123967
    },
    "3": {
      "x": 0.8783783783783784,
      "y": 0.6776859504132231
    },
    "4": {
      "x": 0.9324324324324325,
      "y": 0.5619834710743802
    },
    "5": {
      "x": 0.33783783783783783,
      "y": 0.512396694214876
    },
    "6": {
      "x": 0.5405405405405406,
      "y": 0.36363636363636365
    },
    "7": {
      "x": 0.7297297297297297,
      "y": 0.4132231404958678
    },
    "8": {
      "x": 0.8513513513513513,
      "y": 0.49586776859504134
    },
    "9": {
      "x": 0.24324324324324326,
      "y": 0.48760330578512395
    },
    "10": {
      "x": 0.32432432432432434,
      "y": 0.2644628099173554
    },
    "11": {
      "x": 0.4594594594594595,
      "y": 0.1322314049586777
    },
    "12": {
      "x": 0.5675675675675675,
      "y": 0.04132231404958678
    },
    "13": {
      "x": 0.16216216216216217,
      "y": 0.512396694214876
    },
    "14": {
      "x": 0.14864864864864866,
      "y": 0.2975206611570248
    },
    "15": {
      "x": 0.21621621621621623,
      "y": 0.15702479338842976
    },
    "16": {
      "x": 0.2702702702702703,
      "y": 0.049586776859504134
    },
    "17": {
      "x": 0.0945945945945946,
      "y": 0.5867768595041323
    },
    "18": {
      "x": 0.06756756756756757,
      "y": 0.45454545454545453
    },
    "19": {
      "x": 0.06756756756756757,
      "y": 0.34710743801652894
    },
    "20": {
      "x": 0.0945945945945946,
      "y": 0.24793388429752067
    }
  }
}