{
  "label": "ok",
  "dataset": {
    "0": {
      "x": 0.36363636363636365,
      "y": 0.957983193277311
    },
    "1": {
      "x": 0.22077922077922077,
      "y": 0.8067226890756303
    },
    "2": {
      "x": 0.16883116883116883,
      "y": 0.6218487394957983
    },
    "3": {
      "x": 0.1038961038961039,
      "y": 0.5042016806722689
    },
    "4": {
      "x": 0.06493506493506493,
      "y": 0.3949579831932773
    },
    "5": {
      "x": 0.4805194805194805,
      "y": 0.47058823529411764
    },
    "6": {
      "x": 0.4675324675324675,
      "y": 0.31092436974789917
    },
    "7": {
      "x": 0.3116883116883117,
      "y": 0.3277310924369748
    },
    "8": {
      "x": 0.18181818181818182,
      "y": 0.3865546218487395
    },
    "9": {
      "x": 0.5844155844155844,
      "y": 0.4789915966386555
    },
    "10": {
      "x": 0.6883116883116883,
      "y": 0.2773109243697479
    },
    "11": {
      "x": 0.7142857142857143,
      "y": 0.14285714285714285
    },
    "12": {
      "x": 0.7402597402597403,
      "y": 0.04201680672268908
    },
    "13": {
      "x": 0.6753246753246753,
      "y": 0.5294117647058824
    },
    "14": {
      "x": 0.7922077922077922,
      "y": 0.33613445378151263
    },
    "15": {
      "x": 0.8441558441558441,
      "y": 0.2184873949579832
    },
    "16": {
      "x": 0.8831168831168831,
      "y": 0.1092436974789916
    },
    "17": {
      "x": 0.7272727272727273,
      "y": 0.6134453781512605
    },
    "18": {
      "x": 0.8311688311688312,
      "y": 0.47058823529411764
    },
    "19": {
      "x": 0.8831168831168831,
      "y": 0.37815126050420167
    },
    "20": {
      "x": 0.935064935064935,
      "y": 0.29411764705882354
    }
  }
}