{
  "label": "ok",
  "dataset": {
    "0": {
      "x": 0.7018633540372671,
      "y": 0.9801587301587301
    },
    "1": {
      "x": 0.40372670807453415,
      "y": 0.9087301587301587
    },
    "2": {
      "x": 0.18633540372670807,
      "y": 0.7817460317460317
    },
    "3": {
      "x": 0.031055900621118012,
      "y": 0.6785714285714286
    },
    "4": {
      "x": 0.037267080745341616,
      "y": 0.5674603174603174
    },
    "5": {
      "x": 0.4472049689440994,
      "y": 0.5158730158730159
    },
    "6": {
      "x": 0.30434782608695654,
      "y": 0.38492063492063494
    },
    "7": {
      "x": 0.19254658385093168,
      "y": 0.4365079365079365
    },
    "8": {
      "x": 0.13664596273291926,
      "y": 0.5277777777777778
    },
    "9": {
      "x": 0.5652173913043478,
      "y": 0.4722222222222222
    },
    "10": {
      "x": 0.4658385093167702,
      "y": 0.25793650793650796
    },
    "11": {
      "x": 0.36024844720496896,
      "y": 0.1388888888888889
    },
    "12": {
      "x": 0.2546583850931677,
      "y": 0.03968253968253968
    },
    "13": {
      "x": 0.7080745341614907,
      "y": 0.4801587301587302
    },
    "14": {
      "x": 0.6832298136645962,
      "y": 0.2698412698412698
    },
    "15": {
      "x": 0.6149068322981367,
      "y": 0.13095238095238096
    },
    "16": {
      "x": 0.5217391304347826,
      "y": 0.01984126984126984
    },
    "17": {
      "x": 0.8571428571428571,
      "y": 0.5476190476190477
    },
    "18": {
      "x": 0.968944099378882,
      "y": 0.4007936507936508
    },
    "19": {
      "x": 0.9627329192546584,
      "y": 0.29365079365079366
    },
    "20": {
      "x": 0.9192546583850931,
      "y": 0.20238095238095238
    }
  }
}