{
  "label": "ok",
  "dataset": {
    "0": {
      "x": 0.6190476190476191,
      "y": 0.9603174603174603
    },
    "1": {
      "x": 0.42857142857142855,
      "y": 0.9365079365079365
    },
    "2": {
      "x": 0.2761904761904762,
      "y": 0.8412698412698413
    },
    "3": {
      "x": 0.1523809523809524,
      "y": 0.746031746031746
    },
    "4": {
      "x": 0.047619047619047616,
      "y": 0.6587301587301587
    },
    "5": {
      "x": 0.44761904761904764,
      "y": 0.5634920634920635
    },
    "6": {
      "x": 0.2857142857142857,
      "y": 0.49206349206349204
    },
    "7": {
      "x": 0.1619047619047619,
      "y": 0.5238095238095238
    },
    "8": {
      "x": 0.11428571428571428,
      "y": 0.5793650793650794
    },
    "9": {
      "x": 0.5523809523809524,
      "y": 0.5079365079365079
    },
    "10": {
      "x": 0.5523809523809524,
      "y": 0.30158730158730157
    },
    "11": {
      "x": 0.580952380952381,
      "y": 0.15873015873015872
    },
    "12": {
      "x": 0.6190476190476191,
      "y": 0.03968253968253968
    },
    "13": {
      "x": 0.6666666666666666,
      "y": 0.5238095238095238
    },
    "14": {
      "x": 0.7333333333333333,
      "y": 0.3333333333333333
    },
    "15": {
      "x": 0.780952380952381,
      "y": 0.21428571428571427
    },
    "16": {
      "x": 0.8095238095238095,
      "y": 0.10317460317460317
    },
    "17": {
      "x": 0.7714285714285715,
      "y": 0.5793650793650794
    },
    "18": {
      "x": 0.8571428571428571,
      "y": 0.42857142857142855
    },
    "19": {
      "x": 0.9142857142857143,
      "y": 0.3253968253968254
    },
    "20": {
      "x": 0.9523809523809523,
      "y": 0.23809523809523808
    }
  }
}