{
  "label": "ok",
  "dataset": {
    "0": {
      "x": 0.13846153846153847,
      "y": 0.9553571428571429
    },
    "1": {
      "x": 0.4307692307692308,
      "y": 0.9107142857142857
    },
    "2": {
      "x": 0.6923076923076923,
      "y": 0.8214285714285714
    },
    "3": {
      "x": 0.8923076923076924,
      "y": 0.7142857142857143
    },
    "4": {
      "x": 0.9230769230769231,
      "y": 0.5982142857142857
    },
    "5": {
      "x": 0.5076923076923077,
      "y": 0.5446428571428571
    },
    "6": {
      "x": 0.6615384615384615,
      "y": 0.4107142857142857
    },
    "7": {
      "x": 0.7692307692307693,
      "y": 0.44642857142857145
    },
    "8": {
      "x": 0.8307692307692308,
      "y": 0.5178571428571429
    },
    "9": {
      "x": 0.38461538461538464,
      "y": 0.48214285714285715
    },
    "10": {
      "x": 0.5230769230769231,
      "y": 0.2857142857142857
    },
    "11": {
      "x": 0.6307692307692307,
      "y": 0.15178571428571427
    },
    "12": {
      "x": 0.7076923076923077,
      "y": 0.044642857142857144
    },
    "13": {
      "x": 0.24615384615384617,
      "y": 0.4732142857142857
    },
    "14": {
      "x": 0.3076923076923077,
      "y": 0.26785714285714285
    },
    "15": {
      "x": 0.38461538461538464,
      "y": 0.14285714285714285
    },
    "16": {
      "x": 0.4461538461538462,
      "y": 0.044642857142857144
    },
    "17": {
      "x": 0.07692307692307693,
      "y": 0.5
    },
    "18": {
      "x": 0.07692307692307693,
      "y": 0.3482142857142857
    },
    "19": {
      "x": 0.1076923076923077,
      "y": 0.24107142857142858
    },
    "20": {
      "x": 0.15384615384615385,
      "y": 0.16071428571428573
    }
  }
}