{
  "label": "ok",
  "dataset": {
    "0": {
      "x": 0.38461538461538464,
      "y": 0.946236559139785
    },
    "1": {
      "x": 0.19230769230769232,
      "y": 0.8172043010752689
    },
    "2": {
      "x": 0.09615384615384616,
      "y": 0.6344086021505376
    },
    "3": {
      "x": 0.09615384615384616,
      "y": 0.4838709677419355
    },
    "4": {
      "x": 0.11538461538461539,
      "y": 0.3548387096774194
    },
    "5": {
      "x": 0.3269230769230769,
      "y": 0.45161290322580644
    },
    "6": {
      "x": 0.3076923076923077,
      "y": 0.3010752688172043
    },
    "7": {
      "x": 0.25,
      "y": 0.27956989247311825
    },
    "8": {
      "x": 0.21153846153846154,
      "y": 0.3010752688172043
    },
    "9": {
      "x": 0.5192307692307693,
      "y": 0.44086021505376344
    },
    "10": {
      "x": 0.5384615384615384,
      "y": 0.25806451612903225
    },
    "11": {
      "x": 0.5192307692307693,
      "y": 0.15053763440860216
    },
    "12": {
      "x": 0.5,
      "y": 0.053763440860215055
    },
    "13": {
      "x": 0.6730769230769231,
      "y": 0.4731182795698925
    },
    "14": {
      "x": 0.75,
      "y": 0.3010752688172043
    },
    "15": {
      "x": 0.75,
      "y": 0.1935483870967742
    },
    "16": {
      "x": 0.7115384615384616,
      "y": 0.10752688172043011
    },
    "17": {
      "x": 0.8076923076923077,
      "y": 0.5483870967741935
    },
    "18": {
      "x": 0.9038461538461539,
      "y": 0.40860215053763443
    },
    "19": {
      "x": 0.9038461538461539,
      "y": 0.3225806451612903
    },
    "20": {
      "x": 0.8653846153846154,
      "y": 0.23655913978494625
    }
  }
}