{
  "label": "ok",
  "dataset": {
    "0": {
      "x": 0.136,
      "y": 0.9740932642487047
    },
    "1": {
      "x": 0.384,
      "y": 0.927461139896373
    },
    "2": {
      "x": 0.6,
      "y": 0.8031088082901554
    },
    "3": {
      "x": 0.8,
      "y": 0.694300518134715
    },
    "4": {
      "x": 0.96,
      "y": 0.6010362694300518
    },
    "5": {
      "x": 0.44,
      "y": 0.5803108808290155
    },
    "6": {
      "x": 0.64,
      "y": 0.49222797927461137
    },
    "7": {
      "x": 0.792,
      "y": 0.5025906735751295
    },
    "8": {
      "x": 0.888,
      "y": 0.5492227979274611
    },
    "9": {
      "x": 0.336,
      "y": 0.5077720207253886
    },
    "10": {
      "x": 0.496,
      "y": 0.32642487046632124
    },
    "11": {
      "x": 0.664,
      "y": 0.21761658031088082
    },
    "12": {
      "x": 0.8,
      "y": 0.12435233160621761
    },
    "13": {
      "x": 0.216,
      "y": 0.48186528497409326
    },
    "14": {
      "x": 0.248,
      "y": 0.2694300518134715
    },
    "15": {
      "x": 0.336,
      "y": 0.13471502590673576
    },
    "16": {
      "x": 0.424,
      "y": 0.025906735751295335
    },
    "17": {
      "x": 0.072,
      "y": 0.49222797927461137
    },
    "18": {
      "x": 0.04,
      "y": 0.31088082901554404
    },
    "19": {
      "x": 0.04,
      "y": 0.18652849740932642
    },
    "20": {
      "x": 0.064,
      "y": 0.08290155440414508
    }
  }
}