{
  "label": "ok",
  "dataset": {
    "0": {
      "x": 0.8314606741573034,
      "y": 0.9675324675324676
    },
    "1": {
      "x": 0.550561797752809,
      "y": 0.9090909090909091
    },
    "2": {
      "x": 0.34831460674157305,
      "y": 0.7922077922077922
    },
    "3": {
      "x": 0.1797752808988764,
      "y": 0.7012987012987013
    },
    "4": {
      "x": 0.056179775280898875,
      "y": 0.6038961038961039
    },
    "5": {
      "x": 0.6067415730337079,
      "y": 0.5324675324675324
    },
    "6": {
      "x": 0.38202247191011235,
      "y": 0.42857142857142855
    },
    "7": {
      "x": 0.19101123595505617,
      "y": 0.461038961038961
    },
    "8": {
      "x": 0.07865168539325842,
      "y": 0.525974025974026
    },
    "9": {
      "x": 0.7191011235955056,
      "y": 0.4805194805194805
    },
    "10": {
      "x": 0.6179775280898876,
      "y": 0.2662337662337662
    },
    "11": {
      "x": 0.47191011235955055,
      "y": 0.15584415584415584
    },
    "12": {
      "x": 0.34831460674157305,
      "y": 0.05844155844155844
    },
    "13": {
      "x": 0.8426966292134831,
      "y": 0.474025974025974
    },
    "14": {
      "x": 0.7865168539325843,
      "y": 0.2597402597402597
    },
    "15": {
      "x": 0.7078651685393258,
      "y": 0.13636363636363635
    },
    "16": {
      "x": 0.6292134831460674,
      "y": 0.032467532467532464
    },
    "17": {
      "x": 0.9438202247191011,
      "y": 0.5064935064935064
    },
    "18": {
      "x": 0.9213483146067416,
      "y": 0.33116883116883117
    },
    "19": {
      "x": 0.8651685393258427,
      "y": 0.21428571428571427
    },
    "20": {
      "x": 0.8089887640449438,
      "y": 0.11688311688311688
    }
  }
}