{
  "label": "ok",
  "dataset": {
    "0": {
      "x": 0.3333333333333333,
      "y": 0.9725274725274725
    },
    "1": {
      "x": 0.5666666666666667,
      "y": 0.9065934065934066
    },
    "2": {
      "x": 0.7777777777777778,
      "y": 0.7637362637362637
    },
    "3": {
      "x": 0.9444444444444444,
      "y": 0.6703296703296703
    },
    "4": {
      "x": 0.8666666666666667,
      "y": 0.5989010989010989
    },
    "5": {
      "x": 0.4888888888888889,
      "y": 0.5274725274725275
    },
    "6": {
      "x": 0.7222222222222222,
      "y": 0.43956043956043955
    },
    "7": {
      "x": 0.8333333333333334,
      "y": 0.5164835164835165
    },
    "8": {
      "x": 0.8555555555555555,
      "y": 0.6043956043956044
    },
    "9": {
      "x": 0.3333333333333333,
      "y": 0.5054945054945055
    },
    "10": {
      "x": 0.3888888888888889,
      "y": 0.29120879120879123
    },
    "11": {
      "x": 0.4444444444444444,
      "y": 0.15384615384615385
    },
    "12": {
      "x": 0.4777777777777778,
      "y": 0.027472527472527472
    },
    "13": {
      "x": 0.17777777777777778,
      "y": 0.5439560439560439
    },
    "14": {
      "x": 0.17777777777777778,
      "y": 0.34065934065934067
    },
    "15": {
      "x": 0.2111111111111111,
      "y": 0.2032967032967033
    },
    "16": {
      "x": 0.25555555555555554,
      "y": 0.07692307692307693
    },
    "17": {
      "x": 0.05555555555555555,
      "y": 0.6263736263736264
    },
    "18": {
      "x": 0.05555555555555555,
      "y": 0.4945054945054945
    },
    "19": {
      "x": 0.07777777777777778,
      "y": 0.3956043956043956
    },
    "20": {
      "x": 0.12222222222222222,
      "y": 0.29120879120879123
    }
  }
}