{
  "label": "ok",
  "dataset": {
    "0": {
      "x": 0.4539877300613497,
      "y": 0.9715909090909091
    },
    "1": {
      "x": 0.3128834355828221,
      "y": 0.9090909090909091
    },
    "2": {
      "x": 0.20245398773006135,
      "y": 0.7613636363636364
    },
    "3": {
      "x": 0.11042944785276074,
      "y": 0.6590909090909091
    },
    "4": {
      "x": 0.03067484662576687,
      "y": 0.5909090909090909
    },
    "5": {
      "x": 0.34355828220858897,
      "y": 0.5397727272727273
    },
    "6": {
      "x": 0.2147239263803681,
      "y": 0.45454545454545453
    },
    "7": {
      "x": 0.11042944785276074,
      "y": 0.48863636363636365
    },
    "8": {
      "x": 0.05521472392638037,
      "y": 0.5454545454545454
    },
    "9": {
      "x": 0.4294478527607362,
      "y": 0.5
    },
    "10": {
      "x": 0.3803680981595092,
      "y": 0.2897727272727273
    },
    "11": {
      "x": 0.3374233128834356,
      "y": 0.14772727272727273
    },
    "12": {
      "x": 0.3067484662576687,
      "y": 0.028409090909090908
    },
    "13": {
      "x": 0.5337423312883436,
      "y": 0.5284090909090909
    },
    "14": {
      "x": 0.6012269938650306,
      "y": 0.32954545454545453
    },
    "15": {
      "x": 0.6319018404907976,
      "y": 0.21022727272727273
    },
    "16": {
      "x": 0.6503067484662577,
      "y": 0.10795454545454546
    },
    "17": {
      "x": 0.6319018404907976,
      "y": 0.6022727272727273
    },
    "18": {
      "x": 0.7852760736196319,
      "y": 0.48863636363636365
    },
    "19": {
      "x": 0.8895705521472392,
      "y": 0.42045454545454547
    },
    "20": {
      "x": 0.9693251533742331,
      "y": 0.35795454545454547
    }
  }
}