{
  "label": "ok",
  "dataset": {
    "0": {
      "x": 0.3094170403587444,
      "y": 0.9872122762148338
    },
    "1": {
      "x": 0.547085201793722,
      "y": 0.9053708439897699
    },
    "2": {
      "x": 0.6905829596412556,
      "y": 0.7723785166240409
    },
    "3": {
      "x": 0.8340807174887892,
      "y": 0.6726342710997443
    },
    "4": {
      "x": 0.9775784753363229,
      "y": 0.5728900255754475
    },
    "5": {
      "x": 0.40358744394618834,
      "y": 0.5063938618925832
    },
    "6": {
      "x": 0.6367713004484304,
      "y": 0.37595907928388744
    },
    "7": {
      "x": 0.8251121076233184,
      "y": 0.42710997442455245
    },
    "8": {
      "x": 0.9417040358744395,
      "y": 0.5217391304347826
    },
    "9": {
      "x": 0.3094170403587444,
      "y": 0.47570332480818417
    },
    "10": {
      "x": 0.3811659192825112,
      "y": 0.2557544757033248
    },
    "11": {
      "x": 0.5291479820627802,
      "y": 0.11508951406649616
    },
    "12": {
      "x": 0.6457399103139013,
      "y": 0.01278772378516624
    },
    "13": {
      "x": 0.2062780269058296,
      "y": 0.5012787723785166
    },
    "14": {
      "x": 0.18834080717488788,
      "y": 0.27877237851662406
    },
    "15": {
      "x": 0.2645739910313901,
      "y": 0.13043478260869565
    },
    "16": {
      "x": 0.3452914798206278,
      "y": 0.01278772378516624
    },
    "17": {
      "x": 0.1210762331838565,
      "y": 0.5703324808184144
    },
    "18": {
      "x": 0.02242152466367713,
      "y": 0.4092071611253197
    },
    "19": {
      "x": 0.026905829596412557,
      "y": 0.2813299232736573
    },
    "20": {
      "x": 0.07623318385650224,
      "y": 0.17135549872122763
    }
  }
}