{
  "label": "ok",
  "dataset": {
    "0": {
      "x": 0.5494505494505495,
      "y": 0.9537037037037037
    },
    "1": {
      "x": 0.5604395604395604,
      "y": 0.8240740740740741
    },
    "2": {
      "x": 0.5274725274725275,
      "y": 0.6851851851851852
    },
    "3": {
      "x": 0.4835164835164835,
      "y": 0.5648148148148148
    },
    "4": {
      "x": 0.3956043956043956,
      "y": 0.46296296296296297
    },
    "5": {
      "x": 0.5054945054945055,
      "y": 0.5740740740740741
    },
    "6": {
      "x": 0.7142857142857143,
      "y": 0.46296296296296297
    },
    "7": {
      "x": 0.8571428571428571,
      "y": 0.49074074074074076
    },
    "8": {
      "x": 0.945054945054945,
      "y": 0.5555555555555556
    },
    "9": {
      "x": 0.43956043956043955,
      "y": 0.5462962962962963
    },
    "10": {
      "x": 0.3956043956043956,
      "y": 0.28703703703703703
    },
    "11": {
      "x": 0.3626373626373626,
      "y": 0.14814814814814814
    },
    "12": {
      "x": 0.3076923076923077,
      "y": 0.046296296296296294
    },
    "13": {
      "x": 0.37362637362637363,
      "y": 0.5833333333333334
    },
    "14": {
      "x": 0.23076923076923078,
      "y": 0.35185185185185186
    },
    "15": {
      "x": 0.13186813186813187,
      "y": 0.23148148148148148
    },
    "16": {
      "x": 0.054945054945054944,
      "y": 0.1388888888888889
    },
    "17": {
      "x": 0.3076923076923077,
      "y": 0.6481481481481481
    },
    "18": {
      "x": 0.1978021978021978,
      "y": 0.5092592592592593
    },
    "19": {
      "x": 0.13186813186813187,
      "y": 0.4351851851851852
    },
    "20": {
      "x": 0.054945054945054944,
      "y": 0.37037037037037035
    }
  }
}