{
  "label": "ok",
  "dataset": {
    "0": {
      "x": 0.2765957446808511,
      "y": 0.927536231884058
    },
    "1": {
      "x": 0.48936170212765956,
      "y": 0.855072463768116
    },
    "2": {
      "x": 0.6808510638297872,
      "y": 0.7536231884057971
    },
    "3": {
      "x": 0.8297872340425532,
      "y": 0.6666666666666666
    },
    "4": {
      "x": 0.8936170212765957,
      "y": 0.5797101449275363
    },
    "5": {
      "x": 0.5319148936170213,
      "y": 0.5217391304347826
    },
    "6": {
      "x": 0.6808510638297872,
      "y": 0.43478260869565216
    },
    "7": {
      "x": 0.7872340425531915,
      "y": 0.4492753623188406
    },
    "8": {
      "x": 0.8723404255319149,
      "y": 0.5072463768115942
    },
    "9": {
      "x": 0.425531914893617,
      "y": 0.4782608695652174
    },
    "10": {
      "x": 0.5319148936170213,
      "y": 0.2898550724637681
    },
    "11": {
      "x": 0.6382978723404256,
      "y": 0.18840579710144928
    },
    "12": {
      "x": 0.7446808510638298,
      "y": 0.11594202898550725
    },
    "13": {
      "x": 0.2978723404255319,
      "y": 0.4782608695652174
    },
    "14": {
      "x": 0.3404255319148936,
      "y": 0.2753623188405797
    },
    "15": {
      "x": 0.40425531914893614,
      "y": 0.15942028985507245
    },
    "16": {
      "x": 0.46808510638297873,
      "y": 0.07246376811594203
    },
    "17": {
      "x": 0.1702127659574468,
      "y": 0.5217391304347826
    },
    "18": {
      "x": 0.10638297872340426,
      "y": 0.36231884057971014
    },
    "19": {
      "x": 0.10638297872340426,
      "y": 0.2753623188405797
    },
    "20": {
      "x": 0.10638297872340426,
      "y": 0.18840579710144928
    }
  }
}