{
  "label": "ok",
  "dataset": {
    "0": {
      "x": 0.9629629629629629,
      "y": 0.9758454106280193
    },
    "1": {
      "x": 0.7333333333333333,
      "y": 0.9758454106280193
    },
    "2": {
      "x": 0.45185185185185184,
      "y": 0.8840579710144928
    },
    "3": {
      "x": 0.21481481481481482,
      "y": 0.8405797101449275
    },
    "4": {
      "x": 0.037037037037037035,
      "y": 0.8019323671497585
    },
    "5": {
      "x": 0.5481481481481482,
      "y": 0.5797101449275363
    },
    "6": {
      "x": 0.3037037037037037,
      "y": 0.5603864734299517
    },
    "7": {
      "x": 0.14074074074074075,
      "y": 0.6280193236714976
    },
    "8": {
      "x": 0.05925925925925926,
      "y": 0.6956521739130435
    },
    "9": {
      "x": 0.6370370370370371,
      "y": 0.4975845410628019
    },
    "10": {
      "x": 0.5111111111111111,
      "y": 0.2946859903381642
    },
    "11": {
      "x": 0.37777777777777777,
      "y": 0.1497584541062802
    },
    "12": {
      "x": 0.26666666666666666,
      "y": 0.024154589371980676
    },
    "13": {
      "x": 0.7555555555555555,
      "y": 0.4782608695652174
    },
    "14": {
      "x": 0.6518518518518519,
      "y": 0.2608695652173913
    },
    "15": {
      "x": 0.5333333333333333,
      "y": 0.13526570048309178
    },
    "16": {
      "x": 0.42962962962962964,
      "y": 0.033816425120772944
    },
    "17": {
      "x": 0.8814814814814815,
      "y": 0.5120772946859904
    },
    "18": {
      "x": 0.9259259259259259,
      "y": 0.3333333333333333
    },
    "19": {
      "x": 0.9481481481481482,
      "y": 0.19806763285024154
    },
    "20": {
      "x": 0.9555555555555556,
      "y": 0.0821256038647343
    }
  }
}