{
  "label": "ok",
  "dataset": {
    "0": {
      "x": 0.46153846153846156,
      "y": 0.9747474747474747
    },
    "1": {
      "x": 0.6384615384615384,
      "y": 0.8838383838383839
    },
    "2": {
      "x": 0.7923076923076923,
      "y": 0.7525252525252525
    },
    "3": {
      "x": 0.9538461538461539,
      "y": 0.6616161616161617
    },
    "4": {
      "x": 0.9615384615384616,
      "y": 0.5555555555555556
    },
    "5": {
      "x": 0.4846153846153846,
      "y": 0.5454545454545454
    },
    "6": {
      "x": 0.676923076923077,
      "y": 0.43434343434343436
    },
    "7": {
      "x": 0.823076923076923,
      "y": 0.4898989898989899
    },
    "8": {
      "x": 0.9076923076923077,
      "y": 0.5707070707070707
    },
    "9": {
      "x": 0.4,
      "y": 0.51010101010101
    },
    "10": {
      "x": 0.4230769230769231,
      "y": 0.29797979797979796
    },
    "11": {
      "x": 0.47692307692307695,
      "y": 0.14646464646464646
    },
    "12": {
      "x": 0.5230769230769231,
      "y": 0.025252525252525252
    },
    "13": {
      "x": 0.3153846153846154,
      "y": 0.5353535353535354
    },
    "14": {
      "x": 0.2230769230769231,
      "y": 0.3333333333333333
    },
    "15": {
      "x": 0.19230769230769232,
      "y": 0.1919191919191919
    },
    "16": {
      "x": 0.16923076923076924,
      "y": 0.0707070707070707
    },
    "17": {
      "x": 0.25384615384615383,
      "y": 0.6111111111111112
    },
    "18": {
      "x": 0.13846153846153847,
      "y": 0.4898989898989899
    },
    "19": {
      "x": 0.07692307692307693,
      "y": 0.3838383838383838
    },
    "20": {
      "x": 0.038461538461538464,
      "y": 0.2777777777777778
    }
  }
}