{
  "label": "ok",
  "dataset": {
    "0": {
      "x": 0.6071428571428571,
      "y": 0.972972972972973
    },
    "1": {
      "x": 0.36607142857142855,
      "y": 0.8702702702702703
    },
    "2": {
      "x": 0.1875,
      "y": 0.7243243243243244
    },
    "3": {
      "x": 0.044642857142857144,
      "y": 0.6108108108108108
    },
    "4": {
      "x": 0.05357142857142857,
      "y": 0.5081081081081081
    },
    "5": {
      "x": 0.5625,
      "y": 0.5135135135135135
    },
    "6": {
      "x": 0.42857142857142855,
      "y": 0.3621621621621622
    },
    "7": {
      "x": 0.25892857142857145,
      "y": 0.372972972972973
    },
    "8": {
      "x": 0.14285714285714285,
      "y": 0.42702702702702705
    },
    "9": {
      "x": 0.6785714285714286,
      "y": 0.4864864864864865
    },
    "10": {
      "x": 0.5982142857142857,
      "y": 0.2702702702702703
    },
    "11": {
      "x": 0.4642857142857143,
      "y": 0.15675675675675677
    },
    "12": {
      "x": 0.3392857142857143,
      "y": 0.07027027027027027
    },
    "13": {
      "x": 0.8035714285714286,
      "y": 0.5027027027027027
    },
    "14": {
      "x": 0.7767857142857143,
      "y": 0.2756756756756757
    },
    "15": {
      "x": 0.7232142857142857,
      "y": 0.13513513513513514
    },
    "16": {
      "x": 0.6517857142857143,
      "y": 0.02702702702702703
    },
    "17": {
      "x": 0.9107142857142857,
      "y": 0.5513513513513514
    },
    "18": {
      "x": 0.9553571428571429,
      "y": 0.3783783783783784
    },
    "19": {
      "x": 0.9375,
      "y": 0.25405405405405407
    },
    "20": {
      "x": 0.9017857142857143,
      "y": 0.15135135135135136
    }
  }
}