{
  "label": "ok",
  "dataset": {
    "0": {
      "x": 0.3564356435643564,
      "y": 0.9662162162162162
    },
    "1": {
      "x": 0.5544554455445545,
      "y": 0.8783783783783784
    },
    "2": {
      "x": 0.7524752475247525,
      "y": 0.75
    },
    "3": {
      "x": 0.900990099009901,
      "y": 0.6418918918918919
    },
    "4": {
      "x": 0.9504950495049505,
      "y": 0.5405405405405406
    },
    "5": {
      "x": 0.48514851485148514,
      "y": 0.5337837837837838
    },
    "6": {
      "x": 0.6633663366336634,
      "y": 0.41216216216216217
    },
    "7": {
      "x": 0.7821782178217822,
      "y": 0.43243243243243246
    },
    "8": {
      "x": 0.8514851485148515,
      "y": 0.49324324324324326
    },
    "9": {
      "x": 0.37623762376237624,
      "y": 0.49324324324324326
    },
    "10": {
      "x": 0.39603960396039606,
      "y": 0.2702702702702703
    },
    "11": {
      "x": 0.39603960396039606,
      "y": 0.14189189189189189
    },
    "12": {
      "x": 0.38613861386138615,
      "y": 0.033783783783783786
    },
    "13": {
      "x": 0.25742574257425743,
      "y": 0.49324324324324326
    },
    "14": {
      "x": 0.2376237623762376,
      "y": 0.2905405405405405
    },
    "15": {
      "x": 0.22772277227722773,
      "y": 0.16891891891891891
    },
    "16": {
      "x": 0.22772277227722773,
      "y": 0.06756756756756757
    },
    "17": {
      "x": 0.1485148514851485,
      "y": 0.5337837837837838
    },
    "18": {
      "x": 0.09900990099009901,
      "y": 0.3783783783783784
    },
    "19": {
      "x": 0.06930693069306931,
      "y": 0.2702702702702703
    },
    "20": {
      "x": 0.04950495049504951,
      "y": 0.1891891891891892
    }
  }
}