{
  "label": "ok",
  "dataset": {
    "0": {
      "x": 0.6714285714285714,
      "y": 0.9568965517241379
    },
    "1": {
      "x": 0.42857142857142855,
      "y": 0.8879310344827587
    },
    "2": {
      "x": 0.22857142857142856,
      "y": 0.7672413793103449
    },
    "3": {
      "x": 0.07142857142857142,
      "y": 0.6810344827586207
    },
    "4": {
      "x": 0.07142857142857142,
      "y": 0.603448275862069
    },
    "5": {
      "x": 0.4714285714285714,
      "y": 0.5258620689655172
    },
    "6": {
      "x": 0.34285714285714286,
      "y": 0.4051724137931034
    },
    "7": {
      "x": 0.2,
      "y": 0.45689655172413796
    },
    "8": {
      "x": 0.11428571428571428,
      "y": 0.5431034482758621
    },
    "9": {
      "x": 0.5857142857142857,
      "y": 0.5
    },
    "10": {
      "x": 0.5857142857142857,
      "y": 0.28448275862068967
    },
    "11": {
      "x": 0.5285714285714286,
      "y": 0.15517241379310345
    },
    "12": {
      "x": 0.5,
      "y": 0.04310344827586207
    },
    "13": {
      "x": 0.7142857142857143,
      "y": 0.5258620689655172
    },
    "14": {
      "x": 0.7428571428571429,
      "y": 0.3275862068965517
    },
    "15": {
      "x": 0.7428571428571429,
      "y": 0.19827586206896552
    },
    "16": {
      "x": 0.7428571428571429,
      "y": 0.07758620689655173
    },
    "17": {
      "x": 0.8285714285714286,
      "y": 0.5948275862068966
    },
    "18": {
      "x": 0.8857142857142857,
      "y": 0.4482758620689655
    },
    "19": {
      "x": 0.9,
      "y": 0.35344827586206895
    },
    "20": {
      "x": 0.9285714285714286,
      "y": 0.25862068965517243
    }
  }
}