{
  "label": "ok",
  "dataset": {
    "0": {
      "x": 0.07526881720430108,
      "y": 0.9836601307189542
    },
    "1": {
      "x": 0.3817204301075269,
      "y": 0.9313725490196079
    },
    "2": {
      "x": 0.6881720430107527,
      "y": 0.8169934640522876
    },
    "3": {
      "x": 0.9247311827956989,
      "y": 0.7189542483660131
    },
    "4": {
      "x": 0.9731182795698925,
      "y": 0.5915032679738562
    },
    "5": {
      "x": 0.4946236559139785,
      "y": 0.5359477124183006
    },
    "6": {
      "x": 0.6989247311827957,
      "y": 0.3954248366013072
    },
    "7": {
      "x": 0.8440860215053764,
      "y": 0.42483660130718953
    },
    "8": {
      "x": 0.9408602150537635,
      "y": 0.5032679738562091
    },
    "9": {
      "x": 0.3602150537634409,
      "y": 0.4803921568627451
    },
    "10": {
      "x": 0.5268817204301075,
      "y": 0.2679738562091503
    },
    "11": {
      "x": 0.6827956989247311,
      "y": 0.15359477124183007
    },
    "12": {
      "x": 0.8172043010752689,
      "y": 0.05228758169934641
    },
    "13": {
      "x": 0.20430107526881722,
      "y": 0.46405228758169936
    },
    "14": {
      "x": 0.3225806451612903,
      "y": 0.25163398692810457
    },
    "15": {
      "x": 0.45698924731182794,
      "y": 0.12091503267973856
    },
    "16": {
      "x": 0.5806451612903226,
      "y": 0.016339869281045753
    },
    "17": {
      "x": 0.026881720430107527,
      "y": 0.48366013071895425
    },
    "18": {
      "x": 0.03763440860215054,
      "y": 0.3006535947712418
    },
    "19": {
      "x": 0.10215053763440861,
      "y": 0.1895424836601307
    },
    "20": {
      "x": 0.1989247311827957,
      "y": 0.10457516339869281
    }
  }
}