{
  "label": "ok",
  "dataset": {
    "0": {
      "x": 0.1,
      "y": 0.9683544303797469
    },
    "1": {
      "x": 0.36666666666666664,
      "y": 0.930379746835443
    },
    "2": {
      "x": 0.6111111111111112,
      "y": 0.8354430379746836
    },
    "3": {
      "x": 0.8111111111111111,
      "y": 0.7468354430379747
    },
    "4": {
      "x": 0.9444444444444444,
      "y": 0.6329113924050633
    },
    "5": {
      "x": 0.36666666666666664,
      "y": 0.5632911392405063
    },
    "6": {
      "x": 0.6111111111111112,
      "y": 0.46835443037974683
    },
    "7": {
      "x": 0.7777777777777778,
      "y": 0.5063291139240507
    },
    "8": {
      "x": 0.8888888888888888,
      "y": 0.5759493670886076
    },
    "9": {
      "x": 0.2777777777777778,
      "y": 0.5253164556962026
    },
    "10": {
      "x": 0.4,
      "y": 0.2848101265822785
    },
    "11": {
      "x": 0.5111111111111111,
      "y": 0.14556962025316456
    },
    "12": {
      "x": 0.6,
      "y": 0.0379746835443038
    },
    "13": {
      "x": 0.16666666666666666,
      "y": 0.5253164556962026
    },
    "14": {
      "x": 0.2,
      "y": 0.2974683544303797
    },
    "15": {
      "x": 0.26666666666666666,
      "y": 0.1518987341772152
    },
    "16": {
      "x": 0.32222222222222224,
      "y": 0.03164556962025317
    },
    "17": {
      "x": 0.05555555555555555,
      "y": 0.5632911392405063
    },
    "18": {
      "x": 0.05555555555555555,
      "y": 0.3924050632911392
    },
    "19": {
      "x": 0.1,
      "y": 0.2721518987341772
    },
    "20": {
      "x": 0.15555555555555556,
      "y": 0.17721518987341772
    }
  }
}