{
  "label": "ok",
  "dataset": {
    "0": {
      "x": 0.7355371900826446,
      "y": 0.9572649572649573
    },
    "1": {
      "x": 0.8264462809917356,
      "y": 0.8290598290598291
    },
    "2": {
      "x": 0.8842975206611571,
      "y": 0.6666666666666666
    },
    "3": {
      "x": 0.9421487603305785,
      "y": 0.5299145299145299
    },
    "4": {
      "x": 0.9586776859504132,
      "y": 0.41025641025641024
    },
    "5": {
      "x": 0.6363636363636364,
      "y": 0.47863247863247865
    },
    "6": {
      "x": 0.7107438016528925,
      "y": 0.3076923076923077
    },
    "7": {
      "x": 0.8099173553719008,
      "y": 0.3076923076923077
    },
    "8": {
      "x": 0.8842975206611571,
      "y": 0.38461538461538464
    },
    "9": {
      "x": 0.5371900826446281,
      "y": 0.4700854700854701
    },
    "10": {
      "x": 0.45454545454545453,
      "y": 0.27350427350427353
    },
    "11": {
      "x": 0.39669421487603307,
      "y": 0.13675213675213677
    },
    "12": {
      "x": 0.32231404958677684,
      "y": 0.042735042735042736
    },
    "13": {
      "x": 0.47107438016528924,
      "y": 0.5299145299145299
    },
    "14": {
      "x": 0.33884297520661155,
      "y": 0.37606837606837606
    },
    "15": {
      "x": 0.256198347107438,
      "y": 0.27350427350427353
    },
    "16": {
      "x": 0.17355371900826447,
      "y": 0.20512820512820512
    },
    "17": {
      "x": 0.4380165289256198,
      "y": 0.6324786324786325
    },
    "18": {
      "x": 0.2644628099173554,
      "y": 0.6239316239316239
    },
    "19": {
      "x": 0.14049586776859505,
      "y": 0.5982905982905983
    },
    "20": {
      "x": 0.04132231404958678,
      "y": 0.5811965811965812
    }
  }
}