{
  "label": "ok",
  "dataset": {
    "0": {
      "x": 0.8125,
      "y": 0.9753694581280788
    },
    "1": {
      "x": 0.5089285714285714,
      "y": 0.9113300492610837
    },
    "2": {
      "x": 0.2767857142857143,
      "y": 0.8029556650246306
    },
    "3": {
      "x": 0.08035714285714286,
      "y": 0.7339901477832512
    },
    "4": {
      "x": 0.044642857142857144,
      "y": 0.6403940886699507
    },
    "5": {
      "x": 0.5267857142857143,
      "y": 0.5123152709359606
    },
    "6": {
      "x": 0.3125,
      "y": 0.42857142857142855
    },
    "7": {
      "x": 0.17857142857142858,
      "y": 0.5123152709359606
    },
    "8": {
      "x": 0.13392857142857142,
      "y": 0.6108374384236454
    },
    "9": {
      "x": 0.6428571428571429,
      "y": 0.4630541871921182
    },
    "10": {
      "x": 0.5267857142857143,
      "y": 0.2660098522167488
    },
    "11": {
      "x": 0.4017857142857143,
      "y": 0.14285714285714285
    },
    "12": {
      "x": 0.30357142857142855,
      "y": 0.03940886699507389
    },
    "13": {
      "x": 0.8035714285714286,
      "y": 0.4729064039408867
    },
    "14": {
      "x": 0.7321428571428571,
      "y": 0.2660098522167488
    },
    "15": {
      "x": 0.6428571428571429,
      "y": 0.1330049261083744
    },
    "16": {
      "x": 0.5535714285714286,
      "y": 0.024630541871921183
    },
    "17": {
      "x": 0.9464285714285714,
      "y": 0.5320197044334976
    },
    "18": {
      "x": 0.9553571428571429,
      "y": 0.3645320197044335
    },
    "19": {
      "x": 0.9375,
      "y": 0.2561576354679803
    },
    "20": {
      "x": 0.9017857142857143,
      "y": 0.15763546798029557
    }
  }
}