{
  "label": "ok",
  "dataset": {
    "0": {
      "x": 0.2903225806451613,
      "y": 0.9565217391304348
    },
    "1": {
      "x": 0.5645161290322581,
      "y": 0.8869565217391304
    },
    "2": {
      "x": 0.7741935483870968,
      "y": 0.7739130434782608
    },
    "3": {
      "x": 0.9193548387096774,
      "y": 0.6956521739130435
    },
    "4": {
      "x": 0.8870967741935484,
      "y": 0.6086956521739131
    },
    "5": {
      "x": 0.41935483870967744,
      "y": 0.4956521739130435
    },
    "6": {
      "x": 0.6129032258064516,
      "y": 0.3826086956521739
    },
    "7": {
      "x": 0.7419354838709677,
      "y": 0.45217391304347826
    },
    "8": {
      "x": 0.8064516129032258,
      "y": 0.5478260869565217
    },
    "9": {
      "x": 0.3225806451612903,
      "y": 0.4608695652173913
    },
    "10": {
      "x": 0.43548387096774194,
      "y": 0.26956521739130435
    },
    "11": {
      "x": 0.5967741935483871,
      "y": 0.1565217391304348
    },
    "12": {
      "x": 0.7258064516129032,
      "y": 0.06956521739130435
    },
    "13": {
      "x": 0.20967741935483872,
      "y": 0.46956521739130436
    },
    "14": {
      "x": 0.24193548387096775,
      "y": 0.26956521739130435
    },
    "15": {
      "x": 0.3387096774193548,
      "y": 0.1391304347826087
    },
    "16": {
      "x": 0.45161290322580644,
      "y": 0.043478260869565216
    },
    "17": {
      "x": 0.08064516129032258,
      "y": 0.5217391304347826
    },
    "18": {
      "x": 0.08064516129032258,
      "y": 0.3652173913043478
    },
    "19": {
      "x": 0.16129032258064516,
      "y": 0.26956521739130435
    },
    "20": {
      "x": 0.25806451612903225,
      "y": 0.2
    }
  }
}