{
  "label": "ok",
  "dataset": {
    "0": {
      "x": 0.014749262536873156,
      "y": 0.05476190476190476
    },
    "1": {
      "x": 0.336283185840708,
      "y": 0.011904761904761904
    },
    "2": {
      "x": 0.5958702064896755,
      "y": 0.0380952380952381
    },
    "3": {
      "x": 0.8230088495575221,
      "y": 0.0880952380952381
    },
    "4": {
      "x": 0.9498525073746312,
      "y": 0.18571428571428572
    },
    "5": {
      "x": 0.5073746312684366,
      "y": 0.38571428571428573
    },
    "6": {
      "x": 0.8407079646017699,
      "y": 0.4095238095238095
    },
    "7": {
      "x": 0.943952802359882,
      "y": 0.3142857142857143
    },
    "8": {
      "x": 0.9587020648967551,
      "y": 0.22380952380952382
    },
    "9": {
      "x": 0.39233038348082594,
      "y": 0.5
    },
    "10": {
      "x": 0.6578171091445427,
      "y": 0.6880952380952381
    },
    "11": {
      "x": 0.855457227138643,
      "y": 0.7738095238095238
    },
    "12": {
      "x": 0.9852507374631269,
      "y": 0.8452380952380952
    },
    "13": {
      "x": 0.2743362831858407,
      "y": 0.5357142857142857
    },
    "14": {
      "x": 0.4336283185840708,
      "y": 0.7619047619047619
    },
    "15": {
      "x": 0.5693215339233039,
      "y": 0.8928571428571429
    },
    "16": {
      "x": 0.6666666666666666,
      "y": 0.9880952380952381
    },
    "17": {
      "x": 0.1710914454277286,
      "y": 0.5261904761904762
    },
    "18": {
      "x": 0.20353982300884957,
      "y": 0.7333333333333333
    },
    "19": {
      "x": 0.22123893805309736,
      "y": 0.8666666666666667
    },
    "20": {
      "x": 0.2448377581120944,
      "y": 0.9761904761904762
    }
  }
}