{
  "label": "ok",
  "dataset": {
    "0": {
      "x": 0.5037037037037037,
      "y": 0.9712643678160919
    },
    "1": {
      "x": 0.6962962962962963,
      "y": 0.8793103448275862
    },
    "2": {
      "x": 0.8592592592592593,
      "y": 0.7528735632183908
    },
    "3": {
      "x": 0.9629629629629629,
      "y": 0.6494252873563219
    },
    "4": {
      "x": 0.9111111111111111,
      "y": 0.5632183908045977
    },
    "5": {
      "x": 0.6148148148148148,
      "y": 0.5172413793103449
    },
    "6": {
      "x": 0.762962962962963,
      "y": 0.3850574712643678
    },
    "7": {
      "x": 0.8444444444444444,
      "y": 0.42528735632183906
    },
    "8": {
      "x": 0.8814814814814815,
      "y": 0.5057471264367817
    },
    "9": {
      "x": 0.4962962962962963,
      "y": 0.47701149425287354
    },
    "10": {
      "x": 0.5703703703703704,
      "y": 0.27586206896551724
    },
    "11": {
      "x": 0.6148148148148148,
      "y": 0.14367816091954022
    },
    "12": {
      "x": 0.6296296296296297,
      "y": 0.028735632183908046
    },
    "13": {
      "x": 0.37777777777777777,
      "y": 0.4827586206896552
    },
    "14": {
      "x": 0.34074074074074073,
      "y": 0.2988505747126437
    },
    "15": {
      "x": 0.31851851851851853,
      "y": 0.1839080459770115
    },
    "16": {
      "x": 0.3037037037037037,
      "y": 0.09195402298850575
    },
    "17": {
      "x": 0.25925925925925924,
      "y": 0.5402298850574713
    },
    "18": {
      "x": 0.14814814814814814,
      "y": 0.40229885057471265
    },
    "19": {
      "x": 0.08148148148148149,
      "y": 0.3103448275862069
    },
    "20": {
      "x": 0.037037037037037035,
      "y": 0.22413793103448276
    }
  }
}