{
  "label": "ok",
  "dataset": {
    "0": {
      "x": 0.4166666666666667,
      "y": 0.9757281553398058
    },
    "1": {
      "x": 0.6944444444444444,
      "y": 0.8398058252427184
    },
    "2": {
      "x": 0.8425925925925926,
      "y": 0.6990291262135923
    },
    "3": {
      "x": 0.9537037037037037,
      "y": 0.5825242718446602
    },
    "4": {
      "x": 0.9351851851851852,
      "y": 0.46601941747572817
    },
    "5": {
      "x": 0.37037037037037035,
      "y": 0.470873786407767
    },
    "6": {
      "x": 0.5185185185185185,
      "y": 0.32524271844660196
    },
    "7": {
      "x": 0.6944444444444444,
      "y": 0.3446601941747573
    },
    "8": {
      "x": 0.8055555555555556,
      "y": 0.41262135922330095
    },
    "9": {
      "x": 0.2777777777777778,
      "y": 0.4368932038834951
    },
    "10": {
      "x": 0.3333333333333333,
      "y": 0.22330097087378642
    },
    "11": {
      "x": 0.5092592592592593,
      "y": 0.13106796116504854
    },
    "12": {
      "x": 0.6666666666666666,
      "y": 0.08737864077669903
    },
    "13": {
      "x": 0.16666666666666666,
      "y": 0.441747572815534
    },
    "14": {
      "x": 0.2037037037037037,
      "y": 0.22330097087378642
    },
    "15": {
      "x": 0.3425925925925926,
      "y": 0.10194174757281553
    },
    "16": {
      "x": 0.48148148148148145,
      "y": 0.024271844660194174
    },
    "17": {
      "x": 0.07407407407407407,
      "y": 0.47572815533980584
    },
    "18": {
      "x": 0.046296296296296294,
      "y": 0.2961165048543689
    },
    "19": {
      "x": 0.10185185185185185,
      "y": 0.17475728155339806
    },
    "20": {
      "x": 0.19444444444444445,
      "y": 0.07766990291262135
    }
  }
}