{
  "label": "ok",
  "dataset": {
    "0": {
      "x": 0.5632183908045977,
      "y": 0.9612403100775194
    },
    "1": {
      "x": 0.367816091954023,
      "y": 0.8837209302325582
    },
    "2": {
      "x": 0.21839080459770116,
      "y": 0.7596899224806202
    },
    "3": {
      "x": 0.09195402298850575,
      "y": 0.6744186046511628
    },
    "4": {
      "x": 0.05747126436781609,
      "y": 0.5891472868217055
    },
    "5": {
      "x": 0.47126436781609193,
      "y": 0.5193798449612403
    },
    "6": {
      "x": 0.3103448275862069,
      "y": 0.43410852713178294
    },
    "7": {
      "x": 0.1839080459770115,
      "y": 0.4728682170542636
    },
    "8": {
      "x": 0.10344827586206896,
      "y": 0.5348837209302325
    },
    "9": {
      "x": 0.5977011494252874,
      "y": 0.4806201550387597
    },
    "10": {
      "x": 0.5747126436781609,
      "y": 0.2713178294573643
    },
    "11": {
      "x": 0.5172413793103449,
      "y": 0.13953488372093023
    },
    "12": {
      "x": 0.4482758620689655,
      "y": 0.03875968992248062
    },
    "13": {
      "x": 0.7126436781609196,
      "y": 0.5038759689922481
    },
    "14": {
      "x": 0.7931034482758621,
      "y": 0.3023255813953488
    },
    "15": {
      "x": 0.8160919540229885,
      "y": 0.16279069767441862
    },
    "16": {
      "x": 0.8160919540229885,
      "y": 0.05426356589147287
    },
    "17": {
      "x": 0.8045977011494253,
      "y": 0.5736434108527132
    },
    "18": {
      "x": 0.9080459770114943,
      "y": 0.4186046511627907
    },
    "19": {
      "x": 0.9310344827586207,
      "y": 0.31007751937984496
    },
    "20": {
      "x": 0.9425287356321839,
      "y": 0.20930232558139536
    }
  }
}