{
  "label": "ok",
  "dataset": {
    "0": {
      "x": 0.762589928057554,
      "y": 0.967741935483871
    },
    "1": {
      "x": 0.8848920863309353,
      "y": 0.8129032258064516
    },
    "2": {
      "x": 0.9424460431654677,
      "y": 0.6129032258064516
    },
    "3": {
      "x": 0.9640287769784173,
      "y": 0.43870967741935485
    },
    "4": {
      "x": 0.9136690647482014,
      "y": 0.3161290322580645
    },
    "5": {
      "x": 0.6618705035971223,
      "y": 0.4838709677419355
    },
    "6": {
      "x": 0.6690647482014388,
      "y": 0.33548387096774196
    },
    "7": {
      "x": 0.7410071942446043,
      "y": 0.2903225806451613
    },
    "8": {
      "x": 0.8345323741007195,
      "y": 0.3032258064516129
    },
    "9": {
      "x": 0.5323741007194245,
      "y": 0.4838709677419355
    },
    "10": {
      "x": 0.45323741007194246,
      "y": 0.27741935483870966
    },
    "11": {
      "x": 0.4172661870503597,
      "y": 0.14838709677419354
    },
    "12": {
      "x": 0.381294964028777,
      "y": 0.03225806451612903
    },
    "13": {
      "x": 0.4244604316546763,
      "y": 0.5225806451612903
    },
    "14": {
      "x": 0.30935251798561153,
      "y": 0.36129032258064514
    },
    "15": {
      "x": 0.2446043165467626,
      "y": 0.2645161290322581
    },
    "16": {
      "x": 0.2014388489208633,
      "y": 0.18064516129032257
    },
    "17": {
      "x": 0.3381294964028777,
      "y": 0.6064516129032258
    },
    "18": {
      "x": 0.2014388489208633,
      "y": 0.5290322580645161
    },
    "19": {
      "x": 0.1079136690647482,
      "y": 0.4838709677419355
    },
    "20": {
      "x": 0.03597122302158273,
      "y": 0.44516129032258067
    }
  }
}