{
  "label": "ok",
  "dataset": {
    "0": {
      "x": 0.9022988505747126,
      "y": 0.9820143884892086
    },
    "1": {
      "x": 0.6724137931034483,
      "y": 0.9784172661870504
    },
    "2": {
      "x": 0.43103448275862066,
      "y": 0.9100719424460432
    },
    "3": {
      "x": 0.19540229885057472,
      "y": 0.8273381294964028
    },
    "4": {
      "x": 0.028735632183908046,
      "y": 0.7410071942446043
    },
    "5": {
      "x": 0.7528735632183908,
      "y": 0.6366906474820144
    },
    "6": {
      "x": 0.3850574712643678,
      "y": 0.5179856115107914
    },
    "7": {
      "x": 0.16091954022988506,
      "y": 0.6007194244604317
    },
    "8": {
      "x": 0.06321839080459771,
      "y": 0.6726618705035972
    },
    "9": {
      "x": 0.8160919540229885,
      "y": 0.5575539568345323
    },
    "10": {
      "x": 0.7758620689655172,
      "y": 0.3345323741007194
    },
    "11": {
      "x": 0.7758620689655172,
      "y": 0.15827338129496402
    },
    "12": {
      "x": 0.8448275862068966,
      "y": 0.017985611510791366
    },
    "13": {
      "x": 0.8160919540229885,
      "y": 0.5431654676258992
    },
    "14": {
      "x": 0.8563218390804598,
      "y": 0.31654676258992803
    },
    "15": {
      "x": 0.8908045977011494,
      "y": 0.17985611510791366
    },
    "16": {
      "x": 0.9597701149425287,
      "y": 0.07194244604316546
    },
    "17": {
      "x": 0.7701149425287356,
      "y": 0.5539568345323741
    },
    "18": {
      "x": 0.8218390804597702,
      "y": 0.37410071942446044
    },
    "19": {
      "x": 0.8908045977011494,
      "y": 0.24100719424460432
    },
    "20": {
      "x": 0.9712643678160919,
      "y": 0.12949640287769784
    }
  }
}