{
  "label": "ok",
  "dataset": {
    "0": {
      "x": 0.6761904761904762,
      "y": 0.9712643678160919
    },
    "1": {
      "x": 0.42857142857142855,
      "y": 0.9080459770114943
    },
    "2": {
      "x": 0.2571428571428571,
      "y": 0.7758620689655172
    },
    "3": {
      "x": 0.13333333333333333,
      "y": 0.6609195402298851
    },
    "4": {
      "x": 0.047619047619047616,
      "y": 0.5574712643678161
    },
    "5": {
      "x": 0.45714285714285713,
      "y": 0.5459770114942529
    },
    "6": {
      "x": 0.34285714285714286,
      "y": 0.39080459770114945
    },
    "7": {
      "x": 0.2,
      "y": 0.40229885057471265
    },
    "8": {
      "x": 0.11428571428571428,
      "y": 0.4540229885057471
    },
    "9": {
      "x": 0.5904761904761905,
      "y": 0.5172413793103449
    },
    "10": {
      "x": 0.580952380952381,
      "y": 0.2988505747126437
    },
    "11": {
      "x": 0.5523809523809524,
      "y": 0.14942528735632185
    },
    "12": {
      "x": 0.5523809523809524,
      "y": 0.028735632183908046
    },
    "13": {
      "x": 0.7238095238095238,
      "y": 0.5402298850574713
    },
    "14": {
      "x": 0.7523809523809524,
      "y": 0.3390804597701149
    },
    "15": {
      "x": 0.780952380952381,
      "y": 0.20114942528735633
    },
    "16": {
      "x": 0.7904761904761904,
      "y": 0.09195402298850575
    },
    "17": {
      "x": 0.8476190476190476,
      "y": 0.5977011494252874
    },
    "18": {
      "x": 0.8952380952380953,
      "y": 0.4425287356321839
    },
    "19": {
      "x": 0.9238095238095239,
      "y": 0.3390804597701149
    },
    "20": {
      "x": 0.9523809523809523,
      "y": 0.25287356321839083
    }
  }
}