{
  "label": "ok",
  "dataset": {
    "0": {
      "x": 0.375,
      "y": 0.9758454106280193
    },
    "1": {
      "x": 0.625,
      "y": 0.9130434782608695
    },
    "2": {
      "x": 0.8223684210526315,
      "y": 0.8115942028985508
    },
    "3": {
      "x": 0.9671052631578947,
      "y": 0.6956521739130435
    },
    "4": {
      "x": 0.9342105263157895,
      "y": 0.5990338164251208
    },
    "5": {
      "x": 0.506578947368421,
      "y": 0.6183574879227053
    },
    "6": {
      "x": 0.743421052631579,
      "y": 0.4830917874396135
    },
    "7": {
      "x": 0.8355263157894737,
      "y": 0.5507246376811594
    },
    "8": {
      "x": 0.8421052631578947,
      "y": 0.6376811594202898
    },
    "9": {
      "x": 0.375,
      "y": 0.5603864734299517
    },
    "10": {
      "x": 0.4868421052631579,
      "y": 0.3140096618357488
    },
    "11": {
      "x": 0.5328947368421053,
      "y": 0.15458937198067632
    },
    "12": {
      "x": 0.5263157894736842,
      "y": 0.024154589371980676
    },
    "13": {
      "x": 0.28289473684210525,
      "y": 0.5410628019323671
    },
    "14": {
      "x": 0.2631578947368421,
      "y": 0.3140096618357488
    },
    "15": {
      "x": 0.23684210526315788,
      "y": 0.178743961352657
    },
    "16": {
      "x": 0.19736842105263158,
      "y": 0.06763285024154589
    },
    "17": {
      "x": 0.23684210526315788,
      "y": 0.5507246376811594
    },
    "18": {
      "x": 0.16447368421052633,
      "y": 0.391304347826087
    },
    "19": {
      "x": 0.09868421052631579,
      "y": 0.2946859903381642
    },
    "20": {
      "x": 0.03289473684210526,
      "y": 0.21256038647342995
    }
  }
}