{
  "label": "ok",
  "dataset": {
    "0": {
      "x": 0.1597222222222222,
      "y": 0.9806201550387597
    },
    "1": {
      "x": 0.4027777777777778,
      "y": 0.9069767441860465
    },
    "2": {
      "x": 0.6041666666666666,
      "y": 0.7713178294573644
    },
    "3": {
      "x": 0.7986111111111112,
      "y": 0.686046511627907
    },
    "4": {
      "x": 0.9652777777777778,
      "y": 0.6162790697674418
    },
    "5": {
      "x": 0.4097222222222222,
      "y": 0.5271317829457365
    },
    "6": {
      "x": 0.6180555555555556,
      "y": 0.40310077519379844
    },
    "7": {
      "x": 0.7569444444444444,
      "y": 0.47674418604651164
    },
    "8": {
      "x": 0.8194444444444444,
      "y": 0.5581395348837209
    },
    "9": {
      "x": 0.2986111111111111,
      "y": 0.49612403100775193
    },
    "10": {
      "x": 0.4236111111111111,
      "y": 0.2868217054263566
    },
    "11": {
      "x": 0.5277777777777778,
      "y": 0.14728682170542637
    },
    "12": {
      "x": 0.6041666666666666,
      "y": 0.01937984496124031
    },
    "13": {
      "x": 0.16666666666666666,
      "y": 0.5193798449612403
    },
    "14": {
      "x": 0.22916666666666666,
      "y": 0.3023255813953488
    },
    "15": {
      "x": 0.2986111111111111,
      "y": 0.15503875968992248
    },
    "16": {
      "x": 0.3680555555555556,
      "y": 0.023255813953488372
    },
    "17": {
      "x": 0.034722222222222224,
      "y": 0.5852713178294574
    },
    "18": {
      "x": 0.034722222222222224,
      "y": 0.42248062015503873
    },
    "19": {
      "x": 0.05555555555555555,
      "y": 0.29844961240310075
    },
    "20": {
      "x": 0.09027777777777778,
      "y": 0.18604651162790697
    }
  }
}