{
  "label": "ok",
  "dataset": {
    "0": {
      "x": 0.6125,
      "y": 0.9652777777777778
    },
    "1": {
      "x": 0.8,
      "y": 0.7986111111111112
    },
    "2": {
      "x": 0.8625,
      "y": 0.6388888888888888
    },
    "3": {
      "x": 0.9375,
      "y": 0.5277777777777778
    },
    "4": {
      "x": 0.9375,
      "y": 0.4236111111111111
    },
    "5": {
      "x": 0.425,
      "y": 0.4652777777777778
    },
    "6": {
      "x": 0.5125,
      "y": 0.3055555555555556
    },
    "7": {
      "x": 0.7125,
      "y": 0.3333333333333333
    },
    "8": {
      "x": 0.8625,
      "y": 0.3958333333333333
    },
    "9": {
      "x": 0.325,
      "y": 0.4791666666666667
    },
    "10": {
      "x": 0.2375,
      "y": 0.2708333333333333
    },
    "11": {
      "x": 0.225,
      "y": 0.1388888888888889
    },
    "12": {
      "x": 0.225,
      "y": 0.034722222222222224
    },
    "13": {
      "x": 0.2375,
      "y": 0.5416666666666666
    },
    "14": {
      "x": 0.15,
      "y": 0.3541666666666667
    },
    "15": {
      "x": 0.125,
      "y": 0.2152777777777778
    },
    "16": {
      "x": 0.1125,
      "y": 0.10416666666666667
    },
    "17": {
      "x": 0.2,
      "y": 0.6388888888888888
    },
    "18": {
      "x": 0.1,
      "y": 0.5
    },
    "19": {
      "x": 0.075,
      "y": 0.3958333333333333
    },
    "20": {
      "x": 0.0625,
      "y": 0.2916666666666667
    }
  }
}