{
  "label": "ok",
  "dataset": {
    "0": {
      "x": 0.489010989010989,
      "y": 0.979253112033195
    },
    "1": {
      "x": 0.6373626373626373,
      "y": 0.8755186721991701
    },
    "2": {
      "x": 0.7582417582417582,
      "y": 0.7385892116182573
    },
    "3": {
      "x": 0.8846153846153846,
      "y": 0.6556016597510373
    },
    "4": {
      "x": 0.9725274725274725,
      "y": 0.5726141078838174
    },
    "5": {
      "x": 0.5054945054945055,
      "y": 0.5228215767634855
    },
    "6": {
      "x": 0.6703296703296703,
      "y": 0.4024896265560166
    },
    "7": {
      "x": 0.8021978021978022,
      "y": 0.47717842323651455
    },
    "8": {
      "x": 0.8681318681318682,
      "y": 0.5684647302904564
    },
    "9": {
      "x": 0.3901098901098901,
      "y": 0.5062240663900415
    },
    "10": {
      "x": 0.35714285714285715,
      "y": 0.2863070539419087
    },
    "11": {
      "x": 0.37362637362637363,
      "y": 0.14107883817427386
    },
    "12": {
      "x": 0.37362637362637363,
      "y": 0.02074688796680498
    },
    "13": {
      "x": 0.29120879120879123,
      "y": 0.5560165975103735
    },
    "14": {
      "x": 0.19230769230769232,
      "y": 0.3651452282157676
    },
    "15": {
      "x": 0.16483516483516483,
      "y": 0.22821576763485477
    },
    "16": {
      "x": 0.14285714285714285,
      "y": 0.1037344398340249
    },
    "17": {
      "x": 0.21978021978021978,
      "y": 0.6473029045643154
    },
    "18": {
      "x": 0.11538461538461539,
      "y": 0.5103734439834025
    },
    "19": {
      "x": 0.06593406593406594,
      "y": 0.4066390041493776
    },
    "20": {
      "x": 0.027472527472527472,
      "y": 0.3070539419087137
    }
  }
}