{
  "label": "ok",
  "dataset": {
    "0": {
      "x": 0.42657342657342656,
      "y": 0.9878345498783455
    },
    "1": {
      "x": 0.7132867132867133,
      "y": 0.8929440389294404
    },
    "2": {
      "x": 0.8881118881118881,
      "y": 0.7493917274939172
    },
    "3": {
      "x": 0.9825174825174825,
      "y": 0.583941605839416
    },
    "4": {
      "x": 0.9055944055944056,
      "y": 0.48175182481751827
    },
    "5": {
      "x": 0.42657342657342656,
      "y": 0.5644768856447688
    },
    "6": {
      "x": 0.6188811188811189,
      "y": 0.38929440389294406
    },
    "7": {
      "x": 0.7657342657342657,
      "y": 0.4209245742092457
    },
    "8": {
      "x": 0.8286713286713286,
      "y": 0.49391727493917276
    },
    "9": {
      "x": 0.3076923076923077,
      "y": 0.5425790754257908
    },
    "10": {
      "x": 0.3881118881118881,
      "y": 0.2895377128953771
    },
    "11": {
      "x": 0.4230769230769231,
      "y": 0.13381995133819952
    },
    "12": {
      "x": 0.4125874125874126,
      "y": 0.012165450121654502
    },
    "13": {
      "x": 0.2517482517482518,
      "y": 0.5523114355231143
    },
    "14": {
      "x": 0.23776223776223776,
      "y": 0.3333333333333333
    },
    "15": {
      "x": 0.21328671328671328,
      "y": 0.19951338199513383
    },
    "16": {
      "x": 0.17482517482517482,
      "y": 0.09245742092457421
    },
    "17": {
      "x": 0.23426573426573427,
      "y": 0.5912408759124088
    },
    "18": {
      "x": 0.14685314685314685,
      "y": 0.46228710462287104
    },
    "19": {
      "x": 0.07692307692307693,
      "y": 0.3795620437956204
    },
    "20": {
      "x": 0.017482517482517484,
      "y": 0.31386861313868614
    }
  }
}