{
  "label": "ok",
  "dataset": {
    "0": {
      "x": 0.40268456375838924,
      "y": 0.9789029535864979
    },
    "1": {
      "x": 0.6308724832214765,
      "y": 0.9451476793248945
    },
    "2": {
      "x": 0.8389261744966443,
      "y": 0.8734177215189873
    },
    "3": {
      "x": 0.9664429530201343,
      "y": 0.8185654008438819
    },
    "4": {
      "x": 0.87248322147651,
      "y": 0.7721518987341772
    },
    "5": {
      "x": 0.7114093959731543,
      "y": 0.5485232067510548
    },
    "6": {
      "x": 0.8523489932885906,
      "y": 0.4810126582278481
    },
    "7": {
      "x": 0.8859060402684564,
      "y": 0.6118143459915611
    },
    "8": {
      "x": 0.8590604026845637,
      "y": 0.7215189873417721
    },
    "9": {
      "x": 0.5570469798657718,
      "y": 0.4978902953586498
    },
    "10": {
      "x": 0.6644295302013423,
      "y": 0.29535864978902954
    },
    "11": {
      "x": 0.738255033557047,
      "y": 0.16033755274261605
    },
    "12": {
      "x": 0.785234899328859,
      "y": 0.02109704641350211
    },
    "13": {
      "x": 0.3691275167785235,
      "y": 0.510548523206751
    },
    "14": {
      "x": 0.40939597315436244,
      "y": 0.3037974683544304
    },
    "15": {
      "x": 0.436241610738255,
      "y": 0.16455696202531644
    },
    "16": {
      "x": 0.4697986577181208,
      "y": 0.029535864978902954
    },
    "17": {
      "x": 0.18120805369127516,
      "y": 0.569620253164557
    },
    "18": {
      "x": 0.11409395973154363,
      "y": 0.4050632911392405
    },
    "19": {
      "x": 0.06711409395973154,
      "y": 0.2869198312236287
    },
    "20": {
      "x": 0.03355704697986577,
      "y": 0.1729957805907173
    }
  }
}