{
  "label": "ok",
  "dataset": {
    "0": {
      "x": 0.11538461538461539,
      "y": 0.9545454545454546
    },
    "1": {
      "x": 0.038461538461538464,
      "y": 0.7363636363636363
    },
    "2": {
      "x": 0.038461538461538464,
      "y": 0.5181818181818182
    },
    "3": {
      "x": 0.06153846153846154,
      "y": 0.34545454545454546
    },
    "4": {
      "x": 0.12307692307692308,
      "y": 0.22727272727272727
    },
    "5": {
      "x": 0.33076923076923076,
      "y": 0.5363636363636364
    },
    "6": {
      "x": 0.3769230769230769,
      "y": 0.3090909090909091
    },
    "7": {
      "x": 0.3230769230769231,
      "y": 0.2
    },
    "8": {
      "x": 0.24615384615384617,
      "y": 0.15454545454545454
    },
    "9": {
      "x": 0.43846153846153846,
      "y": 0.6
    },
    "10": {
      "x": 0.5846153846153846,
      "y": 0.38181818181818183
    },
    "11": {
      "x": 0.6153846153846154,
      "y": 0.19090909090909092
    },
    "12": {
      "x": 0.6153846153846154,
      "y": 0.045454545454545456
    },
    "13": {
      "x": 0.5076923076923077,
      "y": 0.7
    },
    "14": {
      "x": 0.6692307692307692,
      "y": 0.5363636363636364
    },
    "15": {
      "x": 0.7153846153846154,
      "y": 0.37272727272727274
    },
    "16": {
      "x": 0.7384615384615385,
      "y": 0.23636363636363636
    },
    "17": {
      "x": 0.5538461538461539,
      "y": 0.8272727272727273
    },
    "18": {
      "x": 0.7461538461538462,
      "y": 0.7818181818181819
    },
    "19": {
      "x": 0.8692307692307693,
      "y": 0.7363636363636363
    },
    "20": {
      "x": 0.9615384615384616,
      "y": 0.6818181818181818
    }
  }
}