{
  "label": "ok",
  "dataset": {
    "0": {
      "x": 0.7058823529411765,
      "y": 0.9626865671641791
    },
    "1": {
      "x": 0.4588235294117647,
      "y": 0.9029850746268657
    },
    "2": {
      "x": 0.24705882352941178,
      "y": 0.8134328358208955
    },
    "3": {
      "x": 0.07058823529411765,
      "y": 0.7238805970149254
    },
    "4": {
      "x": 0.058823529411764705,
      "y": 0.6119402985074627
    },
    "5": {
      "x": 0.4823529411764706,
      "y": 0.5447761194029851
    },
    "6": {
      "x": 0.2823529411764706,
      "y": 0.4552238805970149
    },
    "7": {
      "x": 0.15294117647058825,
      "y": 0.5
    },
    "8": {
      "x": 0.10588235294117647,
      "y": 0.5597014925373134
    },
    "9": {
      "x": 0.5882352941176471,
      "y": 0.48507462686567165
    },
    "10": {
      "x": 0.5176470588235295,
      "y": 0.27611940298507465
    },
    "11": {
      "x": 0.4470588235294118,
      "y": 0.15671641791044777
    },
    "12": {
      "x": 0.3764705882352941,
      "y": 0.05223880597014925
    },
    "13": {
      "x": 0.7176470588235294,
      "y": 0.47761194029850745
    },
    "14": {
      "x": 0.7529411764705882,
      "y": 0.27611940298507465
    },
    "15": {
      "x": 0.7411764705882353,
      "y": 0.1417910447761194
    },
    "16": {
      "x": 0.6941176470588235,
      "y": 0.03731343283582089
    },
    "17": {
      "x": 0.8235294117647058,
      "y": 0.5223880597014925
    },
    "18": {
      "x": 0.8941176470588236,
      "y": 0.35074626865671643
    },
    "19": {
      "x": 0.9294117647058824,
      "y": 0.2462686567164179
    },
    "20": {
      "x": 0.9411764705882353,
      "y": 0.15671641791044777
    }
  }
}