{
  "label": "ok",
  "dataset": {
    "0": {
      "x": 0.759493670886076,
      "y": 0.9596774193548387
    },
    "1": {
      "x": 0.5063291139240507,
      "y": 0.8709677419354839
    },
    "2": {
      "x": 0.3037974683544304,
      "y": 0.7338709677419355
    },
    "3": {
      "x": 0.16455696202531644,
      "y": 0.6129032258064516
    },
    "4": {
      "x": 0.06329113924050633,
      "y": 0.5161290322580645
    },
    "5": {
      "x": 0.4430379746835443,
      "y": 0.5161290322580645
    },
    "6": {
      "x": 0.31645569620253167,
      "y": 0.3629032258064516
    },
    "7": {
      "x": 0.21518987341772153,
      "y": 0.3870967741935484
    },
    "8": {
      "x": 0.16455696202531644,
      "y": 0.4596774193548387
    },
    "9": {
      "x": 0.5569620253164557,
      "y": 0.47580645161290325
    },
    "10": {
      "x": 0.4430379746835443,
      "y": 0.2661290322580645
    },
    "11": {
      "x": 0.3670886075949367,
      "y": 0.13709677419354838
    },
    "12": {
      "x": 0.31645569620253167,
      "y": 0.04032258064516129
    },
    "13": {
      "x": 0.6962025316455697,
      "y": 0.46774193548387094
    },
    "14": {
      "x": 0.620253164556962,
      "y": 0.2661290322580645
    },
    "15": {
      "x": 0.5569620253164557,
      "y": 0.14516129032258066
    },
    "16": {
      "x": 0.5063291139240507,
      "y": 0.056451612903225805
    },
    "17": {
      "x": 0.8607594936708861,
      "y": 0.5080645161290323
    },
    "18": {
      "x": 0.8987341772151899,
      "y": 0.3467741935483871
    },
    "19": {
      "x": 0.9240506329113924,
      "y": 0.24193548387096775
    },
    "20": {
      "x": 0.9367088607594937,
      "y": 0.1532258064516129
    }
  }
}