{
  "label": "ok",
  "dataset": {
    "0": {
      "x": 0.8333333333333334,
      "y": 0.9609375
    },
    "1": {
      "x": 0.5641025641025641,
      "y": 0.90625
    },
    "2": {
      "x": 0.3333333333333333,
      "y": 0.796875
    },
    "3": {
      "x": 0.15384615384615385,
      "y": 0.7109375
    },
    "4": {
      "x": 0.0641025641025641,
      "y": 0.6171875
    },
    "5": {
      "x": 0.47435897435897434,
      "y": 0.546875
    },
    "6": {
      "x": 0.2948717948717949,
      "y": 0.453125
    },
    "7": {
      "x": 0.19230769230769232,
      "y": 0.5234375
    },
    "8": {
      "x": 0.1794871794871795,
      "y": 0.6171875
    },
    "9": {
      "x": 0.5897435897435898,
      "y": 0.4921875
    },
    "10": {
      "x": 0.44871794871794873,
      "y": 0.3046875
    },
    "11": {
      "x": 0.34615384615384615,
      "y": 0.1875
    },
    "12": {
      "x": 0.2692307692307692,
      "y": 0.078125
    },
    "13": {
      "x": 0.7307692307692307,
      "y": 0.4921875
    },
    "14": {
      "x": 0.6794871794871795,
      "y": 0.2890625
    },
    "15": {
      "x": 0.6153846153846154,
      "y": 0.1484375
    },
    "16": {
      "x": 0.5641025641025641,
      "y": 0.0390625
    },
    "17": {
      "x": 0.8846153846153846,
      "y": 0.5390625
    },
    "18": {
      "x": 0.9230769230769231,
      "y": 0.3828125
    },
    "19": {
      "x": 0.9358974358974359,
      "y": 0.2734375
    },
    "20": {
      "x": 0.9230769230769231,
      "y": 0.171875
    }
  }
}