{
  "label": "ok",
  "dataset": {
    "0": {
      "x": 0.4731182795698925,
      "y": 0.9576271186440678
    },
    "1": {
      "x": 0.6559139784946236,
      "y": 0.8728813559322034
    },
    "2": {
      "x": 0.7956989247311828,
      "y": 0.7796610169491526
    },
    "3": {
      "x": 0.9139784946236559,
      "y": 0.7033898305084746
    },
    "4": {
      "x": 0.946236559139785,
      "y": 0.6016949152542372
    },
    "5": {
      "x": 0.5591397849462365,
      "y": 0.5084745762711864
    },
    "6": {
      "x": 0.7311827956989247,
      "y": 0.423728813559322
    },
    "7": {
      "x": 0.8602150537634409,
      "y": 0.4745762711864407
    },
    "8": {
      "x": 0.9354838709677419,
      "y": 0.559322033898305
    },
    "9": {
      "x": 0.45161290322580644,
      "y": 0.4576271186440678
    },
    "10": {
      "x": 0.4731182795698925,
      "y": 0.23728813559322035
    },
    "11": {
      "x": 0.5806451612903226,
      "y": 0.11864406779661017
    },
    "12": {
      "x": 0.6881720430107527,
      "y": 0.0423728813559322
    },
    "13": {
      "x": 0.34408602150537637,
      "y": 0.4745762711864407
    },
    "14": {
      "x": 0.27956989247311825,
      "y": 0.2711864406779661
    },
    "15": {
      "x": 0.3225806451612903,
      "y": 0.1440677966101695
    },
    "16": {
      "x": 0.3978494623655914,
      "y": 0.0423728813559322
    },
    "17": {
      "x": 0.25806451612903225,
      "y": 0.5508474576271186
    },
    "18": {
      "x": 0.13978494623655913,
      "y": 0.423728813559322
    },
    "19": {
      "x": 0.07526881720430108,
      "y": 0.3135593220338983
    },
    "20": {
      "x": 0.053763440860215055,
      "y": 0.22033898305084745
    }
  }
}